id,Status_C,Status_CL,Status_D
15000,0.9013392,0.06378652,0.034874268
15001,0.46623,0.023150763,0.5106192
15002,0.98983455,0.0010843072,0.009081162
15003,0.9664179,0.010066574,0.023515526
15004,0.9753611,0.010877956,0.013760936
15005,0.26154372,0.006275394,0.7321809
15006,0.7136166,0.017848425,0.26853502
15007,0.966225,0.0031313214,0.030643677
15008,0.96890926,0.0055162786,0.025574416
15009,0.65567476,0.03364451,0.31068075
15010,0.93232685,0.02500169,0.042671416
15011,0.21511279,0.016087482,0.7687998
15012,0.76571685,0.010131033,0.22415213
15013,0.989696,0.0013719884,0.0089320475
15014,0.9608553,0.015259,0.023885695
15015,0.613741,0.16229527,0.22396374
15016,0.58118033,0.011759449,0.40706027
15017,0.9772306,0.0022834323,0.02048595
15018,0.8200447,0.0041977973,0.17575745
15019,0.94681567,0.026102385,0.027081888
15020,0.76784015,0.007346621,0.22481322
15021,0.9786467,0.0026682243,0.018685143
15022,0.35999078,0.011313538,0.62869567
15023,0.19302523,0.026552476,0.78042233
15024,0.82586,0.0105369575,0.16360304
15025,0.77773565,0.10165728,0.120607026
15026,0.86315364,0.008854153,0.12799218
15027,0.9686829,0.0075253476,0.023791732
15028,0.035947334,0.0034051156,0.9606476
15029,0.9405239,0.004048199,0.05542784
15030,0.45551172,0.07127302,0.47321528
15031,0.6334319,0.005134445,0.3614336
15032,0.0049740677,0.0004546033,0.99457127
15033,0.31262437,0.0125251915,0.67485046
15034,0.716775,0.06633246,0.21689253
15035,0.80452067,0.040527396,0.15495197
15036,0.33229294,0.2536661,0.41404092
15037,0.89215255,0.014706197,0.09314129
15038,0.7594829,0.0099803675,0.23053671
15039,0.7752388,0.016392088,0.20836908
15040,0.062350065,0.0047722263,0.9328777
15041,0.9831192,0.0042025615,0.012678262
15042,0.11581908,0.00851658,0.87566435
15043,0.9330949,0.0079943845,0.058910694
15044,0.13017295,0.0055948542,0.86423224
15045,0.96600705,0.009103978,0.024888985
15046,0.8582585,0.012499895,0.12924168
15047,0.043958038,0.0062843156,0.94975764
15048,0.9655556,0.002304689,0.032139767
15049,0.96908087,0.0017662988,0.029152878
15050,0.08756995,0.010942899,0.9014871
15051,0.9164718,0.031176725,0.05235147
15052,0.97882664,0.007301945,0.013871424
15053,0.07744215,0.00622363,0.9163342
15054,0.015917433,0.0019147133,0.98216784
15055,0.9613256,0.0048502926,0.03382411
15056,0.5105465,0.015757168,0.47369635
15057,0.8835548,0.008313395,0.10813176
15058,0.90588176,0.0030854717,0.09103283
15059,0.17621024,0.0073747067,0.816415
15060,0.8889745,0.0050198347,0.106005624
15061,0.7890135,0.020789294,0.19019717
15062,0.4135465,0.5016493,0.084804185
15063,0.93523675,0.0049058306,0.05985742
15064,0.06573688,0.03650456,0.8977586
15065,0.96789473,0.0021004279,0.030004831
15066,0.97975117,0.0013817884,0.018867074
15067,0.08026949,0.060511664,0.8592189
15068,0.91746616,0.0036362058,0.078897595
15069,0.95149595,0.0067919916,0.041712057
15070,0.95059925,0.007826254,0.041574493
15071,0.97956586,0.0024835942,0.01795059
15072,0.3998775,0.005538319,0.59458417
15073,0.031629033,0.005302047,0.96306896
15074,0.9450894,0.012717094,0.04219345
15075,0.46305194,0.009824872,0.5271232
15076,0.91648316,0.0029660047,0.080550805
15077,0.9688451,0.010995978,0.0201589
15078,0.96900606,0.0018442805,0.029149627
15079,0.9619653,0.0042896015,0.03374509
15080,0.82233405,0.022572858,0.15509309
15081,0.015742792,0.007571859,0.97668535
15082,0.8331652,0.027142573,0.13969228
15083,0.5198188,0.061391372,0.41878986
15084,0.9694081,0.004096545,0.026495395
15085,0.9376788,0.0029577268,0.05936341
15086,0.28657788,0.00939452,0.70402753
15087,0.93898946,0.0074828784,0.05352769
15088,0.81094784,0.010824998,0.17822722
15089,0.9786068,0.0032082337,0.018184986
15090,0.07471543,0.021754941,0.90352964
15091,0.7237678,0.0062912204,0.26994097
15092,0.8137642,0.0117181875,0.17451762
15093,0.6394553,0.008212781,0.35233194
15094,0.006179255,0.0007108424,0.99310994
15095,0.055541746,0.003005189,0.9414531
15096,0.97165406,0.009420872,0.018925132
15097,0.048207197,0.008537613,0.9432552
15098,0.97518325,0.0033827105,0.021434061
15099,0.901675,0.02640849,0.071916476
15100,0.09146441,0.005751626,0.90278393
15101,0.82339203,0.013160716,0.16344725
15102,0.4047462,0.037604906,0.55764896
15103,0.12673138,0.05169228,0.8215763
15104,0.9819864,0.0062317615,0.011781869
15105,0.02072072,0.0036418492,0.97563744
15106,0.9440645,0.008955223,0.046980288
15107,0.9580609,0.0031810054,0.038758103
15108,0.8395035,0.07222068,0.08827585
15109,0.613675,0.015538265,0.3707867
15110,0.95584416,0.013611713,0.030544147
15111,0.04763737,0.075350516,0.87701213
15112,0.5870168,0.13483362,0.27814957
15113,0.4316183,0.14901966,0.41936207
15114,0.06301246,0.002956903,0.93403065
15115,0.9569945,0.00673958,0.03626591
15116,0.9725719,0.0019355122,0.025492536
15117,0.97885966,0.0023660327,0.0187743
15118,0.61854523,0.010247037,0.37120768
15119,0.019642925,0.0025948053,0.9777623
15120,0.1881651,0.006920535,0.80491436
15121,0.4552827,0.027250694,0.5174666
15122,0.81997836,0.085343935,0.094677776
15123,0.9709572,0.0024640968,0.026578702
15124,0.97301066,0.006207369,0.020781962
15125,0.16742067,0.051838957,0.7807404
15126,0.80544287,0.017956778,0.17660035
15127,0.94068277,0.0049292594,0.054388013
15128,0.9408357,0.02006984,0.03909443
15129,0.21069376,0.052630685,0.73667556
15130,0.9324399,0.037852045,0.029708037
15131,0.32938126,0.025696909,0.6449218
15132,0.93092203,0.0073655187,0.061712496
15133,0.903479,0.004532706,0.09198835
15134,0.9729433,0.0025518013,0.024504963
15135,0.18793945,0.01164204,0.80041856
15136,0.011523593,0.00394323,0.98453325
15137,0.9603071,0.0042657056,0.035427228
15138,0.638776,0.009329381,0.35189468
15139,0.9240492,0.0026755733,0.07327529
15140,0.9655105,0.0074425093,0.027047064
15141,0.81322855,0.13725807,0.04951337
15142,0.6847328,0.03072747,0.28453976
15143,0.824208,0.008516705,0.16727531
15144,0.8137522,0.09807237,0.088175476
15145,0.90604806,0.004018557,0.089933366
15146,0.95027494,0.034387928,0.015337089
15147,0.9107769,0.0032697802,0.08595326
15148,0.96177065,0.0028497735,0.03537958
15149,0.37772664,0.021451114,0.60082227
15150,0.97225225,0.0021229694,0.025624773
15151,0.025431886,0.0021870385,0.97238106
15152,0.3564655,0.024163136,0.61937135
15153,0.034296043,0.0033958035,0.96230817
15154,0.9696545,0.0018895536,0.028455995
15155,0.93984675,0.008310984,0.051842272
15156,0.96893454,0.0035463145,0.027519148
15157,0.763291,0.010451284,0.22625768
15158,0.8765762,0.010980304,0.112443484
15159,0.147124,0.009957589,0.84291846
15160,0.36421397,0.19493583,0.44085017
15161,0.13033895,0.64970773,0.21995327
15162,0.80519587,0.16548969,0.02931438
15163,0.32922697,0.02649296,0.64428
15164,0.11393334,0.0082216775,0.87784505
15165,0.49808258,0.011637789,0.49027964
15166,0.023964902,0.003121861,0.97291327
15167,0.35960588,0.009288553,0.6311056
15168,0.9153877,0.0053935684,0.07921876
15169,0.0069675376,0.0024064786,0.990626
15170,0.14902395,0.09048791,0.7604881
15171,0.11685136,0.0024291482,0.8807195
15172,0.44439137,0.008190731,0.54741794
15173,0.9416461,0.0065413294,0.051812593
15174,0.98853207,0.0013456997,0.010122243
15175,0.9547654,0.0037660392,0.041468587
15176,0.04158379,0.021524066,0.93689215
15177,0.94707596,0.007466107,0.045457955
15178,0.3556767,0.011732434,0.6325909
15179,0.013749994,0.014477408,0.97177255
15180,0.5694132,0.015359303,0.4152275
15181,0.44874212,0.03923559,0.51202226
15182,0.08574198,0.0033066745,0.9109514
15183,0.8205882,0.026169084,0.15324269
15184,0.9503739,0.012686771,0.0369394
15185,0.69001234,0.044543065,0.26544464
15186,0.9503074,0.02442592,0.025266612
15187,0.9734455,0.00576164,0.020792853
15188,0.64122295,0.022474712,0.33630234
15189,0.8659563,0.08903358,0.04501013
15190,0.674386,0.015621204,0.30999276
15191,0.15581647,0.006138569,0.83804494
15192,0.027891483,0.004544576,0.9675639
15193,0.020620635,0.004821838,0.9745575
15194,0.97769344,0.0016511783,0.020655375
15195,0.8389767,0.01153836,0.14948502
15196,0.03100278,0.007976122,0.96102107
15197,0.0125338845,0.0010000902,0.986466
15198,0.9898683,0.00081810285,0.009313612
15199,0.37924045,0.023278197,0.5974813
15200,0.97041017,0.0034197143,0.02617009
15201,0.7712772,0.036716346,0.19200653
15202,0.9900523,0.00091035163,0.009037313
15203,0.8538854,0.009193012,0.13692153
15204,0.14945385,0.0064623505,0.84408385
15205,0.94172376,0.006022633,0.0522536
15206,0.3578964,0.2455384,0.39656523
15207,0.9739767,0.0031812277,0.022842094
15208,0.36212876,0.020319063,0.6175522
15209,0.713535,0.013390914,0.2730741
15210,0.49635664,0.009902406,0.49374095
15211,0.660037,0.046489663,0.29347333
15212,0.9824223,0.0014783861,0.016099365
15213,0.7273779,0.05801188,0.21461016
15214,0.8887465,0.006534474,0.10471905
15215,0.6170342,0.1446798,0.238286
15216,0.7797481,0.0054569133,0.214795
15217,0.7070382,0.020359052,0.2726028
15218,0.29518294,0.007614629,0.6972024
15219,0.032630786,0.0044310167,0.9629382
15220,0.9700825,0.0020695,0.027848044
15221,0.80512124,0.0061228722,0.18875587
15222,0.9856976,0.0029646954,0.011337651
15223,0.9494352,0.0029468138,0.047618054
15224,0.0678143,0.05607049,0.87611526
15225,0.74641603,0.007626098,0.24595787
15226,0.9612841,0.004722871,0.033993095
15227,0.9750504,0.0043843635,0.020565243
15228,0.027456481,0.004969885,0.96757364
15229,0.39545938,0.042247407,0.56229323
15230,0.9006436,0.025141783,0.07421461
15231,0.97729844,0.004683004,0.018018607
15232,0.92795044,0.017165689,0.05488382
15233,0.832118,0.10935004,0.058532003
15234,0.967907,0.0024381713,0.029654836
15235,0.89731956,0.011725831,0.09095465
15236,0.9277727,0.0020939116,0.07013334
15237,0.97960997,0.00527933,0.015110706
15238,0.9121361,0.0038661624,0.08399773
15239,0.023997333,0.0014865688,0.9745161
15240,0.9606645,0.0020706821,0.037264798
15241,0.9704487,0.0017810946,0.027770165
15242,0.8785285,0.009947178,0.11152436
15243,0.9511589,0.018195009,0.030646123
15244,0.0997914,0.013755589,0.88645303
15245,0.92912036,0.0068700737,0.06400957
15246,0.9271185,0.03147843,0.041403033
15247,0.8537081,0.0046947426,0.14159718
15248,0.004275023,0.0023844286,0.99334055
15249,0.875859,0.0071376907,0.11700326
15250,0.17335543,0.121825136,0.70481944
15251,0.9666803,0.018129775,0.015189918
15252,0.92320406,0.05191134,0.024884587
15253,0.8417077,0.033329338,0.124963
15254,0.90169513,0.0043899287,0.09391493
15255,0.07025132,0.029990757,0.8997579
15256,0.34347692,0.028405135,0.6281179
15257,0.95038843,0.0031863484,0.046425194
15258,0.5350849,0.010477986,0.45443717
15259,0.97735506,0.0027103077,0.019934667
15260,0.02787583,0.0036935,0.96843064
15261,0.91764486,0.0054206504,0.07693457
15262,0.95317715,0.008801472,0.03802135
15263,0.97082686,0.0036453463,0.025527826
15264,0.9192322,0.0036208984,0.07714689
15265,0.9419838,0.004615661,0.05340054
15266,0.6090936,0.011739975,0.37916645
15267,0.37135363,0.025461296,0.60318506
15268,0.9552328,0.0076604756,0.03710677
15269,0.24812523,0.027923787,0.723951
15270,0.14977688,0.02734476,0.82287836
15271,0.97745323,0.0028570474,0.019689718
15272,0.9778374,0.0038746165,0.018287944
15273,0.9728793,0.0016528453,0.025467822
15274,0.7958822,0.010683401,0.19343436
15275,0.70963496,0.015583961,0.27478108
15276,0.98096436,0.004850086,0.014185515
15277,0.9781121,0.0029050233,0.01898289
15278,0.098939225,0.005689462,0.8953714
15279,0.44579262,0.012110402,0.542097
15280,0.96250266,0.0032178946,0.034279417
15281,0.045422524,0.0035381708,0.9510393
15282,0.8967081,0.05459616,0.048695806
15283,0.97924656,0.0023202694,0.018433144
15284,0.6479707,0.04361736,0.30841193
15285,0.9745088,0.0029549287,0.022536293
15286,0.9568549,0.0068884087,0.036256768
15287,0.76656204,0.013699202,0.21973875
15288,0.95113635,0.004041009,0.044822663
15289,0.981474,0.003979219,0.014546775
15290,0.08294412,0.0052763834,0.9117795
15291,0.901738,0.012011397,0.08625063
15292,0.078572124,0.014269755,0.9071581
15293,0.9451848,0.019633366,0.0351818
15294,0.98843795,0.0025558798,0.0090061575
15295,0.8656251,0.0045058117,0.1298691
15296,0.46371236,0.020059356,0.51622826
15297,0.0362564,0.004639704,0.9591038
15298,0.610981,0.34750745,0.041511573
15299,0.67101514,0.014141782,0.31484306
15300,0.9700548,0.0015098928,0.028435312
15301,0.6283848,0.01769367,0.35392153
15302,0.8800272,0.0054791337,0.11449374
15303,0.9705499,0.0039106198,0.025539543
15304,0.8326674,0.019438308,0.14789422
15305,0.910625,0.0038132842,0.085561775
15306,0.91103107,0.0048562144,0.084112704
15307,0.9718331,0.002577443,0.025589392
15308,0.97578543,0.0030014385,0.021213122
15309,0.93723273,0.0051358882,0.05763141
15310,0.96069235,0.0033198611,0.035987753
15311,0.8193574,0.013975078,0.16666755
15312,0.008485635,0.010531537,0.98098284
15313,0.9802044,0.0026215035,0.017174043
15314,0.051939335,0.0027616306,0.945299
15315,0.9459175,0.002511315,0.051571205
15316,0.19744651,0.033666663,0.7688868
15317,0.37567547,0.0075095445,0.616815
15318,0.2245027,0.0092456415,0.7662516
15319,0.74511886,0.037344392,0.21753672
15320,0.003297276,0.00050717307,0.99619555
15321,0.9352865,0.009256224,0.055457268
15322,0.5277954,0.37995678,0.09224788
15323,0.96022797,0.01698914,0.022782885
15324,0.8501431,0.0049419245,0.14491504
15325,0.9575138,0.0035949117,0.03889129
15326,0.09820359,0.027446298,0.87435013
15327,0.039948016,0.012557942,0.94749403
15328,0.682066,0.0087344125,0.30919957
15329,0.8821741,0.016186778,0.10163914
15330,0.44801757,0.044229,0.5077534
15331,0.9119511,0.0063897106,0.08165913
15332,0.3792165,0.13076007,0.49002346
15333,0.87068176,0.06959489,0.059723366
15334,0.5547236,0.013333486,0.43194294
15335,0.916227,0.025328688,0.058444265
15336,0.9460094,0.0113451,0.042645514
15337,0.3923496,0.028637324,0.5790131
15338,0.9187582,0.004676831,0.076564915
15339,0.89109385,0.01140357,0.09750256
15340,0.27576745,0.006709277,0.7175233
15341,0.18176085,0.005767441,0.81247175
15342,0.32146242,0.057324342,0.62121326
15343,0.8169987,0.005768791,0.17723244
15344,0.92553777,0.0025137546,0.07194844
15345,0.6848931,0.010538217,0.30456874
15346,0.6028857,0.012024605,0.38508967
15347,0.27164242,0.006518385,0.7218392
15348,0.97527313,0.003117557,0.021609288
15349,0.7693057,0.05854138,0.17215295
15350,0.98626816,0.0011058828,0.012626018
15351,0.94838196,0.0056124106,0.046005663
15352,0.4769177,0.014756779,0.5083255
15353,0.51196975,0.039048985,0.4489813
15354,0.44268695,0.017533861,0.5397792
15355,0.9613362,0.009260257,0.029403562
15356,0.97886,0.0026498635,0.018490117
15357,0.9514219,0.003425339,0.04515273
15358,0.9296058,0.003070374,0.067323826
15359,0.09962762,0.0057476945,0.8946247
15360,0.89541435,0.0114207845,0.093164824
15361,0.059232686,0.0021176268,0.93864965
15362,0.9716955,0.013661914,0.0146426475
15363,0.02883979,0.0031567242,0.9680035
15364,0.9423898,0.005596103,0.05201418
15365,0.5349876,0.03794699,0.42706534
15366,0.9737688,0.0043520276,0.021879237
15367,0.9601866,0.004486009,0.035327416
15368,0.8571408,0.0143373385,0.12852192
15369,0.97859246,0.0032931583,0.018114401
15370,0.36262083,0.09486179,0.5425174
15371,0.9571252,0.0028580187,0.040016826
15372,0.15846552,0.030139172,0.8113953
15373,0.8400097,0.0055337977,0.15445653
15374,0.9655815,0.0016182046,0.032800246
15375,0.92281765,0.0026613083,0.07452108
15376,0.9520474,0.004979628,0.0429729
15377,0.536211,0.017580235,0.44620872
15378,0.14155193,0.011408984,0.8470391
15379,0.09533283,0.0039966586,0.90067047
15380,0.40548414,0.018348087,0.57616776
15381,0.9671541,0.0020549719,0.030790955
15382,0.010456147,0.002591842,0.98695207
15383,0.9440271,0.001953958,0.054018866
15384,0.034991093,0.010563836,0.95444506
15385,0.9359008,0.005168466,0.058930695
15386,0.89674777,0.0104642445,0.092788056
15387,0.6956949,0.031965178,0.27233994
15388,0.57412744,0.027760036,0.39811257
15389,0.97552186,0.0013159475,0.023162208
15390,0.5596637,0.032146223,0.40819004
15391,0.094546124,0.0093922205,0.8960616
15392,0.74656224,0.021728385,0.23170938
15393,0.4783247,0.0254671,0.49620813
15394,0.24582931,0.04536331,0.7088074
15395,0.9667936,0.0014634925,0.031742867
15396,0.9623888,0.0023471802,0.035263997
15397,0.2213343,0.016111458,0.7625542
15398,0.84246767,0.019520825,0.13801152
15399,0.93848723,0.018337652,0.043175165
15400,0.012936007,0.00083984365,0.9862242
15401,0.93753654,0.011489391,0.050974082
15402,0.98219085,0.003455146,0.014353997
15403,0.38994455,0.010312851,0.59974265
15404,0.06914209,0.17875305,0.7521048
15405,0.42567104,0.019196702,0.5551322
15406,0.953991,0.0105417725,0.035467215
15407,0.9067971,0.003779979,0.08942293
15408,0.96972007,0.0020505853,0.028229397
15409,0.87442577,0.017800303,0.107773885
15410,0.62144077,0.14151663,0.2370426
15411,0.88676155,0.017879741,0.09535869
15412,0.48510593,0.17352882,0.34136528
15413,0.92716205,0.017627303,0.055210654
15414,0.97191024,0.001961484,0.026128266
15415,0.5391158,0.02287663,0.43800756
15416,0.029639903,0.004910964,0.96544915
15417,0.0069923024,0.0012925703,0.99171513
15418,0.008447727,0.0014882986,0.99006397
15419,0.9593638,0.02070197,0.01993422
15420,0.21734498,0.10731845,0.67533654
15421,0.9709473,0.005669781,0.023382947
15422,0.098195,0.031428915,0.87037605
15423,0.50811607,0.0096483845,0.48223555
15424,0.47321358,0.009688229,0.5170982
15425,0.93045366,0.01130015,0.058246184
15426,0.5087426,0.2866563,0.20460114
15427,0.9850963,0.0013389968,0.013564761
15428,0.89894646,0.0056271153,0.095426425
15429,0.93748677,0.0062952726,0.056218017
15430,0.1128682,0.0062259496,0.8809058
15431,0.013507923,0.0018300968,0.98466194
15432,0.8864669,0.013662483,0.099870555
15433,0.97993314,0.002383763,0.01768305
15434,0.93577427,0.0036177984,0.060607962
15435,0.4230714,0.015084975,0.56184363
15436,0.9671387,0.0037874382,0.029073877
15437,0.6736957,0.017388113,0.3089162
15438,0.4776883,0.078968674,0.443343
15439,0.960757,0.015695665,0.023547271
15440,0.89650565,0.0042128516,0.09928146
15441,0.12546071,0.38799682,0.48654252
15442,0.21786903,0.17035264,0.6117783
15443,0.9701838,0.0058338596,0.0239823
15444,0.9732218,0.0016501441,0.025128057
15445,0.09909259,0.01336476,0.8875426
15446,0.5374473,0.009067706,0.45348504
15447,0.9894872,0.0014922481,0.009020563
15448,0.8897658,0.0062932037,0.10394094
15449,0.84098876,0.0067886584,0.15222259
15450,0.93837553,0.002337497,0.059287
15451,0.9502122,0.0143453255,0.03544253
15452,0.07364082,0.0072731758,0.919086
15453,0.97319883,0.007287212,0.01951399
15454,0.96599346,0.0024978982,0.031508587
15455,0.81526643,0.009058191,0.1756754
15456,0.49017105,0.026250917,0.48357797
15457,0.814884,0.00872999,0.176386
15458,0.6051852,0.014680805,0.38013402
15459,0.97928053,0.0020959165,0.018623551
15460,0.89064544,0.0043774196,0.104977205
15461,0.010813045,0.0011441516,0.98804283
15462,0.96287507,0.009670355,0.027454553
15463,0.6381323,0.016594082,0.34527364
15464,0.8967878,0.06980544,0.033406705
15465,0.1055126,0.052133735,0.8423537
15466,0.86930406,0.007070695,0.12362524
15467,0.9532971,0.03246746,0.014235511
15468,0.98065156,0.0018816373,0.017466854
15469,0.3289419,0.009858132,0.6611999
15470,0.95727235,0.0039087725,0.03881891
15471,0.94418913,0.002667562,0.05314332
15472,0.42037433,0.008822735,0.5708029
15473,0.16371039,0.028698122,0.8075915
15474,0.8450172,0.0062265988,0.1487562
15475,0.23128238,0.0033091826,0.76540846
15476,0.96037316,0.0060896203,0.033537168
15477,0.05179259,0.00194483,0.94626254
15478,0.340679,0.49292943,0.16639163
15479,0.9822551,0.0041639893,0.013580947
15480,0.95845926,0.021207716,0.020332998
15481,0.28431678,0.03636302,0.6793202
15482,0.93322265,0.008161741,0.058615547
15483,0.98707145,0.0023585025,0.010570015
15484,0.92539483,0.003995037,0.070610076
15485,0.98022825,0.0016499505,0.018121824
15486,0.00943679,0.0027045405,0.98785865
15487,0.8886859,0.06271324,0.0486009
15488,0.90088636,0.018874466,0.08023916
15489,0.9730672,0.0048607467,0.022072041
15490,0.78112984,0.010879746,0.20799042
15491,0.018995654,0.0014560616,0.97954834
15492,0.9758237,0.001586964,0.022589378
15493,0.16289672,0.010615076,0.8264882
15494,0.15804893,0.011720892,0.83023024
15495,0.18821853,0.02488757,0.78689384
15496,0.03439944,0.00210585,0.9634947
15497,0.9023294,0.017706525,0.07996405
15498,0.043471184,0.0074384348,0.94909036
15499,0.87650687,0.00466737,0.11882576
15500,0.9744133,0.0064741755,0.019112552
15501,0.9359244,0.0026872049,0.061388362
15502,0.9415237,0.020798776,0.037677523
15503,0.9653073,0.006479966,0.02821275
15504,0.96107876,0.0031845167,0.035736684
15505,0.96359885,0.0040585683,0.032342535
15506,0.97971284,0.0015448782,0.018742323
15507,0.20478536,0.026762743,0.7684519
15508,0.5639937,0.22565508,0.21035123
15509,0.9769455,0.0017804016,0.021274079
15510,0.8186064,0.0039649876,0.17742865
15511,0.8927606,0.0036506108,0.10358875
15512,0.93579483,0.0062410715,0.05796413
15513,0.9038942,0.019643916,0.0764619
15514,0.05491078,0.011174773,0.9339144
15515,0.8498818,0.0065642404,0.1435539
15516,0.44241637,0.008598447,0.5489852
15517,0.3045225,0.0063716434,0.6891058
15518,0.87597644,0.009343414,0.114680104
15519,0.7480584,0.012064038,0.23987754
15520,0.9751221,0.0018776584,0.023000238
15521,0.33783647,0.006994163,0.65516937
15522,0.9556017,0.009738165,0.0346602
15523,0.68538564,0.013665662,0.3009487
15524,0.38134894,0.013261753,0.6053893
15525,0.57744455,0.008299863,0.4142556
15526,0.18248428,0.058368046,0.7591477
15527,0.21532297,0.0070228796,0.7776541
15528,0.97316957,0.0015673854,0.025263043
15529,0.1401714,0.013699855,0.8461287
15530,0.6692588,0.032069504,0.29867175
15531,0.90023535,0.00488829,0.09487635
15532,0.9695879,0.00366079,0.026751349
15533,0.9606577,0.0030681484,0.0362742
15534,0.97166944,0.0020749485,0.02625558
15535,0.7050027,0.023361959,0.2716353
15536,0.20610124,0.04325461,0.7506442
15537,0.1824577,0.0057812897,0.81176096
15538,0.14144583,0.0042338204,0.85432035
15539,0.9521278,0.00299089,0.04488124
15540,0.10142423,0.0041212216,0.89445454
15541,0.32935122,0.5608898,0.109758995
15542,0.95163023,0.0035705655,0.044799235
15543,0.8091484,0.011234908,0.17961669
15544,0.2742794,0.010256721,0.7154639
15545,0.13958514,0.008673346,0.8517415
15546,0.76231104,0.010695827,0.22699308
15547,0.77531797,0.012310903,0.21237111
15548,0.9278816,0.0037857166,0.068332665
15549,0.9624465,0.0069506653,0.030602751
15550,0.6367316,0.012424209,0.35084414
15551,0.977453,0.0049338043,0.017613165
15552,0.014129743,0.001977393,0.9838929
15553,0.8818174,0.02130315,0.096879475
15554,0.59826696,0.0067638857,0.3949692
15555,0.3435912,0.08789309,0.56851566
15556,0.52904356,0.0072689606,0.46368745
15557,0.26559392,0.11338734,0.6210187
15558,0.22873294,0.0069087734,0.7643583
15559,0.9714163,0.0022919446,0.026291756
15560,0.21761385,0.019895805,0.7624904
15561,0.92155904,0.02174452,0.056696415
15562,0.02334265,0.012655228,0.9640022
15563,0.86432636,0.0060463664,0.1296273
15564,0.06660339,0.01893264,0.914464
15565,0.60379916,0.011905181,0.3842957
15566,0.527572,0.010326342,0.4621016
15567,0.54472655,0.041463204,0.41381025
15568,0.6731022,0.011333134,0.31556472
15569,0.9715755,0.0040886095,0.024335962
15570,0.9733507,0.0023203504,0.024328917
15571,0.034746572,0.012462917,0.95279056
15572,0.96229684,0.0037252582,0.033977866
15573,0.96719813,0.015819695,0.016982157
15574,0.9477142,0.0028867754,0.04939899
15575,0.9568273,0.0061046355,0.037068106
15576,0.94389945,0.012181596,0.043918952
15577,0.9765534,0.0019778297,0.02146879
15578,0.9915427,0.001274769,0.0071825157
15579,0.3995864,0.036587615,0.56382596
15580,0.9870345,0.0012920001,0.011673522
15581,0.9773641,0.0036300444,0.019005856
15582,0.008210382,0.0033198402,0.9884697
15583,0.05347433,0.105075784,0.84144986
15584,0.10968967,0.0067681344,0.88354224
15585,0.0503054,0.011422845,0.9382717
15586,0.35133147,0.048497356,0.60017115
15587,0.9160454,0.029734138,0.054220397
15588,0.7698525,0.06046452,0.1696829
15589,0.30172548,0.10714936,0.59112513
15590,0.33915365,0.005227191,0.6556192
15591,0.9735878,0.0016147748,0.02479737
15592,0.10854986,0.009957593,0.8814925
15593,0.33249575,0.09057859,0.57692564
15594,0.6050401,0.052075308,0.34288463
15595,0.9163961,0.02023503,0.0633689
15596,0.64702445,0.008369733,0.34460583
15597,0.97468626,0.0012599844,0.024053816
15598,0.9804177,0.0037275662,0.015854686
15599,0.07874008,0.009615114,0.9116448
15600,0.94586295,0.0035938125,0.0505432
15601,0.45159584,0.071593255,0.47681093
15602,0.56800336,0.010028217,0.42196843
15603,0.9629236,0.0054797125,0.031596754
15604,0.9645747,0.0027964618,0.03262889
15605,0.8393865,0.017128946,0.14348456
15606,0.6681867,0.035422884,0.29639035
15607,0.7769377,0.039940745,0.18312152
15608,0.009171031,0.0058435197,0.9849855
15609,0.79074204,0.026364502,0.18289348
15610,0.8670603,0.0067847413,0.12615494
15611,0.8541852,0.0046579232,0.14115684
15612,0.86989,0.0851906,0.044919454
15613,0.41955703,0.012316125,0.56812686
15614,0.9329965,0.008842527,0.05816094
15615,0.9438431,0.00536096,0.05079587
15616,0.94227016,0.009071719,0.048658106
15617,0.9113414,0.044501152,0.044157367
15618,0.12922135,0.004535032,0.8662436
15619,0.96016926,0.0022407884,0.037589923
15620,0.97492355,0.0019229328,0.023153538
15621,0.04102444,0.007003587,0.951972
15622,0.8483254,0.12448244,0.027192194
15623,0.96513945,0.0028818315,0.031978663
15624,0.8610699,0.0049777143,0.13395233
15625,0.9293111,0.0063364776,0.06435236
15626,0.6519591,0.008562585,0.33947828
15627,0.9598292,0.0029605518,0.037210178
15628,0.9527901,0.0048305364,0.04237936
15629,0.045293525,0.067257196,0.88744926
15630,0.8698855,0.0049571223,0.12515733
15631,0.9364523,0.006404377,0.05714325
15632,0.028648488,0.012645176,0.9587064
15633,0.7810343,0.0061021997,0.21286356
15634,0.8848122,0.002740462,0.11244737
15635,0.9737325,0.002473461,0.023794083
15636,0.19194643,0.011162574,0.79689103
15637,0.948328,0.0048009036,0.046871033
15638,0.54310375,0.018466534,0.43842968
15639,0.9713859,0.002803122,0.025810996
15640,0.09374153,0.014700262,0.89155823
15641,0.02396591,0.035976525,0.9400575
15642,0.9253315,0.005619416,0.06904917
15643,0.96989644,0.0030451156,0.027058488
15644,0.98003024,0.0038175099,0.01615221
15645,0.47516835,0.057221595,0.46761006
15646,0.9188831,0.0066736205,0.07444321
15647,0.8241626,0.10900631,0.06683113
15648,0.9220662,0.003967637,0.07396613
15649,0.9749009,0.0043133297,0.020785708
15650,0.97185916,0.00799704,0.020143779
15651,0.86375225,0.007163257,0.12908454
15652,0.016191544,0.0019147941,0.98189366
15653,0.9849363,0.0026094976,0.012454145
15654,0.92477673,0.0062401267,0.06898314
15655,0.7615541,0.045495175,0.1929507
15656,0.9673639,0.0025402862,0.030095901
15657,0.96138865,0.0027288324,0.03588254
15658,0.9108695,0.027084073,0.062046397
15659,0.029578606,0.0028219048,0.9675995
15660,0.96568453,0.001831642,0.03248382
15661,0.97286755,0.0019432936,0.025189085
15662,0.066758595,0.009259708,0.92398167
15663,0.7902142,0.006451201,0.20333461
15664,0.43967375,0.0068064006,0.55351985
15665,0.98058414,0.0041058306,0.0153100155
15666,0.96914065,0.0057439534,0.02511541
15667,0.9647459,0.0066289697,0.028625175
15668,0.007570594,0.00249056,0.98993886
15669,0.9015206,0.008022007,0.090457335
15670,0.9845636,0.00090867997,0.014527695
15671,0.9835223,0.0052071484,0.011270537
15672,0.0123019805,0.011995169,0.9757028
15673,0.73764914,0.0035178503,0.25883302
15674,0.9708326,0.0061314865,0.023035945
15675,0.5397643,0.039295528,0.4209402
15676,0.37391952,0.005204518,0.62087595
15677,0.57128954,0.011848348,0.41686216
15678,0.54295564,0.013177519,0.44386685
15679,0.20950161,0.24524264,0.5452558
15680,0.96646535,0.002252828,0.031281777
15681,0.9850315,0.0013084607,0.013660009
15682,0.089381464,0.015639443,0.8949791
15683,0.8679603,0.046518907,0.08552082
15684,0.9628369,0.014660131,0.02250291
15685,0.96967334,0.0069721923,0.023354432
15686,0.665229,0.010827719,0.32394326
15687,0.086366884,0.004537597,0.9090955
15688,0.1259633,0.009207038,0.86482966
15689,0.9786768,0.0064819106,0.0148412455
15690,0.92789346,0.004938529,0.06716804
15691,0.8508011,0.0620841,0.087114796
15692,0.79645354,0.005042738,0.19850373
15693,0.3896807,0.02945132,0.580868
15694,0.022958696,0.009357598,0.9676837
15695,0.92512053,0.030913198,0.043966275
15696,0.85562474,0.009012802,0.13536252
15697,0.96461964,0.0065307063,0.028849632
15698,0.801198,0.0076485337,0.19115348
15699,0.980298,0.0034236535,0.01627835
15700,0.76002836,0.07275379,0.16721787
15701,0.07297819,0.030403884,0.8966179
15702,0.6499258,0.053323027,0.29675114
15703,0.9607214,0.0029900505,0.0362886
15704,0.38743773,0.0057034614,0.60685885
15705,0.94955176,0.009179782,0.041268405
15706,0.9597351,0.0022245527,0.038040303
15707,0.8400226,0.005317799,0.15465958
15708,0.97914165,0.008422234,0.012436173
15709,0.9603085,0.010864864,0.028826589
15710,0.3496281,0.014674301,0.6356976
15711,0.9736356,0.0022380925,0.024126248
15712,0.56089324,0.014530735,0.424576
15713,0.7808278,0.028922223,0.19025
15714,0.94652295,0.009070247,0.044406775
15715,0.9214229,0.017795172,0.06078193
15716,0.86521536,0.08963918,0.045145456
15717,0.94868374,0.018160878,0.033155378
15718,0.89399546,0.004839983,0.10116459
15719,0.69459283,0.006331415,0.29907575
15720,0.9610559,0.010995046,0.02794911
15721,0.1791349,0.013380709,0.8074844
15722,0.010517456,0.002560758,0.9869218
15723,0.3739856,0.014169011,0.61184543
15724,0.7852111,0.027269792,0.18751907
15725,0.5594378,0.009621318,0.43094084
15726,0.97784173,0.0024997331,0.019658528
15727,0.93872166,0.0026177345,0.05866059
15728,0.9556668,0.0038496128,0.04048358
15729,0.13183324,0.01172033,0.8564464
15730,0.052631136,0.0056462972,0.9417225
15731,0.95198345,0.0039027873,0.04411369
15732,0.51342326,0.05328047,0.43329626
15733,0.9713227,0.012711355,0.015965926
15734,0.005117891,0.0069780797,0.987904
15735,0.57567257,0.005065194,0.4192622
15736,0.018741094,0.005510988,0.9757479
15737,0.9741546,0.002857276,0.022988064
15738,0.9285497,0.0043298597,0.067120425
15739,0.9158362,0.00423942,0.07992439
15740,0.8997532,0.0615197,0.038727053
15741,0.06585894,0.008393079,0.925748
15742,0.8113193,0.045051664,0.1436291
15743,0.89787066,0.0046727806,0.09745657
15744,0.95378923,0.0024847146,0.04372597
15745,0.015452655,0.0017011185,0.9828462
15746,0.967082,0.0029450795,0.029972835
15747,0.10434271,0.049113013,0.84654427
15748,0.70541406,0.009403506,0.2851825
15749,0.81952196,0.13460739,0.04587066
15750,0.011725034,0.0020305675,0.9862444
15751,0.40480545,0.0039790585,0.5912155
15752,0.014001603,0.00160022,0.9843982
15753,0.94123423,0.0047749146,0.053990822
15754,0.034529205,0.031277586,0.93419313
15755,0.9702936,0.005017813,0.02468866
15756,0.94808805,0.0026813783,0.049230624
15757,0.953008,0.0050561572,0.04193583
15758,0.03860504,0.055535384,0.90585953
15759,0.9050562,0.0047611077,0.09018269
15760,0.9614127,0.003636202,0.03495105
15761,0.9181974,0.0035129152,0.07828974
15762,0.091011494,0.44768164,0.46130687
15763,0.93107605,0.0040090876,0.06491484
15764,0.48129794,0.4669877,0.05171438
15765,0.9472425,0.01708062,0.03567688
15766,0.7323388,0.028487513,0.23917371
15767,0.9067743,0.015443568,0.077782124
15768,0.3499177,0.027762992,0.6223193
15769,0.75224453,0.0049958783,0.24275963
15770,0.8262274,0.0048383907,0.16893415
15771,0.9427349,0.003073256,0.054191798
15772,0.97524047,0.009162016,0.015597523
15773,0.75838643,0.012948066,0.22866546
15774,0.9436803,0.005144336,0.051175382
15775,0.4911406,0.0063135787,0.5025458
15776,0.97247124,0.0015986701,0.02593003
15777,0.9040213,0.0055140364,0.090464674
15778,0.755929,0.011807966,0.23226309
15779,0.9744425,0.0032262143,0.022331325
15780,0.80122197,0.018674674,0.18010342
15781,0.8452815,0.009717529,0.14500101
15782,0.98330855,0.0067474996,0.009943957
15783,0.63803285,0.024873806,0.3370933
15784,0.51692724,0.35337755,0.12969524
15785,0.27135822,0.012445991,0.7161958
15786,0.043140847,0.07782732,0.87903184
15787,0.96983343,0.0034670092,0.026699597
15788,0.8543893,0.008018823,0.13759187
15789,0.9265386,0.0034875497,0.06997385
15790,0.81559575,0.021065436,0.1633388
15791,0.8729479,0.009651687,0.11740049
15792,0.94188696,0.005113747,0.052999355
15793,0.9362478,0.017076498,0.046675667
15794,0.9807122,0.002088188,0.01719967
15795,0.98198813,0.0028229933,0.015188862
15796,0.665926,0.040080715,0.29399335
15797,0.9490988,0.0052308245,0.045670383
15798,0.033921894,0.0048351386,0.961243
15799,0.014262559,0.009178308,0.97655916
15800,0.95164543,0.014395044,0.03395949
15801,0.82596195,0.015869118,0.15816894
15802,0.33263373,0.046027463,0.6213388
15803,0.7007687,0.06878926,0.23044203
15804,0.8590672,0.0075689456,0.13336387
15805,0.8609292,0.011330134,0.1277407
15806,0.90789604,0.007938742,0.0841652
15807,0.89132905,0.014891107,0.09377988
15808,0.9613731,0.0028262697,0.035800677
15809,0.074574165,0.088023916,0.83740187
15810,0.9747536,0.0029782164,0.022268105
15811,0.2972076,0.006562548,0.6962298
15812,0.8821084,0.0073963436,0.110495254
15813,0.5994284,0.013557137,0.38701448
15814,0.403847,0.014201244,0.58195174
15815,0.7305631,0.006127094,0.2633098
15816,0.9539161,0.013934462,0.032149535
15817,0.98863447,0.002847226,0.00851832
15818,0.964179,0.004171653,0.031649344
15819,0.01871775,0.0019801396,0.9793021
15820,0.94593817,0.0034325195,0.05062928
15821,0.7186299,0.018847806,0.26252222
15822,0.91028523,0.018173404,0.07154134
15823,0.9503277,0.006902824,0.042769454
15824,0.6481275,0.011115846,0.34075662
15825,0.84591854,0.0059574135,0.14812407
15826,0.8629324,0.017841898,0.11922571
15827,0.9722616,0.008371321,0.019367123
15828,0.1836072,0.04653983,0.76985294
15829,0.41771746,0.037847996,0.54443455
15830,0.97276884,0.002914382,0.02431674
15831,0.6210921,0.012366365,0.36654156
15832,0.63297784,0.0038666378,0.36315548
15833,0.11084546,0.028740989,0.86041355
15834,0.7209889,0.005770095,0.27324098
15835,0.009443662,0.0029682706,0.9875881
15836,0.88501894,0.0071947854,0.10778622
15837,0.035009664,0.0037342887,0.9612561
15838,0.8649321,0.007607026,0.12746085
15839,0.43808585,0.046332203,0.51558197
15840,0.70960236,0.008536218,0.28186142
15841,0.9651586,0.01149411,0.023347305
15842,0.13413084,0.046202697,0.81966645
15843,0.03308268,0.0037951078,0.96312225
15844,0.3230818,0.5523464,0.12457184
15845,0.94678533,0.0028211642,0.050393466
15846,0.97319275,0.0011640122,0.025643287
15847,0.92980474,0.017304625,0.052890696
15848,0.91141677,0.010468012,0.078115225
15849,0.668791,0.008177274,0.32303172
15850,0.61116564,0.012351573,0.37648278
15851,0.95871145,0.0013498114,0.039938804
15852,0.9752279,0.009131281,0.01564078
15853,0.9506585,0.005404715,0.04393675
15854,0.98414457,0.00085944234,0.014995968
15855,0.9754564,0.0027258764,0.021817734
15856,0.026278103,0.0017308266,0.9719911
15857,0.0072708535,0.0010494686,0.9916796
15858,0.96776956,0.0071290284,0.025101438
15859,0.97243667,0.004768747,0.022794582
15860,0.9328926,0.0023417682,0.06476562
15861,0.12312216,0.18509096,0.6917869
15862,0.5553969,0.056543227,0.38805985
15863,0.9131963,0.0072949845,0.07950865
15864,0.99053544,0.0010853591,0.008379239
15865,0.63416106,0.013881408,0.35195756
15866,0.9793412,0.0058628786,0.014795933
15867,0.1476462,0.029637767,0.82271606
15868,0.7571563,0.0110891685,0.23175456
15869,0.12634811,0.022620475,0.8510314
15870,0.9784259,0.00230214,0.019271985
15871,0.87320143,0.008057322,0.11874126
15872,0.7340373,0.01641118,0.24955158
15873,0.49127764,0.036415417,0.47230697
15874,0.887947,0.015264516,0.09678846
15875,0.912362,0.0038337414,0.08380428
15876,0.98513293,0.0030371977,0.011829816
15877,0.949019,0.0016136545,0.049367294
15878,0.9860952,0.0018069905,0.012097848
15879,0.20475633,0.028770607,0.766473
15880,0.97962314,0.0017660824,0.018610725
15881,0.21859749,0.09598458,0.68541795
15882,0.964976,0.0030999659,0.03192398
15883,0.9512413,0.009738467,0.039020196
15884,0.99146056,0.0014052569,0.007134143
15885,0.98613656,0.0022438967,0.011619594
15886,0.5573828,0.0059617828,0.43665537
15887,0.524925,0.005509738,0.46956524
15888,0.38027912,0.013963869,0.605757
15889,0.009368466,0.006079207,0.98455226
15890,0.5392526,0.00846744,0.45227998
15891,0.9033778,0.007978335,0.088643916
15892,0.28804407,0.16953711,0.5424188
15893,0.4211822,0.05642654,0.52239126
15894,0.9625458,0.0076152096,0.029838994
15895,0.018599251,0.007663178,0.9737376
15896,0.9716923,0.0030310354,0.025276689
15897,0.957884,0.0026615362,0.03945439
15898,0.91184556,0.017062353,0.07109207
15899,0.07376871,0.016623529,0.9096077
15900,0.873146,0.0041365447,0.122717485
15901,0.9502153,0.031342674,0.018442024
15902,0.74167204,0.08428625,0.1740417
15903,0.94251364,0.024604535,0.032881852
15904,0.07103986,0.011200013,0.9177601
15905,0.88111764,0.008210542,0.110671796
15906,0.8482835,0.013665791,0.13805065
15907,0.90497833,0.012439536,0.08258216
15908,0.9485972,0.0044723344,0.046930466
15909,0.92233455,0.011220727,0.0664447
15910,0.013800279,0.0010333147,0.9851664
15911,0.9507676,0.008372748,0.040859677
15912,0.68111086,0.030780766,0.28810835
15913,0.8082636,0.014748076,0.17698835
15914,0.6608197,0.06354079,0.27563953
15915,0.96460927,0.003994526,0.03139618
15916,0.95067996,0.0047878306,0.044532195
15917,0.94044495,0.04603793,0.013517155
15918,0.9416394,0.024701428,0.03365911
15919,0.9208238,0.0033432886,0.07583297
15920,0.9768017,0.008140371,0.015057899
15921,0.27590743,0.46400267,0.26008987
15922,0.12536274,0.018774807,0.85586244
15923,0.8240138,0.009419579,0.16656663
15924,0.08092913,0.007325582,0.91174525
15925,0.9680531,0.016121497,0.015825344
15926,0.9141518,0.0032922395,0.082556
15927,0.1445223,0.02195074,0.83352697
15928,0.9728829,0.001996678,0.025120435
15929,0.8617053,0.0075879684,0.13070673
15930,0.97794205,0.0024203325,0.019637592
15931,0.74992627,0.13477251,0.11530117
15932,0.9021174,0.004110333,0.09377236
15933,0.97314024,0.008220633,0.018639134
15934,0.96294904,0.007334607,0.02971644
15935,0.42554447,0.036401592,0.53805393
15936,0.17806765,0.0474892,0.77444315
15937,0.98020303,0.0018363459,0.01796058
15938,0.03503423,0.0067667803,0.958199
15939,0.04194895,0.013029395,0.9450217
15940,0.2675455,0.007724713,0.7247298
15941,0.07326512,0.02564226,0.9010926
15942,0.02502701,0.0022947893,0.9726782
15943,0.9654134,0.001535369,0.033051267
15944,0.9674355,0.0023469434,0.030217558
15945,0.23526199,0.0070025655,0.75773543
15946,0.96134335,0.0058219237,0.032834742
15947,0.009603116,0.006149356,0.98424757
15948,0.89624363,0.035191547,0.068564884
15949,0.26827532,0.011625388,0.7200993
15950,0.018203955,0.016977997,0.9648181
15951,0.19891387,0.08534894,0.71573716
15952,0.9742794,0.0031932,0.022527376
15953,0.4295876,0.04070293,0.5297095
15954,0.49312943,0.024352709,0.48251784
15955,0.79148024,0.09859423,0.10992553
15956,0.93169963,0.005641811,0.06265853
15957,0.9647629,0.006060814,0.029176204
15958,0.913699,0.005182945,0.081118055
15959,0.5441796,0.009499806,0.4463206
15960,0.5111943,0.0088390615,0.47996667
15961,0.9847764,0.0012431566,0.013980459
15962,0.028415643,0.028299058,0.9432853
15963,0.8369922,0.019831179,0.14317657
15964,0.9031746,0.01399313,0.08283223
15965,0.8631458,0.057097632,0.07975656
15966,0.951129,0.003436248,0.045434747
15967,0.361041,0.009708424,0.6292505
15968,0.015180278,0.0012460273,0.9835737
15969,0.5339967,0.0050717467,0.46093154
15970,0.015021476,0.0030734963,0.98190504
15971,0.011713656,0.0031587502,0.9851276
15972,0.9198048,0.013166626,0.06702853
15973,0.48706484,0.0236118,0.4893234
15974,0.023568017,0.047600694,0.9288313
15975,0.40340927,0.3777025,0.21888824
15976,0.97631365,0.0028598725,0.020826444
15977,0.86600274,0.036726084,0.09727122
15978,0.884638,0.0068618827,0.10850016
15979,0.9145715,0.012931764,0.07249669
15980,0.1968931,0.6942882,0.10881875
15981,0.6477902,0.013151217,0.33905858
15982,0.29620063,0.011586792,0.6922126
15983,0.45261168,0.016758354,0.53062993
15984,0.8057056,0.018053405,0.17624095
15985,0.9655236,0.003752835,0.030723587
15986,0.034911744,0.002645896,0.96244234
15987,0.81347555,0.005311229,0.18121319
15988,0.55304706,0.018342158,0.4286108
15989,0.84659284,0.008750931,0.14465621
15990,0.9465985,0.007264397,0.046137143
15991,0.9698167,0.002690818,0.027492503
15992,0.4380046,0.008203444,0.55379194
15993,0.9282629,0.004897782,0.06683934
15994,0.78994733,0.08672836,0.12332431
15995,0.8438517,0.005458413,0.15068989
15996,0.9299311,0.0052554132,0.064813524
15997,0.6953525,0.019495895,0.2851516
15998,0.81417096,0.0023435703,0.18348545
15999,0.04956864,0.0069435034,0.9434878
16000,0.9042928,0.0043379175,0.091369316
16001,0.9243296,0.0074809673,0.06818945
16002,0.8673394,0.03255646,0.10010421
16003,0.9683345,0.0031001405,0.028565349
16004,0.9800126,0.0018040726,0.018183358
16005,0.79220873,0.0056107393,0.20218055
16006,0.9462424,0.021464866,0.032292735
16007,0.97513586,0.0021148738,0.022749258
16008,0.06876918,0.13226779,0.79896307
16009,0.7758225,0.00421399,0.21996354
16010,0.9314458,0.0037631728,0.06479108
16011,0.21592826,0.0055094743,0.77856225
16012,0.97726375,0.0026484176,0.020087844
16013,0.9774439,0.0034434875,0.019112624
16014,0.56335807,0.04437014,0.3922718
16015,0.12884015,0.01399852,0.85716134
16016,0.98642075,0.0032080344,0.010371164
16017,0.8713956,0.059658397,0.06894598
16018,0.96673965,0.0027414395,0.030518916
16019,0.90318936,0.01898445,0.077826194
16020,0.7842856,0.08152682,0.1341876
16021,0.19468808,0.004911282,0.8004007
16022,0.94373155,0.0065338365,0.04973457
16023,0.04530015,0.008316711,0.9463832
16024,0.98044705,0.0050603384,0.01449261
16025,0.9628941,0.004604862,0.032501046
16026,0.015026624,0.0017614708,0.98321193
16027,0.86039835,0.04921397,0.09038762
16028,0.9199417,0.011854537,0.068203755
16029,0.97599244,0.004958966,0.019048586
16030,0.61074185,0.071262494,0.31799567
16031,0.9683004,0.0022574426,0.029442208
16032,0.901388,0.022350324,0.07626161
16033,0.95095164,0.011312167,0.037736174
16034,0.008793218,0.002891337,0.98831546
16035,0.71714747,0.03763723,0.24521534
16036,0.84049547,0.0061708353,0.15333368
16037,0.9362645,0.026399449,0.037335984
16038,0.54563886,0.007365007,0.44699612
16039,0.98893213,0.0013143237,0.00975352
16040,0.98205966,0.0024955675,0.015444817
16041,0.9036941,0.006529151,0.08977682
16042,0.17245592,0.0076585133,0.8198856
16043,0.06205983,0.017903361,0.92003685
16044,0.27193218,0.11347408,0.6145937
16045,0.3455326,0.022451103,0.6320163
16046,0.85723287,0.08502804,0.0577391
16047,0.9346585,0.00895447,0.056386948
16048,0.94825757,0.004806413,0.04693602
16049,0.063748464,0.018477999,0.91777354
16050,0.9524258,0.004286766,0.043287434
16051,0.013323171,0.0031656292,0.9835112
16052,0.96717596,0.0024597577,0.030364254
16053,0.6540059,0.007789874,0.33820426
16054,0.6745889,0.24470873,0.0807024
16055,0.967452,0.008149451,0.024398508
16056,0.62078285,0.0051607336,0.37405637
16057,0.8857235,0.0041453363,0.110131234
16058,0.6060394,0.009637553,0.3843231
16059,0.7469937,0.015802063,0.23720422
16060,0.13417608,0.2856215,0.58020246
16061,0.9633774,0.0042668497,0.03235576
16062,0.22224718,0.0034797075,0.7742731
16063,0.96960664,0.0052246777,0.025168732
16064,0.8922912,0.031142164,0.07656662
16065,0.02819986,0.0034965104,0.9683036
16066,0.94545656,0.0028241207,0.051719245
16067,0.8590447,0.010407062,0.13054825
16068,0.98013145,0.0020360174,0.017832581
16069,0.5907538,0.05319513,0.35605103
16070,0.9668901,0.0022534411,0.030856498
16071,0.9147868,0.008871129,0.07634204
16072,0.6475675,0.047913305,0.30451915
16073,0.9017646,0.017909996,0.08032541
16074,0.030358024,0.007781446,0.96186054
16075,0.75771576,0.00844459,0.2338397
16076,0.41954303,0.06324343,0.5172136
16077,0.31009975,0.019453937,0.6704463
16078,0.97399604,0.003556369,0.022447577
16079,0.9586207,0.003684784,0.037694458
16080,0.9646023,0.0024953336,0.032902345
16081,0.90239453,0.012239048,0.08536642
16082,0.7250141,0.012166111,0.2628198
16083,0.09702472,0.0059218486,0.8970535
16084,0.97074485,0.0049649687,0.024290223
16085,0.0248998,0.072903715,0.9021964
16086,0.98315376,0.0034148204,0.013431435
16087,0.3015492,0.020904582,0.6775462
16088,0.87038773,0.0053374837,0.1242748
16089,0.98233104,0.001996343,0.015672654
16090,0.9626733,0.002828155,0.034498584
16091,0.95900595,0.002519238,0.038474884
16092,0.98482597,0.0012524973,0.013921496
16093,0.9292955,0.0066687707,0.06403582
16094,0.8298585,0.004325707,0.16581582
16095,0.75166976,0.008839147,0.23949108
16096,0.61637163,0.039444167,0.3441842
16097,0.7054031,0.008208655,0.28638822
16098,0.03215317,0.0026079584,0.96523887
16099,0.88977194,0.0033227077,0.10690529
16100,0.1044064,0.029074963,0.8665186
16101,0.9541402,0.0035831598,0.042276587
16102,0.044517275,0.005523648,0.9499591
16103,0.95927846,0.014092298,0.026629284
16104,0.8630314,0.0051728105,0.13179585
16105,0.01322325,0.016014064,0.97076267
16106,0.49696812,0.17637578,0.3266561
16107,0.7089556,0.010852783,0.2801916
16108,0.8960466,0.010450499,0.093502894
16109,0.1126089,0.01847241,0.8689187
16110,0.93685037,0.008794334,0.05435527
16111,0.9761237,0.0017248471,0.022151422
16112,0.8322471,0.09224731,0.07550564
16113,0.52983433,0.006864347,0.46330136
16114,0.016878357,0.006067635,0.97705406
16115,0.9756085,0.0038053452,0.020586094
16116,0.8869599,0.009461099,0.10357895
16117,0.84883624,0.0049604904,0.14620323
16118,0.053324047,0.016155312,0.9305206
16119,0.94833744,0.0058325804,0.045829933
16120,0.9130878,0.0025732727,0.08433891
16121,0.0654076,0.044381328,0.8902111
16122,0.9838578,0.0010657845,0.015076391
16123,0.8312515,0.04698306,0.121765435
16124,0.12981716,0.015548419,0.85463446
16125,0.7216715,0.0073760306,0.27095246
16126,0.9118045,0.00468756,0.08350797
16127,0.9666698,0.003115558,0.030214662
16128,0.91396695,0.0027908543,0.08324216
16129,0.87628657,0.012287429,0.11142599
16130,0.070171,0.008612205,0.9212167
16131,0.6858171,0.01984999,0.2943329
16132,0.95028126,0.004206605,0.045512073
16133,0.3272564,0.007955463,0.6647881
16134,0.8713906,0.004649597,0.12395983
16135,0.7423772,0.0059060208,0.2517168
16136,0.7586226,0.016734473,0.22464292
16137,0.78894806,0.011739673,0.19931221
16138,0.6538216,0.041230246,0.30494818
16139,0.9283956,0.0026901998,0.06891419
16140,0.9752778,0.002348508,0.022373676
16141,0.19209419,0.0043890816,0.80351675
16142,0.9516377,0.0063024783,0.042059887
16143,0.98596144,0.0012914338,0.012747143
16144,0.925047,0.01783896,0.057114027
16145,0.97698545,0.0029127381,0.020101812
16146,0.9365596,0.0033342366,0.0601062
16147,0.8590536,0.010224909,0.1307215
16148,0.95757776,0.0025647033,0.03985754
16149,0.8692106,0.0067967363,0.12399263
16150,0.043739136,0.0037954443,0.9524655
16151,0.036060102,0.039214525,0.92472535
16152,0.97007036,0.015169257,0.014760396
16153,0.9531273,0.003080862,0.04379183
16154,0.9147794,0.02728586,0.057934683
16155,0.9246747,0.011133354,0.06419199
16156,0.06992025,0.004092555,0.92598724
16157,0.98562187,0.003034535,0.01134354
16158,0.57034206,0.037018925,0.39263898
16159,0.11268896,0.009964062,0.87734693
16160,0.17753945,0.013220946,0.80923957
16161,0.95728403,0.0060287486,0.03668724
16162,0.7197333,0.0072630364,0.27300367
16163,0.96352416,0.014312885,0.022162946
16164,0.8444369,0.01856624,0.13699691
16165,0.8974219,0.0072894716,0.09528869
16166,0.9778186,0.0057595917,0.016421843
16167,0.94397753,0.014942604,0.041079924
16168,0.053079072,0.0142674055,0.9326535
16169,0.639927,0.0554087,0.30466422
16170,0.08474105,0.0032543081,0.91200465
16171,0.8973002,0.016808596,0.08589123
16172,0.76197714,0.025937356,0.21208549
16173,0.0068312283,0.00085897563,0.9923098
16174,0.96150774,0.00449486,0.033997357
16175,0.65996444,0.008938766,0.33109683
16176,0.25641355,0.027119057,0.7164674
16177,0.94277614,0.015124959,0.042098857
16178,0.9445099,0.00912694,0.046363167
16179,0.9671067,0.0055844327,0.027308878
16180,0.9182342,0.018703736,0.06306203
16181,0.9083425,0.004842479,0.08681509
16182,0.6896403,0.01000886,0.30035087
16183,0.97830415,0.0067498637,0.0149459215
16184,0.9202152,0.009423366,0.07036147
16185,0.31679383,0.067727715,0.61547846
16186,0.26836422,0.011462086,0.72017366
16187,0.03899469,0.00959807,0.95140725
16188,0.18782815,0.017247718,0.79492414
16189,0.9827743,0.0014820051,0.015743654
16190,0.9441372,0.0039246697,0.05193818
16191,0.9728994,0.0063969195,0.020703675
16192,0.91767436,0.022889687,0.059435993
16193,0.6263825,0.009954388,0.36366308
16194,0.92070824,0.0063846703,0.07290705
16195,0.77458715,0.0042647943,0.22114798
16196,0.47759807,0.01540161,0.5070003
16197,0.17540042,0.01417594,0.8104237
16198,0.91626924,0.004322737,0.07940798
16199,0.9069567,0.0066816453,0.08636174
16200,0.9700862,0.0020819653,0.027831802
16201,0.9364171,0.02672999,0.03685289
16202,0.799367,0.0070164464,0.19361654
16203,0.04184557,0.022784997,0.93536943
16204,0.72125775,0.015155217,0.26358703
16205,0.89196926,0.0031550983,0.10487564
16206,0.92959136,0.005843174,0.06456554
16207,0.9834163,0.008622651,0.007961047
16208,0.9551381,0.0070156837,0.037846297
16209,0.9865015,0.0031160642,0.010382414
16210,0.92675817,0.026935665,0.046306133
16211,0.8802619,0.009461635,0.11027651
16212,0.030167835,0.0028751725,0.966957
16213,0.005762016,0.0039588595,0.99027914
16214,0.98897296,0.0013099394,0.00971714
16215,0.24699843,0.017853098,0.7351485
16216,0.4383175,0.012853242,0.5488292
16217,0.25047544,0.012508134,0.7370164
16218,0.72792345,0.00992931,0.26214722
16219,0.12291142,0.0033089647,0.87377965
16220,0.8659214,0.011816534,0.12226214
16221,0.95786303,0.004326626,0.03781033
16222,0.9446487,0.0032594793,0.05209184
16223,0.67514354,0.009697255,0.31515917
16224,0.2870392,0.54613215,0.1668287
16225,0.9513207,0.004279469,0.04439988
16226,0.18417428,0.009498553,0.8063271
16227,0.97329843,0.0046819593,0.022019573
16228,0.92320913,0.0027419245,0.074048966
16229,0.9829047,0.0011205779,0.015974747
16230,0.18505324,0.06224862,0.7526982
16231,0.98225325,0.0023731117,0.015373578
16232,0.9700244,0.0019230876,0.028052563
16233,0.8693723,0.01280976,0.11781792
16234,0.59232134,0.23258923,0.17508946
16235,0.9638554,0.002732416,0.0334122
16236,0.28098264,0.007500845,0.7115165
16237,0.9395267,0.0058936216,0.05457969
16238,0.8123718,0.076772615,0.11085562
16239,0.93379736,0.028191064,0.03801161
16240,0.8676897,0.009405456,0.12290482
16241,0.10825408,0.004904846,0.886841
16242,0.45167875,0.006074543,0.5422467
16243,0.9445029,0.0046515404,0.05084556
16244,0.818367,0.08936013,0.0922729
16245,0.44875836,0.004792037,0.54644954
16246,0.95762324,0.0037226477,0.038654123
16247,0.9521515,0.015414816,0.032433648
16248,0.92255723,0.039017428,0.038425367
16249,0.9813246,0.0045484216,0.0141269965
16250,0.97123253,0.0025533536,0.026214132
16251,0.020729959,0.02418591,0.95508415
16252,0.078405105,0.005556535,0.91603833
16253,0.5119195,0.015338837,0.47274166
16254,0.97929,0.0024293163,0.018280694
16255,0.015810514,0.007162748,0.97702676
16256,0.95309937,0.006667779,0.040232856
16257,0.37785554,0.005385335,0.6167591
16258,0.97968024,0.0038394383,0.016480306
16259,0.9783886,0.0015826218,0.020028774
16260,0.965731,0.002825007,0.031443976
16261,0.019416519,0.0036540776,0.97692937
16262,0.9623553,0.0030429522,0.034601722
16263,0.9700721,0.002288918,0.02763903
16264,0.2235319,0.31753004,0.4589381
16265,0.9814269,0.0015997603,0.016973382
16266,0.945443,0.012126576,0.042430464
16267,0.93263054,0.007828844,0.059540644
16268,0.48456335,0.0070633898,0.50837326
16269,0.9685591,0.0058298362,0.025611062
16270,0.9328702,0.0042817616,0.06284796
16271,0.8953683,0.0033258353,0.10130587
16272,0.9210565,0.03023972,0.0487037
16273,0.8224996,0.005254953,0.17224553
16274,0.96601003,0.006687891,0.027302075
16275,0.8726854,0.009118196,0.11819645
16276,0.008054107,0.001245789,0.99070007
16277,0.40903342,0.16746527,0.42350134
16278,0.9281238,0.0030153843,0.06886086
16279,0.9127394,0.012657214,0.07460335
16280,0.93059224,0.0065832795,0.0628245
16281,0.092774965,0.0071928073,0.9000322
16282,0.8289146,0.014195717,0.15688969
16283,0.5667172,0.03803437,0.3952484
16284,0.907112,0.007362203,0.0855258
16285,0.900092,0.019497378,0.080410644
16286,0.8554324,0.0043941303,0.14017348
16287,0.1849985,0.005545036,0.80945647
16288,0.9886177,0.0012745322,0.01010783
16289,0.5832863,0.00942709,0.4072866
16290,0.88959473,0.009268237,0.101137005
16291,0.97682345,0.004321652,0.018854907
16292,0.34102717,0.009619011,0.64935386
16293,0.98301864,0.0035124624,0.013468903
16294,0.5310859,0.006876561,0.4620375
16295,0.93393415,0.005539913,0.06052586
16296,0.053966437,0.017048767,0.92898476
16297,0.91197515,0.007992103,0.08003277
16298,0.028272841,0.010469602,0.9612575
16299,0.81805617,0.026080616,0.15586326
16300,0.7258825,0.036852892,0.2372646
16301,0.68762857,0.010539556,0.30183187
16302,0.95777565,0.0025430738,0.039681267
16303,0.85134554,0.019072553,0.12958197
16304,0.9664524,0.0038066905,0.029740885
16305,0.82571226,0.009588995,0.16469873
16306,0.97631025,0.005799023,0.017890787
16307,0.34323752,0.11665144,0.540111
16308,0.95044136,0.002867749,0.04669082
16309,0.93107325,0.004143758,0.06478302
16310,0.98108107,0.003533155,0.01538578
16311,0.2883803,0.1597681,0.55185163
16312,0.37344033,0.0067380806,0.61982155
16313,0.49047747,0.2123019,0.29722065
16314,0.90228,0.004238541,0.09348147
16315,0.9495124,0.0028309934,0.047656637
16316,0.95842683,0.0032115465,0.038361568
16317,0.9895397,0.0032159307,0.0072443644
16318,0.9882224,0.0017157611,0.010061769
16319,0.65747416,0.009271632,0.33325422
16320,0.9700998,0.002358388,0.027541865
16321,0.91717416,0.006784863,0.076040976
16322,0.054653186,0.0042910315,0.9410558
16323,0.944541,0.0066549415,0.048804138
16324,0.94093215,0.005890961,0.05317689
16325,0.48533168,0.012571414,0.5020969
16326,0.28949872,0.023909582,0.68659174
16327,0.54099345,0.019090608,0.43991593
16328,0.9426293,0.003387548,0.053983137
16329,0.54202616,0.052507374,0.40546647
16330,0.95677817,0.015622758,0.027599052
16331,0.959819,0.00263824,0.037542783
16332,0.65695596,0.014940341,0.3281037
16333,0.9513699,0.002912412,0.04571767
16334,0.118730105,0.023919445,0.8573504
16335,0.8769234,0.08899579,0.03408085
16336,0.18114121,0.008841641,0.81001717
16337,0.8361236,0.09352085,0.07035559
16338,0.64153785,0.02483377,0.33362845
16339,0.7864732,0.009323527,0.20420326
16340,0.57942617,0.01405345,0.4065204
16341,0.8418065,0.012175034,0.14601853
16342,0.031900026,0.022529023,0.94557095
16343,0.9875458,0.002142392,0.010311776
16344,0.7892885,0.012401031,0.1983105
16345,0.16815616,0.13254702,0.69929683
16346,0.88409865,0.0064289183,0.10947241
16347,0.8027698,0.0075087175,0.1897215
16348,0.9625782,0.007636513,0.029785253
16349,0.9831929,0.0018000818,0.015006978
16350,0.21218415,0.013794618,0.77402127
16351,0.015588768,0.0054995655,0.97891164
16352,0.97579455,0.008148606,0.016056877
16353,0.8014207,0.09686439,0.10171496
16354,0.9098873,0.0466658,0.043446872
16355,0.9170721,0.0048212116,0.0781067
16356,0.82415354,0.041574385,0.13427207
16357,0.8290385,0.013170366,0.15779115
16358,0.94866765,0.00326223,0.04807013
16359,0.8867876,0.0065371897,0.10667527
16360,0.9471776,0.025442285,0.027380202
16361,0.92243475,0.019887486,0.057677776
16362,0.8497933,0.01610504,0.13410169
16363,0.8610651,0.021050937,0.11788396
16364,0.969808,0.0059398273,0.024252182
16365,0.7851695,0.005786523,0.20904396
16366,0.97831434,0.0021509186,0.019534785
16367,0.9121887,0.01148482,0.07632649
16368,0.11816921,0.014912659,0.86691815
16369,0.49664658,0.012088935,0.4912645
16370,0.93285906,0.0058136396,0.06132733
16371,0.90699637,0.012295451,0.08070817
16372,0.86633855,0.0076601417,0.1260013
16373,0.069665834,0.048230946,0.88210315
16374,0.8569616,0.012735435,0.13030297
16375,0.96640056,0.0029393018,0.030660184
16376,0.92014676,0.007532433,0.07232081
16377,0.71500385,0.020102177,0.26489395
16378,0.9886857,0.0014796345,0.009834674
16379,0.057059146,0.0034242247,0.93951666
16380,0.93413347,0.009045629,0.05682093
16381,0.23210227,0.0053689396,0.7625288
16382,0.3025766,0.011294924,0.68612844
16383,0.9056825,0.005997215,0.08832029
16384,0.9578806,0.007266241,0.034853168
16385,0.027503734,0.0037939483,0.96870226
16386,0.39491886,0.0096954955,0.5953857
16387,0.96397036,0.006423332,0.029606305
16388,0.9341946,0.003775823,0.062029526
16389,0.7104243,0.24399956,0.045576144
16390,0.036456376,0.020139694,0.9434039
16391,0.562618,0.040155668,0.39722633
16392,0.9811014,0.005867031,0.013031575
16393,0.9413721,0.006802262,0.05182568
16394,0.68393683,0.011137493,0.30492568
16395,0.95797765,0.011779999,0.03024235
16396,0.79244024,0.034185622,0.17337413
16397,0.12526798,0.008351501,0.8663805
16398,0.8839054,0.002496884,0.11359773
16399,0.81443167,0.0118810795,0.17368728
16400,0.88798285,0.014846427,0.097170725
16401,0.48871946,0.015445744,0.49583477
16402,0.9833997,0.002659821,0.013940426
16403,0.821784,0.0057177916,0.17249818
16404,0.37788126,0.010273071,0.6118457
16405,0.067663185,0.029929113,0.9024077
16406,0.67258304,0.004177555,0.32323942
16407,0.9796307,0.003753029,0.01661632
16408,0.026262889,0.0015059853,0.9722311
16409,0.8078923,0.0073067565,0.1848009
16410,0.95883197,0.0033635094,0.037804514
16411,0.97006536,0.0033907609,0.026543882
16412,0.39428186,0.0064683463,0.5992498
16413,0.2621728,0.096854836,0.6409724
16414,0.84094465,0.0043529035,0.15470241
16415,0.9800469,0.005866522,0.014086495
16416,0.81295145,0.009332199,0.17771633
16417,0.7759091,0.012297781,0.21179312
16418,0.79572296,0.11029262,0.09398441
16419,0.9652292,0.0017652314,0.0330056
16420,0.14999796,0.0042815553,0.8457204
16421,0.048319496,0.053420853,0.89825964
16422,0.8842236,0.0057521937,0.1100242
16423,0.03465695,0.0060098236,0.9593332
16424,0.9831451,0.0020163509,0.014838558
16425,0.24226443,0.032178048,0.7255575
16426,0.42115796,0.17030983,0.40853223
16427,0.60494304,0.090985976,0.304071
16428,0.008511169,0.0045265136,0.98696226
16429,0.38974467,0.0073204865,0.60293484
16430,0.84757024,0.0099839615,0.14244579
16431,0.93769234,0.01175162,0.05055607
16432,0.90870583,0.0030694117,0.08822476
16433,0.7437307,0.011844281,0.244425
16434,0.93511426,0.0041509117,0.060734805
16435,0.949326,0.002884774,0.047789276
16436,0.77989054,0.015448785,0.20466067
16437,0.9737976,0.0018643069,0.024338072
16438,0.97505516,0.0048657577,0.020079136
16439,0.73194027,0.009060923,0.25899875
16440,0.9335726,0.003176263,0.06325119
16441,0.981961,0.00087256613,0.017166419
16442,0.8743036,0.0045198523,0.12117654
16443,0.9591567,0.0023768644,0.038466487
16444,0.012571508,0.00501932,0.9824091
16445,0.9369416,0.007142362,0.05591596
16446,0.9831617,0.0019804614,0.014857855
16447,0.16467173,0.0033932717,0.83193505
16448,0.83769727,0.13366802,0.028634738
16449,0.9242481,0.0049700835,0.07078185
16450,0.01918054,0.0036347886,0.9771847
16451,0.04537738,0.002964684,0.95165795
16452,0.9705194,0.0022826877,0.027197897
16453,0.85599554,0.03006958,0.11393485
16454,0.23260984,0.17452674,0.59286344
16455,0.64057714,0.062432546,0.29699033
16456,0.95237744,0.003872784,0.043749843
16457,0.9822728,0.004061913,0.013665244
16458,0.97154266,0.0065190466,0.021938307
16459,0.96985674,0.0092101535,0.020933157
16460,0.94270676,0.0050498373,0.052243415
16461,0.97814524,0.005654032,0.016200649
16462,0.98477215,0.001440359,0.0137875425
16463,0.9362457,0.025266286,0.038488008
16464,0.824553,0.00632748,0.16911952
16465,0.038600672,0.0031893165,0.95821
16466,0.39203665,0.01975577,0.5882076
16467,0.94289124,0.017361863,0.03974696
16468,0.9395961,0.020877143,0.039526757
16469,0.06265396,0.005908383,0.9314377
16470,0.92439294,0.0033500004,0.072257034
16471,0.8325289,0.06074921,0.10672184
16472,0.20136768,0.03409041,0.7645419
16473,0.96555924,0.0035831777,0.030857587
16474,0.9465613,0.017463405,0.03597526
16475,0.8974711,0.009431729,0.09309728
16476,0.017037379,0.009362091,0.9736005
16477,0.9407893,0.0024385825,0.056772128
16478,0.09962897,0.006782572,0.8935884
16479,0.89994997,0.02504846,0.07500162
16480,0.63806975,0.11536141,0.24656883
16481,0.9592271,0.0029145319,0.037858326
16482,0.40768254,0.009732719,0.58258474
16483,0.5328538,0.07121051,0.39593577
16484,0.9045339,0.01472191,0.08074413
16485,0.96629137,0.003626555,0.030082049
16486,0.97561795,0.0013763962,0.023005668
16487,0.25535983,0.014425295,0.73021483
16488,0.82103175,0.0080588125,0.17090939
16489,0.9610398,0.008035702,0.03092444
16490,0.06245173,0.004415339,0.933133
16491,0.7133384,0.01642541,0.2702362
16492,0.15178165,0.025729395,0.82248896
16493,0.92645746,0.0065437295,0.06699886
16494,0.26192293,0.030740649,0.7073364
16495,0.033355854,0.039323177,0.927321
16496,0.855035,0.032082044,0.112882964
16497,0.9093925,0.0071355547,0.08347203
16498,0.07735323,0.058029644,0.86461717
16499,0.52344745,0.11101061,0.36554193
16500,0.9144186,0.003242546,0.08233893
16501,0.02916823,0.0031315698,0.9677002
16502,0.6826512,0.02915595,0.2881928
16503,0.8920057,0.02292826,0.08506605
16504,0.8892709,0.005096958,0.10563214
16505,0.8913039,0.006550009,0.10214608
16506,0.9799626,0.008797847,0.011239547
16507,0.040516015,0.012014261,0.9474697
16508,0.95573384,0.0031013698,0.04116479
16509,0.37134635,0.0152666615,0.613387
16510,0.92620856,0.017621014,0.056170434
16511,0.9540177,0.0033320277,0.042650227
16512,0.95146376,0.0066525573,0.041883636
16513,0.5325138,0.015898306,0.4515879
16514,0.8947647,0.0072779236,0.097957335
16515,0.009573322,0.0021334952,0.98829323
16516,0.117091484,0.011821708,0.87108684
16517,0.70668125,0.009818378,0.28350037
16518,0.9143771,0.018830776,0.06679217
16519,0.9312373,0.003722078,0.0650406
16520,0.87625587,0.0485694,0.075174734
16521,0.37197906,0.22257374,0.40544719
16522,0.90320754,0.004367172,0.09242529
16523,0.8946647,0.048413962,0.05692133
16524,0.96650386,0.007395397,0.026100717
16525,0.6922924,0.020251224,0.28745633
16526,0.972282,0.0032204033,0.024497617
16527,0.04367379,0.0040222057,0.952304
16528,0.97391146,0.0025880043,0.023500545
16529,0.9007913,0.013959074,0.085249685
16530,0.7562308,0.004854632,0.23891458
16531,0.11366935,0.023083244,0.86324745
16532,0.9525185,0.0023584436,0.04512298
16533,0.70048374,0.011274801,0.28824148
16534,0.8201037,0.06880607,0.11109023
16535,0.8906476,0.0043230127,0.10502941
16536,0.024927355,0.0033020945,0.9717705
16537,0.14642158,0.023435533,0.8301429
16538,0.66896015,0.06169021,0.26934966
16539,0.3340445,0.04286346,0.62309206
16540,0.9084544,0.011943947,0.07960164
16541,0.20271501,0.008459809,0.7888252
16542,0.07650354,0.060371064,0.8631254
16543,0.9116477,0.0068556196,0.08149669
16544,0.5104878,0.0056280317,0.48388416
16545,0.93144196,0.006687053,0.061871026
16546,0.9058917,0.04372706,0.050381266
16547,0.83922446,0.009163709,0.1516118
16548,0.9747926,0.0036736135,0.021533726
16549,0.9406924,0.0122836465,0.0470239
16550,0.8967998,0.005763059,0.09743716
16551,0.98477256,0.0012668538,0.013960513
16552,0.87744373,0.032735392,0.0898208
16553,0.94120306,0.0017965521,0.057000343
16554,0.33289856,0.0066138757,0.66048753
16555,0.081297934,0.035027903,0.88367414
16556,0.028077435,0.012395696,0.9595269
16557,0.97488517,0.006295151,0.018819641
16558,0.96710783,0.006558726,0.026333466
16559,0.93459666,0.008518393,0.056884967
16560,0.5949611,0.008569695,0.39646915
16561,0.9584611,0.016469145,0.025069758
16562,0.24954215,0.16551317,0.58494467
16563,0.966629,0.0042469073,0.029124018
16564,0.9906923,0.0015159021,0.007791815
16565,0.9666391,0.003950066,0.029410852
16566,0.72128314,0.07178939,0.20692746
16567,0.8668491,0.011084684,0.122066185
16568,0.07537637,0.013978585,0.910645
16569,0.6793137,0.039483186,0.28120306
16570,0.9698341,0.011365422,0.018800454
16571,0.8981745,0.004123606,0.09770188
16572,0.9577973,0.002035755,0.040166907
16573,0.98138994,0.006072628,0.012537476
16574,0.027578803,0.00809618,0.96432495
16575,0.95060056,0.021783318,0.027616065
16576,0.9670871,0.0032942253,0.029618718
16577,0.68833506,0.0117190275,0.29994586
16578,0.9359029,0.013817435,0.050279625
16579,0.11728784,0.0061533293,0.8765589
16580,0.38617006,0.011199872,0.6026301
16581,0.8978823,0.0064961878,0.09562153
16582,0.97440594,0.0033973556,0.022196747
16583,0.51710445,0.007370628,0.47552493
16584,0.6727125,0.086118594,0.24116892
16585,0.9476276,0.0037368916,0.048635457
16586,0.4388885,0.0068429643,0.55426854
16587,0.07184082,0.026860218,0.901299
16588,0.61949635,0.010744698,0.36975896
16589,0.8645949,0.058825422,0.076579705
16590,0.48475328,0.059742384,0.45550433
16591,0.68844104,0.09787002,0.21368891
16592,0.9045825,0.021683712,0.07373381
16593,0.9592598,0.0023822181,0.03835796
16594,0.75885415,0.00871635,0.2324295
16595,0.9556497,0.003703444,0.040646855
16596,0.3322198,0.21450818,0.45327204
16597,0.7039051,0.017596923,0.27849802
16598,0.9795013,0.007053482,0.013445152
16599,0.8188528,0.0140468255,0.16710041
16600,0.9824881,0.0028819826,0.014629984
16601,0.9389352,0.003960916,0.057103805
16602,0.9108172,0.008691281,0.08049158
16603,0.94287914,0.003032616,0.054088257
16604,0.04550766,0.04135182,0.9131405
16605,0.16082983,0.021337388,0.81783277
16606,0.9781967,0.0051687807,0.016634569
16607,0.46117538,0.01320493,0.5256197
16608,0.941572,0.0031978919,0.05523016
16609,0.9813147,0.0021459602,0.01653934
16610,0.9771021,0.0036993637,0.01919859
16611,0.4596829,0.01684797,0.52346915
16612,0.77635807,0.004490046,0.2191519
16613,0.46400312,0.020569295,0.5154276
16614,0.010781843,0.0020712,0.987147
16615,0.8283502,0.015682029,0.15596776
16616,0.003394367,0.0011486532,0.99545693
16617,0.9146811,0.004368081,0.08095078
16618,0.9817711,0.004187092,0.014041793
16619,0.8677357,0.0062515135,0.12601283
16620,0.08912527,0.0028057839,0.9080689
16621,0.94608164,0.002567822,0.05135058
16622,0.77373993,0.0109237665,0.21533632
16623,0.5644991,0.021305626,0.4141953
16624,0.0040446417,0.0022247885,0.99373055
16625,0.14042604,0.009147632,0.8504263
16626,0.9795292,0.0050024753,0.0154682435
16627,0.7084925,0.003595526,0.28791198
16628,0.897211,0.0036968964,0.09909206
16629,0.9556387,0.003918589,0.040442675
16630,0.31875932,0.03868962,0.6425511
16631,0.93466455,0.021151781,0.044183616
16632,0.01896457,0.0018876931,0.9791477
16633,0.035605125,0.003210365,0.9611845
16634,0.9443278,0.007207254,0.048465
16635,0.7992509,0.03957911,0.16117005
16636,0.7272108,0.01841972,0.25436947
16637,0.4458469,0.011648712,0.54250443
16638,0.9719115,0.00735366,0.020734861
16639,0.46747407,0.009002518,0.5235234
16640,0.7484027,0.09498151,0.1566158
16641,0.46012092,0.14648433,0.3933948
16642,0.63532597,0.080370694,0.28430328
16643,0.9596438,0.0035720451,0.036784206
16644,0.66288674,0.013162844,0.3239504
16645,0.3818026,0.01471539,0.60348207
16646,0.9374012,0.0025052442,0.06009362
16647,0.024145158,0.0020587782,0.973796
16648,0.72846204,0.006546102,0.2649919
16649,0.7616841,0.11432881,0.12398705
16650,0.9775139,0.00312476,0.019361328
16651,0.97707844,0.0014021752,0.021519436
16652,0.9854709,0.0013519556,0.013177113
16653,0.4776433,0.0125590395,0.5097977
16654,0.94364893,0.012284073,0.04406694
16655,0.8221334,0.044054214,0.13381238
16656,0.97196317,0.0029960608,0.02504072
16657,0.68295705,0.012944122,0.3040988
16658,0.69329983,0.006977186,0.299723
16659,0.37568638,0.016615236,0.6076984
16660,0.9430676,0.0034501143,0.05348225
16661,0.9837382,0.0024873235,0.013774518
16662,0.024640389,0.0022486427,0.973111
16663,0.20568413,0.015966266,0.7783496
16664,0.1745766,0.011327709,0.8140957
16665,0.95863515,0.0030069852,0.038357805
16666,0.7814594,0.020736145,0.19780448
16667,0.8476017,0.0769042,0.075494096
16668,0.0073846625,0.0017042803,0.99091107
16669,0.9219956,0.022467976,0.05553646
16670,0.4414123,0.4297393,0.12884837
16671,0.9455508,0.0060183965,0.04843076
16672,0.9508792,0.010093085,0.039027706
16673,0.97090584,0.0031966886,0.025897427
16674,0.96682155,0.002750046,0.03042844
16675,0.8599882,0.0037986203,0.13621315
16676,0.22325617,0.012991553,0.7637523
16677,0.9660252,0.008143892,0.025830917
16678,0.88032055,0.016937688,0.1027417
16679,0.014921824,0.0013983782,0.98367983
16680,0.36165923,0.024265805,0.61407495
16681,0.94732946,0.0102527775,0.042417746
16682,0.47090703,0.076120354,0.45297262
16683,0.96117187,0.006830506,0.03199766
16684,0.29744804,0.059903074,0.6426489
16685,0.9067472,0.0061808373,0.08707191
16686,0.9679778,0.002490664,0.029531524
16687,0.95199156,0.0036915094,0.044316866
16688,0.87966615,0.024390329,0.095943555
16689,0.9730436,0.002143927,0.024812492
16690,0.67692405,0.011747509,0.31132844
16691,0.24234068,0.015380071,0.74227923
16692,0.96706533,0.0049843127,0.02795031
16693,0.9251482,0.005563292,0.069288574
16694,0.8131805,0.016725654,0.17009391
16695,0.9787264,0.0021946004,0.019079065
16696,0.42949313,0.040189426,0.5303174
16697,0.9624703,0.001602189,0.035927586
16698,0.51626945,0.007324992,0.47640553
16699,0.9823632,0.00504569,0.01259112
16700,0.7907132,0.007606045,0.20168082
16701,0.7877504,0.012896105,0.19935344
16702,0.97676325,0.0015267305,0.021709993
16703,0.69207734,0.11632311,0.19159956
16704,0.04272003,0.0020738298,0.95520616
16705,0.59649885,0.008355949,0.3951452
16706,0.93751496,0.011426951,0.051058106
16707,0.027220104,0.011611595,0.9611683
16708,0.2681064,0.025724005,0.7061696
16709,0.95930016,0.0024722703,0.038227584
16710,0.6142487,0.035719745,0.35003152
16711,0.4905764,0.09824711,0.41117656
16712,0.12372099,0.05397992,0.8222991
16713,0.93870544,0.003973118,0.057321403
16714,0.872461,0.034112718,0.09342627
16715,0.6168499,0.020527793,0.36262235
16716,0.9177404,0.0037961383,0.078463405
16717,0.20374998,0.0060447813,0.79020524
16718,0.24975173,0.5855313,0.164717
16719,0.005463525,0.00083712745,0.9936993
16720,0.9493916,0.006635534,0.043972872
16721,0.5027237,0.009945105,0.4873312
16722,0.93207896,0.022392241,0.045528796
16723,0.8877985,0.0045909183,0.10761061
16724,0.061597314,0.09792564,0.84047705
16725,0.44960225,0.057030663,0.49336714
16726,0.9802171,0.004552624,0.015230218
16727,0.9764429,0.009956207,0.013600925
16728,0.02516576,0.003490772,0.9713435
16729,0.012329392,0.0034423415,0.98422825
16730,0.91170007,0.00404571,0.08425424
16731,0.97090167,0.005596819,0.023501495
16732,0.97790635,0.0040048757,0.018088764
16733,0.95724,0.010433569,0.032326423
16734,0.5560093,0.026835172,0.4171555
16735,0.9371316,0.0027991645,0.060069233
16736,0.9578135,0.0026171892,0.039569337
16737,0.96922415,0.0061055315,0.024670301
16738,0.9196691,0.004451744,0.07587913
16739,0.97965825,0.0020098414,0.018331908
16740,0.80547136,0.039847713,0.15468095
16741,0.9216085,0.016272414,0.06211901
16742,0.7374117,0.017666029,0.24492231
16743,0.9808795,0.0030813038,0.016039217
16744,0.9538227,0.011611287,0.03456605
16745,0.20114589,0.008352916,0.7905012
16746,0.9698221,0.012869589,0.017308373
16747,0.9386835,0.01740092,0.043915626
16748,0.9119432,0.019547636,0.06850913
16749,0.8580331,0.005288324,0.13667856
16750,0.9584934,0.0036009275,0.037905615
16751,0.9600553,0.0035857677,0.036358953
16752,0.6996883,0.035917427,0.26439425
16753,0.8742874,0.031360056,0.09435251
16754,0.96754026,0.012463989,0.019995758
16755,0.94568765,0.0067051044,0.04760719
16756,0.79435354,0.009138481,0.19650798
16757,0.8891166,0.0039750827,0.10690834
16758,0.9549112,0.022634879,0.022453953
16759,0.9319416,0.004390571,0.063667804
16760,0.93781084,0.0045130416,0.05767613
16761,0.036132284,0.04350269,0.92036504
16762,0.2843863,0.018514125,0.6970996
16763,0.8912468,0.012013228,0.09673997
16764,0.91389334,0.004503562,0.08160309
16765,0.965742,0.0077540074,0.026503924
16766,0.97260803,0.009154455,0.01823753
16767,0.44556713,0.0141058145,0.540327
16768,0.25745767,0.038260505,0.70428187
16769,0.9681456,0.017755223,0.014099203
16770,0.95065194,0.024148444,0.025199572
16771,0.46272254,0.13091059,0.40636685
16772,0.90714896,0.009594707,0.08325631
16773,0.9452578,0.0030738097,0.051668383
16774,0.9545379,0.0050498634,0.04041228
16775,0.9342189,0.022750983,0.043030217
16776,0.0783564,0.030674422,0.8909692
16777,0.88383406,0.00594967,0.110216275
16778,0.98111814,0.003862684,0.015019167
16779,0.96452963,0.0041133426,0.031357054
16780,0.9718318,0.001774835,0.026393441
16781,0.5074912,0.006018075,0.48649073
16782,0.2044313,0.010503939,0.78506476
16783,0.028082166,0.0019006572,0.9700172
16784,0.97399956,0.0076694544,0.01833096
16785,0.8305036,0.008185551,0.16131088
16786,0.0228739,0.014689712,0.9624364
16787,0.25526604,0.110004894,0.6347291
16788,0.8914668,0.0048120064,0.103721224
16789,0.26392815,0.008835517,0.72723633
16790,0.9793097,0.00392201,0.016768366
16791,0.9239406,0.0053996765,0.070659794
16792,0.34460068,0.54494166,0.110457666
16793,0.014381898,0.0034275895,0.9821905
16794,0.9702735,0.0053782975,0.024348227
16795,0.2273602,0.007830055,0.7648097
16796,0.8568837,0.019705204,0.12341112
16797,0.9240627,0.00474579,0.07119145
16798,0.9672211,0.003935777,0.028843122
16799,0.9526583,0.0035204752,0.043821216
16800,0.9538952,0.0060331565,0.040071644
16801,0.13869561,0.0051907147,0.8561136
16802,0.74372715,0.055111144,0.20116167
16803,0.86416215,0.0038171622,0.13202067
16804,0.56344175,0.08527409,0.3512842
16805,0.96070325,0.002889248,0.036407463
16806,0.114978544,0.58109057,0.30393088
16807,0.47351173,0.027123224,0.499365
16808,0.62596565,0.045005642,0.3290287
16809,0.14643592,0.7101517,0.14341238
16810,0.93284327,0.012841405,0.054315273
16811,0.40092227,0.05561065,0.5434671
16812,0.56267315,0.026053563,0.41127333
16813,0.10219287,0.0056788186,0.8921283
16814,0.9551525,0.014983798,0.029863635
16815,0.90769315,0.003898411,0.08840837
16816,0.87452644,0.0043064994,0.12116707
16817,0.37853983,0.357672,0.2637882
16818,0.8987966,0.01005361,0.09114977
16819,0.08980312,0.013373874,0.896823
16820,0.8402264,0.008819906,0.1509537
16821,0.9612398,0.0102741355,0.028486108
16822,0.08715746,0.13515954,0.777683
16823,0.91363776,0.0111033665,0.07525884
16824,0.89380455,0.004231363,0.101964064
16825,0.93401736,0.028179016,0.03780365
16826,0.49739745,0.01292127,0.48968127
16827,0.8571342,0.017558016,0.12530777
16828,0.90136427,0.05714095,0.041494764
16829,0.020956306,0.0014223573,0.9776213
16830,0.9645479,0.0038967892,0.031555414
16831,0.8934488,0.0130541725,0.09349698
16832,0.917038,0.023698851,0.059263173
16833,0.8919067,0.0063488525,0.10174443
16834,0.9355448,0.0033056373,0.061149634
16835,0.93770313,0.011757972,0.050538927
16836,0.9567953,0.0071846577,0.0360201
16837,0.9540915,0.0065481,0.03936043
16838,0.564909,0.091081806,0.34400922
16839,0.9805353,0.0068474137,0.012617276
16840,0.9508554,0.0035933824,0.04555127
16841,0.87466615,0.0056952857,0.119638614
16842,0.1259525,0.005445271,0.8686023
16843,0.79465586,0.0052201054,0.20012404
16844,0.10945645,0.005386976,0.88515663
16845,0.9406821,0.008942114,0.050375722
16846,0.81385314,0.11498938,0.07115752
16847,0.94723177,0.0046874247,0.04808073
16848,0.74529856,0.006237559,0.24846388
16849,0.95066196,0.0044537256,0.044884276
16850,0.09754863,0.010004981,0.8924464
16851,0.91214764,0.04167156,0.04618077
16852,0.73335713,0.021506228,0.24513668
16853,0.9751831,0.0033054498,0.021511454
16854,0.73501885,0.03660254,0.22837856
16855,0.92855585,0.01585578,0.05558834
16856,0.11711863,0.0051546386,0.87772673
16857,0.98516184,0.002174538,0.012663603
16858,0.7456437,0.008190152,0.24616612
16859,0.36884856,0.35807648,0.27307492
16860,0.89010155,0.0027930131,0.1071054
16861,0.92624813,0.0029648799,0.070786975
16862,0.9759437,0.0023668534,0.021689456
16863,0.0048426907,0.001037687,0.99411964
16864,0.97527677,0.003053972,0.021669291
16865,0.732281,0.04516218,0.22255677
16866,0.119705796,0.015907446,0.86438674
16867,0.7285384,0.007683869,0.2637777
16868,0.71821976,0.012882331,0.26889786
16869,0.3920709,0.00623077,0.60169834
16870,0.8579751,0.057098832,0.08492609
16871,0.9678183,0.002308423,0.02987325
16872,0.95859474,0.0089767445,0.032428477
16873,0.9752168,0.012197809,0.01258537
16874,0.4146498,0.03468581,0.55066437
16875,0.60974383,0.008992976,0.38126323
16876,0.9732092,0.0068533462,0.019937491
16877,0.14492582,0.02221891,0.8328552
16878,0.16939116,0.012974153,0.8176347
16879,0.5291438,0.0072628846,0.46359333
16880,0.95944357,0.0042335074,0.03632293
16881,0.85141724,0.0060576983,0.1425251
16882,0.1438819,0.011623292,0.84449476
16883,0.18655474,0.023414243,0.790031
16884,0.93416995,0.01062526,0.05520477
16885,0.9906882,0.0012482782,0.008063495
16886,0.06882173,0.011037364,0.9201409
16887,0.9174488,0.0042439336,0.0783072
16888,0.9245059,0.0075874357,0.06790663
16889,0.9418691,0.005586079,0.05254487
16890,0.9097592,0.0054640784,0.08477667
16891,0.9554873,0.0047413907,0.03977132
16892,0.03230406,0.005763484,0.9619325
16893,0.14692579,0.003999673,0.8490746
16894,0.006227718,0.00093523983,0.992837
16895,0.85418904,0.0063231364,0.13948786
16896,0.9763472,0.0021956773,0.021457182
16897,0.9257151,0.013664517,0.060620405
16898,0.018021515,0.0057480442,0.9762305
16899,0.98064154,0.00218621,0.017172225
16900,0.4367056,0.43144086,0.13185354
16901,0.2922456,0.042608257,0.6651461
16902,0.91937023,0.018558336,0.06207143
16903,0.96806943,0.00524828,0.026682287
16904,0.8755651,0.021887364,0.10254753
16905,0.9365483,0.005919909,0.05753174
16906,0.95387125,0.0021845065,0.04394423
16907,0.968939,0.001869688,0.029191263
16908,0.88112235,0.0029459712,0.11593172
16909,0.3354203,0.0074097384,0.65716994
16910,0.8669753,0.09678961,0.036235083
16911,0.7783439,0.0042097606,0.21744628
16912,0.8393467,0.015428654,0.14522466
16913,0.9542208,0.0033041171,0.042475186
16914,0.81891245,0.018390082,0.16269751
16915,0.9809677,0.0014954269,0.017536823
16916,0.9772993,0.0036723083,0.019028435
16917,0.97226816,0.011659454,0.016072378
16918,0.9758244,0.006699899,0.017475674
16919,0.89127225,0.0038322795,0.10489544
16920,0.95255953,0.0051707886,0.04226962
16921,0.15796866,0.028107448,0.8139239
16922,0.91617495,0.009317171,0.07450782
16923,0.5649539,0.10367449,0.3313716
16924,0.9399352,0.01021134,0.04985344
16925,0.0778915,0.013493214,0.9086153
16926,0.21995288,0.052774683,0.7272724
16927,0.010249793,0.002618587,0.9871316
16928,0.84356344,0.0123005025,0.14413604
16929,0.07423094,0.0053206296,0.9204484
16930,0.9186877,0.012340661,0.068971656
16931,0.7426888,0.1382936,0.11901759
16932,0.060638066,0.013343098,0.9260188
16933,0.93327695,0.037705567,0.029017448
16934,0.41399705,0.32088807,0.26511487
16935,0.18784888,0.012889758,0.7992614
16936,0.22103678,0.006678555,0.7722847
16937,0.43731195,0.0052466174,0.5574415
16938,0.0055064447,0.0013435133,0.99315006
16939,0.95405483,0.0027898347,0.043155376
16940,0.9641933,0.026975716,0.008831033
16941,0.97747016,0.0027012788,0.019828591
16942,0.032309372,0.004734143,0.96295655
16943,0.8208865,0.006576329,0.17253715
16944,0.13610213,0.0062277983,0.8576701
16945,0.89586914,0.008081652,0.09604919
16946,0.51206064,0.37579432,0.11214504
16947,0.8784752,0.019780282,0.10174453
16948,0.4251613,0.105902374,0.4689363
16949,0.9881025,0.0011083976,0.010789039
16950,0.0076969108,0.022701904,0.96960115
16951,0.97222793,0.0024297677,0.025342261
16952,0.95853174,0.0025042905,0.038963947
16953,0.55003893,0.007566177,0.44239488
16954,0.8976813,0.027678007,0.07464069
16955,0.22177278,0.07058916,0.707638
16956,0.92769194,0.0050097415,0.067298286
16957,0.9709308,0.003390842,0.025678374
16958,0.5427046,0.01073863,0.44655678
16959,0.67837656,0.019405032,0.30221838
16960,0.89215964,0.0077086375,0.10013175
16961,0.30482692,0.016497595,0.67867553
16962,0.29768118,0.019408036,0.6829108
16963,0.6598288,0.023765877,0.31640536
16964,0.9368914,0.003762052,0.05934655
16965,0.1163457,0.0075603714,0.8760939
16966,0.81242174,0.008387737,0.17919047
16967,0.6609366,0.021478895,0.31758448
16968,0.031535063,0.01857211,0.9498928
16969,0.16960205,0.023340939,0.807057
16970,0.8916496,0.003674855,0.1046756
16971,0.33564514,0.012913372,0.65144145
16972,0.93857205,0.009964679,0.05146321
16973,0.32381648,0.008773115,0.66741043
16974,0.9621765,0.005820324,0.032003198
16975,0.94223106,0.007812215,0.04995665
16976,0.9563799,0.005055931,0.038564205
16977,0.9786944,0.0061075687,0.015198027
16978,0.8636611,0.025142528,0.11119638
16979,0.48828065,0.037192076,0.47452727
16980,0.83796126,0.0053350427,0.15670376
16981,0.025247434,0.0050118743,0.9697407
16982,0.95151615,0.007088808,0.04139512
16983,0.23239878,0.019796226,0.747805
16984,0.5672383,0.0059849336,0.4267768
16985,0.027992949,0.00226238,0.96974474
16986,0.96895367,0.002255717,0.028790593
16987,0.9608803,0.0016538244,0.03746592
16988,0.74425405,0.029815342,0.22593059
16989,0.09882785,0.042873707,0.8582984
16990,0.8394726,0.0055284505,0.15499899
16991,0.0948763,0.03293251,0.87219125
16992,0.019538436,0.0025960202,0.9778656
16993,0.9504946,0.018943282,0.030562088
16994,0.09115651,0.13154523,0.7772982
16995,0.44361392,0.0054504485,0.5509356
16996,0.026110273,0.0057665883,0.96812314
16997,0.89941555,0.0034560175,0.09712843
16998,0.97497976,0.0012581962,0.023762064
16999,0.060274597,0.016684318,0.92304116
17000,0.97386587,0.0035231917,0.022610895
17001,0.9692487,0.010436253,0.020315079
17002,0.598719,0.09809315,0.30318785
17003,0.860455,0.010462122,0.1290829
17004,0.2805418,0.00916969,0.7102885
17005,0.9228888,0.00485661,0.07225457
17006,0.9133704,0.010002923,0.07662668
17007,0.984953,0.0071420963,0.007904912
17008,0.9559089,0.010415012,0.033676095
17009,0.7735947,0.014121619,0.21228367
17010,0.6127032,0.013749243,0.37354755
17011,0.95237786,0.004616618,0.04300552
17012,0.9374008,0.009284163,0.05331496
17013,0.49418882,0.07666988,0.42914128
17014,0.5385183,0.0059143705,0.45556733
17015,0.78797823,0.005232171,0.20678963
17016,0.96380234,0.009317239,0.02688037
17017,0.47281426,0.006830813,0.5203549
17018,0.06740256,0.0039850073,0.9286124
17019,0.44587892,0.033885527,0.52023554
17020,0.90734696,0.006621603,0.086031444
17021,0.9694285,0.0025608998,0.028010676
17022,0.51654106,0.06703844,0.4164205
17023,0.73501354,0.0059937844,0.25899267
17024,0.8727563,0.011183159,0.1160605
17025,0.9464822,0.0039859745,0.049531866
17026,0.91358185,0.0016393949,0.08477878
17027,0.34876406,0.022174971,0.629061
17028,0.73695165,0.0064127073,0.2566356
17029,0.8004381,0.0060321204,0.1935298
17030,0.63841945,0.0104303425,0.35115018
17031,0.9695804,0.004088699,0.026330879
17032,0.023477081,0.010308834,0.9662141
17033,0.9306936,0.02020247,0.049103927
17034,0.96653074,0.0060009705,0.027468288
17035,0.91411316,0.0069902046,0.07889668
17036,0.9711075,0.0015805989,0.027311908
17037,0.96610427,0.013690261,0.020205494
17038,0.05219861,0.023822622,0.92397875
17039,0.88780874,0.0035030127,0.108688325
17040,0.1709655,0.02067705,0.8083574
17041,0.70647824,0.02362527,0.26989648
17042,0.9306063,0.008714148,0.060679503
17043,0.98238796,0.00454481,0.013067182
17044,0.10372571,0.0037532642,0.892521
17045,0.03492655,0.0018976512,0.9631758
17046,0.72053844,0.05165574,0.22780582
17047,0.015654026,0.010590458,0.97375554
17048,0.9662507,0.0083698295,0.025379466
17049,0.63250905,0.01789581,0.3495952
17050,0.016020598,0.04212487,0.9418546
17051,0.59046763,0.06325949,0.3462729
17052,0.21993758,0.016692037,0.76337034
17053,0.91452026,0.018570114,0.06690966
17054,0.92955166,0.0044682496,0.06598005
17055,0.95666075,0.0029702855,0.040368922
17056,0.46323496,0.010051739,0.5267133
17057,0.88495165,0.0075876163,0.10746076
17058,0.41939652,0.01746534,0.5631382
17059,0.95238465,0.009331154,0.038284197
17060,0.9866149,0.0022483747,0.011136708
17061,0.89301205,0.015457833,0.09153006
17062,0.90256345,0.004092551,0.093344
17063,0.0051868656,0.0020929968,0.9927201
17064,0.2997716,0.09273861,0.60748976
17065,0.9660088,0.005757343,0.028233847
17066,0.57215637,0.008594394,0.4192492
17067,0.8787352,0.029649444,0.09161539
17068,0.8544882,0.011182223,0.13432962
17069,0.28462133,0.3502394,0.3651393
17070,0.58962876,0.010565389,0.39980584
17071,0.7280887,0.008926719,0.26298463
17072,0.93068177,0.005534799,0.063783444
17073,0.8530816,0.0054702517,0.14144814
17074,0.7138479,0.011085136,0.27506697
17075,0.9498357,0.0036085576,0.046555746
17076,0.37362182,0.015469352,0.6109088
17077,0.91302055,0.022684721,0.0642948
17078,0.95978564,0.0020628923,0.038151447
17079,0.100702375,0.01019979,0.88909787
17080,0.93778294,0.0028040404,0.05941306
17081,0.77854264,0.02555223,0.19590507
17082,0.9219446,0.0036827647,0.07437259
17083,0.95209366,0.0056528426,0.042253453
17084,0.97622097,0.0012370428,0.022542045
17085,0.34796226,0.020214416,0.6318233
17086,0.785659,0.024279308,0.19006166
17087,0.89746714,0.04654484,0.055988096
17088,0.26866528,0.008011015,0.7233237
17089,0.008033197,0.008576822,0.98339003
17090,0.9677805,0.0022129086,0.030006647
17091,0.81440204,0.008382477,0.17721549
17092,0.7968086,0.0064646956,0.19672677
17093,0.71957964,0.009711425,0.270709
17094,0.9343855,0.0032219668,0.06239254
17095,0.92995244,0.0034921372,0.06655546
17096,0.8539681,0.014893808,0.13113806
17097,0.9476881,0.0024115588,0.049900375
17098,0.86210716,0.008039236,0.1298536
17099,0.70771635,0.0127730165,0.27951062
17100,0.022354027,0.002713168,0.97493273
17101,0.75008327,0.009652509,0.24026424
17102,0.70798814,0.010940803,0.28107104
17103,0.9834087,0.0015711925,0.015020109
17104,0.1118218,0.0067288256,0.88144934
17105,0.07976564,0.009907464,0.9103269
17106,0.34181035,0.0330667,0.62512296
17107,0.90029013,0.008964642,0.09074522
17108,0.66264653,0.14647433,0.19087918
17109,0.92147845,0.010948192,0.06757336
17110,0.9641092,0.0062791742,0.029611591
17111,0.9765177,0.004406625,0.019075748
17112,0.98007303,0.008296741,0.011630194
17113,0.51205385,0.22407559,0.26387057
17114,0.159558,0.01176011,0.82868195
17115,0.9654128,0.00589813,0.02868905
17116,0.7123974,0.006542162,0.28106046
17117,0.8333027,0.072328106,0.09436925
17118,0.07477522,0.0031963454,0.9220284
17119,0.5191954,0.017682048,0.46312258
17120,0.961669,0.009734573,0.02859643
17121,0.0421381,0.0053430595,0.9525189
17122,0.85087466,0.038695395,0.11043002
17123,0.88365,0.0034743708,0.11287565
17124,0.98008347,0.0025042312,0.017412294
17125,0.82933384,0.007392169,0.16327396
17126,0.92216563,0.0040050913,0.073829256
17127,0.9768122,0.0019174425,0.021270439
17128,0.93139744,0.0030173967,0.06558512
17129,0.04356291,0.02575321,0.93068385
17130,0.96677756,0.0063342624,0.026888143
17131,0.9733662,0.0028066917,0.023827104
17132,0.016727757,0.024529405,0.95874286
17133,0.95545465,0.003786434,0.040758967
17134,0.02371693,0.0019930112,0.97429
17135,0.018932307,0.001805322,0.97926235
17136,0.97184384,0.0035127695,0.024643406
17137,0.07546902,0.007831588,0.9166994
17138,0.61721957,0.045255538,0.3375249
17139,0.99166614,0.0016026221,0.0067312717
17140,0.9817255,0.0023801024,0.015894393
17141,0.64937985,0.06925111,0.28136903
17142,0.9473872,0.0034795005,0.049133316
17143,0.06382094,0.0030427459,0.9331363
17144,0.980183,0.0010551324,0.018761858
17145,0.6557394,0.12393525,0.22032537
17146,0.94046646,0.0066912915,0.05284222
17147,0.28170314,0.004831436,0.71346545
17148,0.9394681,0.0076618665,0.052870095
17149,0.25665933,0.181656,0.56168467
17150,0.97788095,0.00778198,0.014337036
17151,0.9508032,0.0074291388,0.04176767
17152,0.8163288,0.005070069,0.17860115
17153,0.95701456,0.0031748505,0.039810583
17154,0.7181496,0.005778297,0.2760721
17155,0.0032668784,0.00079754775,0.99593556
17156,0.41629907,0.2026655,0.3810354
17157,0.11392701,0.021009235,0.8650637
17158,0.52391416,0.15178546,0.32430035
17159,0.29585165,0.022437638,0.68171066
17160,0.68067193,0.08689801,0.23243007
17161,0.7656511,0.01166162,0.22268726
17162,0.057945628,0.0060705394,0.93598384
17163,0.42049855,0.05729937,0.5222021
17164,0.73372126,0.08946639,0.1768123
17165,0.8933174,0.0039428114,0.1027398
17166,0.9288969,0.006692233,0.064410806
17167,0.011682465,0.0023660106,0.98595154
17168,0.8870127,0.009606089,0.1033812
17169,0.5328236,0.009715889,0.4574605
17170,0.9607367,0.0039010395,0.03536222
17171,0.7240425,0.08870219,0.18725528
17172,0.792424,0.014187848,0.19338809
17173,0.011420039,0.0026500083,0.98593
17174,0.9812261,0.0018000797,0.016973754
17175,0.654986,0.011376008,0.33363795
17176,0.8301803,0.07296703,0.09685268
17177,0.6673843,0.01769997,0.31491572
17178,0.9514162,0.004193725,0.044390056
17179,0.9558982,0.0023737762,0.041727994
17180,0.5432419,0.012967965,0.44379014
17181,0.5759435,0.01623013,0.40782633
17182,0.89724267,0.004001024,0.09875632
17183,0.9851673,0.00560914,0.009223607
17184,0.4862662,0.02084914,0.49288467
17185,0.9675578,0.001695732,0.030746471
17186,0.8931558,0.005592601,0.10125162
17187,0.97086257,0.0047215675,0.02441581
17188,0.960584,0.0102528995,0.029163092
17189,0.798099,0.008340941,0.19356002
17190,0.95946956,0.004110994,0.03641937
17191,0.71460545,0.026665611,0.258729
17192,0.071091406,0.004733008,0.9241756
17193,0.9609055,0.004918276,0.03417625
17194,0.96500766,0.002505671,0.032486692
17195,0.8904229,0.04952073,0.06005636
17196,0.55263025,0.09251459,0.35485515
17197,0.14513922,0.016103035,0.8387578
17198,0.89396363,0.01518818,0.09084813
17199,0.5083756,0.014228619,0.47739577
17200,0.9587491,0.0035787008,0.03767224
17201,0.80414796,0.033885803,0.16196626
17202,0.94595236,0.0036938332,0.050353777
17203,0.8142778,0.056524914,0.12919725
17204,0.022264328,0.0040406273,0.9736951
17205,0.592577,0.030020388,0.37740263
17206,0.4699112,0.0128551405,0.51723367
17207,0.94899887,0.008215336,0.042785827
17208,0.788693,0.01822078,0.19308622
17209,0.021373035,0.013297342,0.9653296
17210,0.92859924,0.0066281133,0.06477268
17211,0.93757415,0.0067060185,0.055719875
17212,0.9737811,0.0032581282,0.02296074
17213,0.9394996,0.00307321,0.05742716
17214,0.9481323,0.007501567,0.044366118
17215,0.94647884,0.01331888,0.04020224
17216,0.017306475,0.011730836,0.9709627
17217,0.0039155968,0.0010924196,0.99499196
17218,0.4120465,0.4880054,0.09994805
17219,0.97491735,0.0024590201,0.022623675
17220,0.4201771,0.0072940807,0.57252884
17221,0.10636665,0.0037220304,0.8899113
17222,0.026284343,0.02332601,0.9503897
17223,0.15899423,0.005471585,0.8355342
17224,0.2641948,0.011858794,0.7239464
17225,0.4520527,0.005419957,0.5425274
17226,0.94926924,0.017453577,0.033277113
17227,0.3280562,0.03830457,0.6336392
17228,0.9763642,0.0017628833,0.021872915
17229,0.030413957,0.0019641938,0.96762186
17230,0.8078683,0.08886041,0.103271306
17231,0.97048104,0.0016971497,0.027821854
17232,0.84869,0.004967567,0.14634247
17233,0.9697445,0.0021132913,0.028142177
17234,0.41888773,0.4885222,0.09259007
17235,0.7435816,0.017546609,0.23887175
17236,0.947181,0.005429988,0.047389045
17237,0.045549985,0.0032974673,0.95115256
17238,0.99285215,0.0017960604,0.005351767
17239,0.052513182,0.0043776366,0.94310915
17240,0.95063794,0.0103666885,0.038995374
17241,0.8798407,0.049715515,0.07044374
17242,0.0055790055,0.002864035,0.991557
17243,0.72177863,0.008011766,0.27020958
17244,0.956525,0.015943194,0.0275318
17245,0.8408986,0.026362719,0.13273874
17246,0.9749424,0.0026313844,0.022426212
17247,0.9819225,0.0020875633,0.01598989
17248,0.30016774,0.11729165,0.58254063
17249,0.9332643,0.018724248,0.04801148
17250,0.91459894,0.015170795,0.07023027
17251,0.9262015,0.010371451,0.063427016
17252,0.955263,0.0015878789,0.043149084
17253,0.5470664,0.012562781,0.44037083
17254,0.4912917,0.01690424,0.49180403
17255,0.9727797,0.008180107,0.019040253
17256,0.6261352,0.009538206,0.36432657
17257,0.8723801,0.0080581885,0.119561695
17258,0.9247588,0.011710376,0.06353086
17259,0.4000078,0.03479484,0.56519735
17260,0.9520177,0.011569625,0.036412634
17261,0.48946163,0.015496539,0.4950418
17262,0.93249756,0.004936719,0.06256574
17263,0.8323096,0.027411284,0.14027913
17264,0.909561,0.008405904,0.08203308
17265,0.5382582,0.00659605,0.45514572
17266,0.9443099,0.0058986587,0.049791466
17267,0.96282655,0.005195694,0.031977713
17268,0.3549581,0.006863418,0.6381785
17269,0.15697245,0.013044961,0.8299826
17270,0.97747463,0.0023932648,0.020132085
17271,0.7427359,0.007863456,0.24940065
17272,0.72966284,0.022314409,0.24802278
17273,0.9571143,0.009162587,0.033723176
17274,0.35828134,0.323456,0.3182627
17275,0.8010352,0.0825619,0.116402864
17276,0.7153786,0.11473319,0.16988824
17277,0.97218126,0.0026997682,0.025119003
17278,0.9733555,0.01053174,0.016112847
17279,0.8475557,0.007700592,0.1447437
17280,0.9871545,0.0021394775,0.010706053
17281,0.75802696,0.033981036,0.20799206
17282,0.8827199,0.005795166,0.1114849
17283,0.95651317,0.007687287,0.03579952
17284,0.9888742,0.0028675636,0.008258288
17285,0.00437307,0.0017412222,0.9938857
17286,0.87847483,0.005907604,0.11561754
17287,0.81141585,0.01084987,0.17773429
17288,0.97743964,0.0018412063,0.020719158
17289,0.84978485,0.008416132,0.14179902
17290,0.015788455,0.009535569,0.97467595
17291,0.9701104,0.0041948054,0.025694797
17292,0.13203014,0.13327909,0.7346908
17293,0.6952793,0.013613899,0.2911068
17294,0.48409683,0.11036412,0.4055391
17295,0.9550839,0.008947403,0.035968717
17296,0.40291256,0.03387882,0.56320864
17297,0.89669615,0.0049605533,0.098343246
17298,0.6380489,0.017454943,0.34449613
17299,0.96914816,0.0017939596,0.02905788
17300,0.048136752,0.011907821,0.9399555
17301,0.7406376,0.19895184,0.06041055
17302,0.40832192,0.26399332,0.32768476
17303,0.7298281,0.09852901,0.17164283
17304,0.17974004,0.035262033,0.78499794
17305,0.420963,0.10604899,0.472988
17306,0.01102827,0.0021445644,0.98682714
17307,0.9807366,0.0019145277,0.017348908
17308,0.98507327,0.003024203,0.011902574
17309,0.2378014,0.017939692,0.74425894
17310,0.8659085,0.037205875,0.09688565
17311,0.92844516,0.003996686,0.06755818
17312,0.8994555,0.044289928,0.05625453
17313,0.5492953,0.0065282295,0.44417652
17314,0.07000042,0.14730576,0.7826938
17315,0.3414235,0.25067773,0.40789878
17316,0.7088898,0.010087632,0.2810226
17317,0.94349784,0.0032950814,0.053207114
17318,0.21580411,0.018444834,0.765751
17319,0.96467817,0.0018489866,0.033472817
17320,0.9342909,0.030052355,0.035656776
17321,0.57742244,0.055775885,0.36680165
17322,0.86867064,0.0042344104,0.12709492
17323,0.5623895,0.009678716,0.42793185
17324,0.97209567,0.002270546,0.025633812
17325,0.015208973,0.001308554,0.9834825
17326,0.023525305,0.011026105,0.96544856
17327,0.16731842,0.28849283,0.5441888
17328,0.9499466,0.0032979583,0.046755433
17329,0.94985,0.008993569,0.041156463
17330,0.9616405,0.0016928583,0.036666684
17331,0.054060183,0.003670131,0.94226974
17332,0.67182773,0.0109817665,0.31719044
17333,0.42307523,0.22667405,0.3502507
17334,0.8098712,0.0065727565,0.18355605
17335,0.19821648,0.0068583577,0.79492515
17336,0.71902525,0.0061052274,0.27486953
17337,0.9504656,0.0021061264,0.04742831
17338,0.9746731,0.007481353,0.01784552
17339,0.9398242,0.0027862936,0.05738945
17340,0.96627355,0.002397248,0.031329244
17341,0.90357393,0.004919353,0.091506734
17342,0.44879824,0.05406908,0.49713263
17343,0.023133045,0.002799079,0.97406787
17344,0.87238145,0.021637676,0.1059809
17345,0.765153,0.010585375,0.2242616
17346,0.92804694,0.004361151,0.06759194
17347,0.9762056,0.005825611,0.01796882
17348,0.846216,0.008957645,0.14482631
17349,0.95326686,0.0046658497,0.042067304
17350,0.6581651,0.17524448,0.16659044
17351,0.8927524,0.008894042,0.09835355
17352,0.3172812,0.33108026,0.35163856
17353,0.80851644,0.04292813,0.14855543
17354,0.83971375,0.044583764,0.115702406
17355,0.93346804,0.0035919272,0.062939964
17356,0.96327454,0.0023350937,0.03439032
17357,0.97498137,0.0014765345,0.023542078
17358,0.6421627,0.11847443,0.23936291
17359,0.96689045,0.0031780624,0.02993148
17360,0.9694913,0.0038108532,0.026697867
17361,0.16900621,0.043912508,0.78708124
17362,0.82709855,0.012151504,0.16074994
17363,0.97312886,0.016644366,0.01022677
17364,0.9616613,0.0047926926,0.03354604
17365,0.9391363,0.0056021116,0.055261545
17366,0.97221935,0.0035709816,0.024209661
17367,0.017992768,0.0023381668,0.97966903
17368,0.9366416,0.017252013,0.04610642
17369,0.91834843,0.006630885,0.07502062
17370,0.9121085,0.0049096425,0.082981855
17371,0.9887733,0.0034171024,0.0078095826
17372,0.2962892,0.011702776,0.692008
17373,0.8582472,0.018051123,0.123701595
17374,0.05942707,0.0035618118,0.9370111
17375,0.06545249,0.0052363607,0.9293111
17376,0.4560317,0.011252333,0.532716
17377,0.9286259,0.009215776,0.0621584
17378,0.98441225,0.0033601555,0.012227554
17379,0.008386716,0.0015247577,0.9900885
17380,0.7599803,0.02662292,0.21339676
17381,0.6944114,0.010094582,0.29549396
17382,0.8024433,0.010337221,0.1872194
17383,0.9065496,0.045515943,0.047934487
17384,0.968857,0.0019989945,0.029143982
17385,0.98970604,0.0008890499,0.009404937
17386,0.4567718,0.0064159473,0.53681225
17387,0.017820612,0.0057937135,0.9763857
17388,0.75615287,0.010940437,0.23290664
17389,0.85214365,0.008434436,0.1394219
17390,0.96466964,0.012125924,0.023204468
17391,0.91842437,0.0041394774,0.07743615
17392,0.6589943,0.03456452,0.30644122
17393,0.8071416,0.052937888,0.13992052
17394,0.97275984,0.009050272,0.018189885
17395,0.9558427,0.005736256,0.038421106
17396,0.97386575,0.004412292,0.021721903
17397,0.97688144,0.0026066632,0.0205119
17398,0.068722665,0.012703529,0.9185738
17399,0.9708428,0.00990091,0.019256255
17400,0.6279544,0.03331661,0.3387289
17401,0.04663603,0.008801386,0.94456255
17402,0.974258,0.0029957301,0.022746298
17403,0.9665219,0.002150471,0.031327594
17404,0.71101356,0.0146758575,0.2743106
17405,0.74247164,0.023717187,0.23381113
17406,0.9223111,0.004901278,0.07278757
17407,0.8847307,0.0040297857,0.111239485
17408,0.8452728,0.008173291,0.14655392
17409,0.97535956,0.0025225577,0.022117859
17410,0.956736,0.0056206505,0.0376433
17411,0.9532597,0.0036450757,0.043095287
17412,0.9844534,0.0016269347,0.013919626
17413,0.97842145,0.003398387,0.018180102
17414,0.94847846,0.013342794,0.038178757
17415,0.97280955,0.0015866585,0.025603734
17416,0.97510976,0.0025775447,0.022312693
17417,0.96746093,0.004298975,0.028240116
17418,0.005942355,0.001852775,0.99220484
17419,0.5774862,0.0077188984,0.41479492
17420,0.90723264,0.03661334,0.05615403
17421,0.6842197,0.01792423,0.29785606
17422,0.9789844,0.007304114,0.013711432
17423,0.036766045,0.040075976,0.92315793
17424,0.9664286,0.015900007,0.017671349
17425,0.11484809,0.0059410776,0.8792109
17426,0.9436135,0.004097668,0.05228887
17427,0.34472862,0.008670316,0.6466011
17428,0.15988134,0.027546136,0.81257254
17429,0.97369313,0.0023828766,0.023923947
17430,0.728545,0.00936153,0.26209348
17431,0.97725016,0.0048246537,0.017925149
17432,0.8075721,0.036175977,0.15625183
17433,0.96935993,0.002306911,0.028333183
17434,0.9563441,0.0025777079,0.041078202
17435,0.9885266,0.0016988915,0.009774488
17436,0.60356784,0.22807671,0.16835546
17437,0.958265,0.0030192723,0.038715646
17438,0.8827586,0.0037429004,0.11349845
17439,0.5953776,0.08266069,0.3219617
17440,0.951589,0.0059996704,0.042411346
17441,0.5964919,0.0062264744,0.39728162
17442,0.82115966,0.0073637967,0.17147653
17443,0.96997225,0.0030396767,0.026988072
17444,0.09400804,0.00797235,0.8980196
17445,0.963757,0.004015372,0.032227688
17446,0.023444923,0.007894801,0.9686603
17447,0.9854037,0.0027219325,0.011874324
17448,0.9669608,0.0064061703,0.026633043
17449,0.87288845,0.035400275,0.0917113
17450,0.98006433,0.0033448234,0.016590867
17451,0.88021785,0.0034493038,0.11633286
17452,0.11106704,0.009286261,0.87964666
17453,0.013964176,0.0031410018,0.9828948
17454,0.027229479,0.010771809,0.96199876
17455,0.9682192,0.005662044,0.026118657
17456,0.116360106,0.015728433,0.86791146
17457,0.9160732,0.013484756,0.070442066
17458,0.9765718,0.002406333,0.021021912
17459,0.54155976,0.018207643,0.44023257
17460,0.09322448,0.011905475,0.8948701
17461,0.69114393,0.09605921,0.21279685
17462,0.9263971,0.00487276,0.06873014
17463,0.19282074,0.040944662,0.7662346
17464,0.11162274,0.012020156,0.87635714
17465,0.98544157,0.0021231435,0.012435249
17466,0.9204731,0.02098583,0.058541115
17467,0.03800367,0.030657537,0.93133885
17468,0.21260725,0.012853069,0.7745397
17469,0.949725,0.00543501,0.044840034
17470,0.05670706,0.020377638,0.92291534
17471,0.5608661,0.0073025124,0.4318314
17472,0.9560542,0.0043010865,0.039644703
17473,0.9781472,0.0048419,0.017010922
17474,0.96736854,0.002394011,0.030237388
17475,0.97589046,0.011330102,0.012779497
17476,0.05719423,0.041314762,0.901491
17477,0.9852667,0.0036166639,0.011116676
17478,0.9791772,0.0040072454,0.016815513
17479,0.86684877,0.005277398,0.12787388
17480,0.110529006,0.020516878,0.8689542
17481,0.70252275,0.01617141,0.28130585
17482,0.9731512,0.010658161,0.016190697
17483,0.9468573,0.015213137,0.03792962
17484,0.034111995,0.01885589,0.94703215
17485,0.0226978,0.04064403,0.93665814
17486,0.97869223,0.0015096578,0.019798078
17487,0.77337325,0.006691532,0.21993518
17488,0.025322922,0.0021038866,0.97257316
17489,0.93981004,0.03341329,0.026776703
17490,0.61845165,0.049393535,0.33215478
17491,0.9694175,0.0014698462,0.029112687
17492,0.93152905,0.02156692,0.046904087
17493,0.96711606,0.005475324,0.027408583
17494,0.98520327,0.0046068705,0.010189859
17495,0.05199022,0.10410633,0.8439035
17496,0.11930659,0.13287665,0.74781674
17497,0.11314226,0.0037021756,0.8831556
17498,0.9308682,0.008700231,0.060431596
17499,0.02238857,0.01177088,0.9658405
17500,0.9705039,0.0069290884,0.022566985
17501,0.008011228,0.0033267522,0.98866194
17502,0.009340359,0.002393145,0.9882665
17503,0.9101021,0.016179778,0.07371808
17504,0.9532856,0.014713735,0.032000717
17505,0.1560849,0.0044298973,0.8394852
17506,0.8096587,0.00759517,0.18274617
17507,0.8719717,0.0047298498,0.12329842
17508,0.08175623,0.008078724,0.910165
17509,0.67387915,0.22578725,0.10033363
17510,0.7211478,0.009996698,0.26885554
17511,0.95268255,0.011408582,0.035908923
17512,0.9109308,0.0063737417,0.0826954
17513,0.116368406,0.0044613024,0.8791703
17514,0.7479794,0.009553249,0.24246734
17515,0.7873514,0.011819978,0.20082864
17516,0.34165466,0.012351075,0.64599425
17517,0.9511158,0.015221181,0.03366309
17518,0.0376123,0.0030910426,0.95929664
17519,0.55869764,0.011213278,0.43008912
17520,0.77942055,0.03224875,0.18833068
17521,0.12918791,0.0053535867,0.8654585
17522,0.97106624,0.0105283,0.018405449
17523,0.9327497,0.006440915,0.06080939
17524,0.9222008,0.006204488,0.07159468
17525,0.9571615,0.007535269,0.035303306
17526,0.9703378,0.0011780876,0.028484182
17527,0.9086893,0.009041312,0.082269415
17528,0.87374926,0.0044418583,0.12180892
17529,0.8778116,0.023513667,0.0986747
17530,0.7343031,0.009181065,0.2565158
17531,0.9516736,0.003986291,0.044340115
17532,0.09278849,0.08351734,0.8236941
17533,0.6445149,0.008345882,0.3471392
17534,0.61288345,0.010710917,0.3764056
17535,0.94793344,0.02202505,0.03004153
17536,0.84917057,0.09957716,0.051252212
17537,0.629527,0.006644762,0.36382827
17538,0.7066382,0.004629544,0.28873223
17539,0.9647412,0.0048112986,0.03044747
17540,0.019933349,0.003181557,0.9768851
17541,0.6636074,0.0070980215,0.32929453
17542,0.896814,0.001790158,0.10139588
17543,0.65283936,0.006633933,0.34052667
17544,0.92890185,0.050017774,0.021080332
17545,0.022897592,0.0020914953,0.97501093
17546,0.053922895,0.0065554194,0.93952173
17547,0.9777671,0.0010959147,0.021137001
17548,0.023265673,0.010643763,0.96609056
17549,0.962041,0.0043592663,0.033599686
17550,0.59450847,0.011915649,0.39357585
17551,0.64419115,0.25963795,0.09617087
17552,0.07656795,0.0035110414,0.91992104
17553,0.9414674,0.024411498,0.0341211
17554,0.8777894,0.007222492,0.11498821
17555,0.93836826,0.041735683,0.019895999
17556,0.982862,0.005124849,0.012013232
17557,0.25057846,0.015737362,0.7336842
17558,0.05722615,0.003275105,0.9394988
17559,0.92733485,0.0067398096,0.06592538
17560,0.97388124,0.0062317606,0.019886985
17561,0.9370036,0.0063810702,0.056615308
17562,0.09021156,0.0071153585,0.9026731
17563,0.9789068,0.003190313,0.017902872
17564,0.9346624,0.012992227,0.052345432
17565,0.6198246,0.0888762,0.29129922
17566,0.6859716,0.022348162,0.29168016
17567,0.4395334,0.02351064,0.53695595
17568,0.7894876,0.009976204,0.20053624
17569,0.124134265,0.11152001,0.7643457
17570,0.97280335,0.009498371,0.017698267
17571,0.9715291,0.012452026,0.01601886
17572,0.6531231,0.04411912,0.3027578
17573,0.7564468,0.009674422,0.23387884
17574,0.93432885,0.0040290467,0.061642166
17575,0.8228453,0.0063271276,0.17082763
17576,0.9636403,0.012722526,0.023637258
17577,0.95589167,0.0031578406,0.040950533
17578,0.30110842,0.01389573,0.6849959
17579,0.921282,0.008165543,0.07055241
17580,0.9568694,0.010619154,0.0325114
17581,0.72833806,0.033832736,0.23782921
17582,0.9115097,0.0023535015,0.08613679
17583,0.98801196,0.0013018873,0.0106860995
17584,0.98202354,0.0029493568,0.015027072
17585,0.26167905,0.033727195,0.7045938
17586,0.75793755,0.05902822,0.1830342
17587,0.9740276,0.0032409935,0.02273144
17588,0.8987932,0.006052863,0.09515387
17589,0.87573695,0.0066550695,0.11760796
17590,0.97194654,0.015913317,0.01214017
17591,0.983603,0.0016971172,0.014699846
17592,0.55209595,0.026448227,0.42145583
17593,0.8672613,0.06979213,0.06294658
17594,0.5987613,0.015046412,0.3861923
17595,0.8687286,0.021297084,0.10997437
17596,0.07468809,0.0062453914,0.91906655
17597,0.5024972,0.04954516,0.4479576
17598,0.08339926,0.004944587,0.9116562
17599,0.23097266,0.01237265,0.7566547
17600,0.99165547,0.0013642753,0.006980195
17601,0.90252906,0.00878786,0.08868304
17602,0.010818673,0.0020910276,0.9870903
17603,0.94104683,0.005816184,0.053137045
17604,0.85072494,0.0070984093,0.1421767
17605,0.653315,0.020894514,0.32579046
17606,0.8681443,0.0055725016,0.12628323
17607,0.5244705,0.091407165,0.38412237
17608,0.9743516,0.0093158325,0.016332606
17609,0.94730645,0.004631437,0.048062056
17610,0.8099248,0.009867797,0.18020745
17611,0.73714995,0.05017708,0.21267295
17612,0.97692174,0.0030331293,0.020045122
17613,0.9477927,0.0041036448,0.048103627
17614,0.9843709,0.0019934005,0.013635677
17615,0.041763414,0.017076805,0.9411598
17616,0.5100746,0.09315243,0.39677295
17617,0.553998,0.0064801173,0.43952188
17618,0.9548389,0.013155166,0.03200591
17619,0.10753342,0.0031247486,0.8893418
17620,0.07284268,0.0027549341,0.9244024
17621,0.060248155,0.0052322056,0.93451965
17622,0.9649935,0.012867787,0.022138737
17623,0.7921381,0.037342466,0.1705194
17624,0.93744874,0.0036161311,0.058935106
17625,0.82601047,0.070044555,0.10394502
17626,0.1346142,0.02513186,0.84025395
17627,0.98412883,0.0027754563,0.013095683
17628,0.706397,0.013565693,0.28003728
17629,0.9256819,0.0036909536,0.07062713
17630,0.9542314,0.008792183,0.03697647
17631,0.8776964,0.009908912,0.11239473
17632,0.9310656,0.0076692835,0.06126514
17633,0.73082036,0.007794137,0.26138556
17634,0.4312302,0.104656525,0.46411332
17635,0.6578851,0.0838484,0.25826654
17636,0.8936412,0.021731276,0.08462753
17637,0.09532523,0.003360164,0.9013146
17638,0.4466457,0.0065290127,0.5468253
17639,0.4485335,0.024893958,0.5265725
17640,0.93941116,0.008346376,0.052242488
17641,0.29985473,0.014673731,0.68547153
17642,0.9635744,0.008054029,0.028371517
17643,0.87058485,0.012769027,0.11664618
17644,0.94834334,0.003452346,0.048204318
17645,0.008768817,0.0029260376,0.9883052
17646,0.9180157,0.005711227,0.076273054
17647,0.96911836,0.0024042442,0.02847742
17648,0.85052454,0.004985035,0.14449045
17649,0.69234216,0.02402385,0.28363395
17650,0.28161928,0.008458879,0.7099219
17651,0.17448524,0.0076511237,0.81786364
17652,0.046535056,0.03522785,0.9182371
17653,0.6414522,0.02588737,0.3326604
17654,0.07993262,0.0032915445,0.9167758
17655,0.8492492,0.045894213,0.10485659
17656,0.93230313,0.009005745,0.058691114
17657,0.8899901,0.0091929985,0.10081694
17658,0.8627069,0.016702818,0.120590284
17659,0.08930505,0.020385526,0.8903094
17660,0.18888426,0.018278547,0.79283714
17661,0.17173377,0.029151544,0.79911464
17662,0.98336077,0.0012276211,0.01541162
17663,0.79133594,0.007553068,0.20111097
17664,0.054096807,0.29013583,0.6557673
17665,0.9525695,0.003141061,0.04428947
17666,0.98012835,0.0057350527,0.014136607
17667,0.96203065,0.0022031758,0.035766177
17668,0.8506984,0.12533228,0.023969315
17669,0.9625977,0.00499573,0.032406487
17670,0.9581092,0.019773463,0.02211738
17671,0.12507772,0.010659996,0.8642622
17672,0.95277387,0.009104741,0.038121402
17673,0.7653304,0.0087129865,0.2259566
17674,0.9131676,0.0037617171,0.083070606
17675,0.92591876,0.005429834,0.06865144
17676,0.9216066,0.0044203647,0.07397307
17677,0.91110265,0.007309195,0.081588104
17678,0.3826218,0.006373034,0.6110051
17679,0.96689856,0.0061747096,0.026926769
17680,0.3519226,0.0109898485,0.6370875
17681,0.95684683,0.002817502,0.040335707
17682,0.38702488,0.04064383,0.5723313
17683,0.34387878,0.011405602,0.6447156
17684,0.97691524,0.0038439312,0.019240877
17685,0.9178769,0.008887277,0.07323581
17686,0.25990218,0.0057968996,0.7343009
17687,0.9751629,0.0019875315,0.022849534
17688,0.80199057,0.08987626,0.10813314
17689,0.9822626,0.0006684208,0.017068937
17690,0.9583156,0.003928024,0.037756383
17691,0.87035745,0.0072099343,0.12243255
17692,0.88193095,0.0074639935,0.11060508
17693,0.3226958,0.013445378,0.66385883
17694,0.93506736,0.015401326,0.04953131
17695,0.9076491,0.0051349266,0.08721599
17696,0.19516115,0.008293595,0.7965452
17697,0.8246129,0.003857575,0.17152953
17698,0.69100887,0.04296095,0.26603013
17699,0.45206368,0.013772571,0.5341637
17700,0.74886745,0.023529788,0.22760272
17701,0.024007663,0.0019032791,0.9740891
17702,0.9838418,0.0037868167,0.012371395
17703,0.7273202,0.0062345965,0.26644516
17704,0.6057411,0.08571786,0.30854103
17705,0.8261918,0.028418008,0.14539017
17706,0.988974,0.0018540794,0.009171906
17707,0.9477883,0.0073073003,0.04490437
17708,0.005433701,0.0029913057,0.99157494
17709,0.94419223,0.013784531,0.04202325
17710,0.8567323,0.053631425,0.08963621
17711,0.29578745,0.0893943,0.6148182
17712,0.91368216,0.047748435,0.038569435
17713,0.47067228,0.011056074,0.5182716
17714,0.95183474,0.0018780221,0.046287302
17715,0.9327071,0.002941674,0.06435129
17716,0.98770976,0.0018839913,0.010406215
17717,0.9385789,0.0018178087,0.05960333
17718,0.9838472,0.004696965,0.011455846
17719,0.29464313,0.026714467,0.6786424
17720,0.46917835,0.055527344,0.47529435
17721,0.94612837,0.005375578,0.04849605
17722,0.025564805,0.008226183,0.966209
17723,0.73414856,0.22228082,0.04357068
17724,0.80525225,0.057043158,0.1377046
17725,0.8682003,0.0031579663,0.12864168
17726,0.5866486,0.029996311,0.38335517
17727,0.96788657,0.0018707678,0.030242633
17728,0.9841629,0.002120141,0.013716912
17729,0.65740836,0.010995971,0.3315957
17730,0.23803131,0.03331745,0.7286513
17731,0.9538603,0.011238218,0.03490144
17732,0.966649,0.002580361,0.030770661
17733,0.008044581,0.002114205,0.98984116
17734,0.2141335,0.027025921,0.7588406
17735,0.7200617,0.23591197,0.044026334
17736,0.9132613,0.005342607,0.08139617
17737,0.052066676,0.024751035,0.9231823
17738,0.7556424,0.014981974,0.22937563
17739,0.91024554,0.02622601,0.06352841
17740,0.98194456,0.0017174261,0.01633803
17741,0.2293507,0.36566028,0.40498906
17742,0.9556512,0.00837283,0.035975922
17743,0.6932511,0.0081178555,0.29863113
17744,0.48816422,0.02888684,0.4829489
17745,0.9089638,0.0028862657,0.088149965
17746,0.9824514,0.0047490825,0.012799499
17747,0.640953,0.03378374,0.32526326
17748,0.97076035,0.0041953726,0.02504432
17749,0.9585385,0.012334768,0.029126804
17750,0.9860194,0.0023847518,0.011595864
17751,0.026125012,0.002315776,0.97155917
17752,0.79781836,0.017654935,0.18452667
17753,0.95977014,0.002561769,0.03766812
17754,0.9674517,0.002055226,0.030493066
17755,0.09871612,0.004678152,0.89660573
17756,0.90790695,0.003365377,0.08872769
17757,0.86312646,0.007934805,0.12893873
17758,0.95157546,0.0029823396,0.04544213
17759,0.97230554,0.0110861575,0.016608324
17760,0.027152427,0.0029706054,0.969877
17761,0.79177034,0.04228576,0.16594394
17762,0.95820874,0.018599762,0.023191484
17763,0.13893446,0.040588565,0.82047695
17764,0.9393624,0.003381695,0.05725588
17765,0.9830208,0.007373636,0.0096056145
17766,0.32645822,0.01835092,0.6551908
17767,0.3111772,0.012963054,0.67585975
17768,0.14742976,0.00521564,0.8473546
17769,0.07599569,0.0048879255,0.9191164
17770,0.8504816,0.005099411,0.14441898
17771,0.9598143,0.001720437,0.0384653
17772,0.46624064,0.023010299,0.51074904
17773,0.9583789,0.002265539,0.03935558
17774,0.029578226,0.003976347,0.9664454
17775,0.10894818,0.009108095,0.88194376
17776,0.7970157,0.04369733,0.15928696
17777,0.5987936,0.008133983,0.3930724
17778,0.09544852,0.0028820597,0.90166944
17779,0.04230235,0.17046385,0.7872338
17780,0.9584412,0.0027870212,0.03877174
17781,0.93447906,0.003596709,0.061924312
17782,0.5782479,0.020283151,0.401469
17783,0.9823553,0.0022460904,0.015398646
17784,0.984695,0.0017471729,0.013557865
17785,0.018818464,0.0019501095,0.9792315
17786,0.18157394,0.0066351225,0.8117909
17787,0.11591092,0.006281255,0.8778078
17788,0.9482683,0.023755563,0.027976189
17789,0.8996475,0.019770144,0.08058239
17790,0.74829876,0.01282929,0.23887198
17791,0.9432991,0.002822056,0.053878866
17792,0.60114247,0.007011832,0.39184573
17793,0.8270152,0.0051831724,0.16780159
17794,0.48671037,0.036812212,0.4764774
17795,0.9479892,0.00852653,0.043484204
17796,0.95916885,0.0022087197,0.038622465
17797,0.91696143,0.011200334,0.071838275
17798,0.8199282,0.01002318,0.17004861
17799,0.8914731,0.0076531377,0.100873746
17800,0.8722069,0.033416267,0.094376795
17801,0.8849062,0.0029237655,0.11217001
17802,0.85358393,0.043473635,0.10294241
17803,0.7882066,0.009023918,0.20276953
17804,0.83141434,0.01308246,0.15550321
17805,0.81514496,0.015613459,0.1692416
17806,0.9922293,0.0025196292,0.005251055
17807,0.9501836,0.0036617399,0.046154737
17808,0.97000486,0.0016763993,0.028318727
17809,0.9490419,0.010217938,0.040740207
17810,0.13007182,0.23748793,0.63244027
17811,0.4679526,0.008595323,0.5234521
17812,0.98994607,0.0018808811,0.008173105
17813,0.96258765,0.00898456,0.028427782
17814,0.9780496,0.0057929587,0.016157484
17815,0.95626545,0.0031578974,0.0405767
17816,0.6568616,0.005060525,0.3380779
17817,0.07750324,0.004756603,0.9177402
17818,0.9194216,0.002483711,0.07809462
17819,0.5433097,0.027482038,0.42920828
17820,0.0065522264,0.0013661912,0.9920815
17821,0.09252617,0.0056603346,0.9018135
17822,0.95591223,0.0019377446,0.042149965
17823,0.9778195,0.00715504,0.015025444
17824,0.9760208,0.009117248,0.0148619665
17825,0.9282924,0.033388134,0.03831945
17826,0.9857452,0.001271566,0.012983167
17827,0.9468957,0.018690435,0.03441389
17828,0.94407994,0.007911678,0.048008364
17829,0.889009,0.05233275,0.0586582
17830,0.96496224,0.0069364957,0.028101211
17831,0.9719187,0.0033534903,0.024727806
17832,0.81114984,0.034013774,0.15483637
17833,0.007824016,0.0035379243,0.9886381
17834,0.06311675,0.005591172,0.9312921
17835,0.97926426,0.0061931997,0.014542525
17836,0.003958502,0.001331093,0.99471045
17837,0.92942894,0.010303156,0.060267955
17838,0.01253453,0.0037670387,0.98369837
17839,0.40620345,0.070622936,0.52317363
17840,0.38447738,0.006467139,0.60905546
17841,0.9512191,0.0024555176,0.04632539
17842,0.9491958,0.0036941334,0.04711004
17843,0.054309063,0.040108353,0.9055826
17844,0.93183345,0.01470607,0.05346045
17845,0.61314803,0.008841835,0.37801012
17846,0.6594791,0.00727074,0.33325016
17847,0.95463383,0.001773334,0.043592803
17848,0.95801866,0.0044943416,0.037487026
17849,0.86834574,0.09941387,0.03224038
17850,0.86215544,0.08378743,0.054057106
17851,0.88890445,0.058215536,0.05288001
17852,0.9632136,0.002237729,0.034548696
17853,0.9117904,0.023742417,0.06446727
17854,0.9661313,0.007930817,0.025937913
17855,0.9035217,0.012988235,0.0834901
17856,0.9558934,0.003287178,0.04081941
17857,0.46431682,0.011039305,0.52464384
17858,0.6860246,0.007614354,0.30636105
17859,0.0038136847,0.00096790906,0.99521834
17860,0.9072307,0.035102237,0.057667106
17861,0.7465423,0.111177675,0.14228006
17862,0.085970044,0.00400822,0.9100218
17863,0.04471177,0.018353846,0.9369344
17864,0.07715845,0.04189165,0.88094985
17865,0.0778303,0.041845158,0.88032454
17866,0.90383923,0.0046170456,0.09154371
17867,0.5739759,0.017691175,0.4083329
17868,0.75492257,0.0056507527,0.23942675
17869,0.95809066,0.011290693,0.030618679
17870,0.14807288,0.010921188,0.841006
17871,0.32546553,0.02061903,0.65391546
17872,0.97287333,0.006999589,0.020127071
17873,0.25138652,0.008629266,0.7399843
17874,0.7090621,0.008729393,0.28220856
17875,0.9369599,0.0036935967,0.05934648
17876,0.117337495,0.0039583375,0.87870413
17877,0.021496141,0.004815637,0.9736882
17878,0.97685754,0.0026036059,0.020538853
17879,0.97756255,0.0041736825,0.018263793
17880,0.049958654,0.009799117,0.94024223
17881,0.69284886,0.0047006924,0.30245048
17882,0.99120504,0.0009172591,0.007877688
17883,0.9051523,0.028661683,0.06618598
17884,0.16366294,0.0068884273,0.82944864
17885,0.113203205,0.015307781,0.871489
17886,0.94826883,0.0065339566,0.045197252
17887,0.07844871,0.0050101113,0.91654116
17888,0.9790242,0.0017395704,0.01923623
17889,0.98001194,0.0011223757,0.01886572
17890,0.91638285,0.03549202,0.048125107
17891,0.9069725,0.003888609,0.08913883
17892,0.8190404,0.038729317,0.1422303
17893,0.98352945,0.002244019,0.014226528
17894,0.9654871,0.003382338,0.03113056
17895,0.8343065,0.016281404,0.1494121
17896,0.94246364,0.009939809,0.04759658
17897,0.9758079,0.0019505401,0.022241501
17898,0.9498784,0.0056007025,0.04452089
17899,0.3695333,0.01399618,0.6164705
17900,0.92094076,0.002279811,0.076779395
17901,0.25486305,0.60531354,0.13982339
17902,0.9579852,0.004308763,0.03770602
17903,0.59129643,0.005599211,0.40310434
17904,0.9194127,0.04039629,0.040191095
17905,0.98046976,0.002914444,0.016615815
17906,0.8458473,0.008495956,0.1456567
17907,0.8925378,0.006060441,0.10140179
17908,0.014462032,0.002031595,0.9835064
17909,0.06541199,0.03081139,0.90377665
17910,0.37471896,0.0056147925,0.6196662
17911,0.83371496,0.0054362966,0.1608488
17912,0.91506124,0.009827557,0.0751112
17913,0.9467841,0.0024285945,0.050787322
17914,0.8033285,0.08032555,0.11634594
17915,0.87109417,0.0037045372,0.12520133
17916,0.96722347,0.009388796,0.023387792
17917,0.9641942,0.002622129,0.03318364
17918,0.014895962,0.0017547656,0.9833492
17919,0.62520385,0.16367671,0.2111194
17920,0.9273172,0.0049313456,0.06775141
17921,0.9806605,0.007297045,0.012042502
17922,0.9397997,0.0074433726,0.052756898
17923,0.98317474,0.0029610284,0.013864244
17924,0.025253262,0.0029856155,0.9717611
17925,0.13876607,0.35876974,0.50246423
17926,0.1201298,0.024157397,0.8557128
17927,0.7625075,0.0124820005,0.22501048
17928,0.9811632,0.007954913,0.010881874
17929,0.92104053,0.036699194,0.04226021
17930,0.07553435,0.0041490677,0.9203165
17931,0.7956832,0.0051317173,0.19918509
17932,0.3955651,0.03709471,0.5673402
17933,0.9619072,0.003465221,0.034627557
17934,0.8720493,0.012734294,0.115216434
17935,0.64855886,0.20358753,0.1478536
17936,0.37046874,0.07926451,0.55026674
17937,0.88045204,0.007789214,0.111758776
17938,0.1956353,0.023629716,0.780735
17939,0.56984466,0.037351284,0.39280406
17940,0.027085675,0.0062919413,0.96662235
17941,0.013224808,0.006506043,0.98026913
17942,0.75171185,0.025083736,0.22320446
17943,0.93461716,0.0036912211,0.0616916
17944,0.005582105,0.00073764817,0.99368024
17945,0.10629432,0.019199379,0.8745063
17946,0.12601453,0.004295708,0.86968976
17947,0.8587189,0.004389166,0.13689196
17948,0.92007923,0.0029916924,0.07692911
17949,0.94583046,0.002745204,0.05142441
17950,0.12602179,0.0065011103,0.8674771
17951,0.16738571,0.005378999,0.8272352
17952,0.6724252,0.18466721,0.14290759
17953,0.980742,0.0014075737,0.017850464
17954,0.9728706,0.011066671,0.016062763
17955,0.02042382,0.0016951635,0.9778811
17956,0.93536264,0.0036213459,0.061016064
17957,0.9837024,0.0038732646,0.012424275
17958,0.75463164,0.0036431425,0.24172525
17959,0.98999655,0.0013851926,0.008618214
17960,0.86533886,0.026335616,0.10832556
17961,0.0759722,0.007091849,0.916936
17962,0.8616391,0.007267549,0.13109335
17963,0.9118403,0.031390686,0.056768972
17964,0.95691854,0.0076402063,0.03544133
17965,0.9759871,0.0031179637,0.020894984
17966,0.118111044,0.022520341,0.8593686
17967,0.97353417,0.002159643,0.024306199
17968,0.8495328,0.023562523,0.12690471
17969,0.78406936,0.02853695,0.18739371
17970,0.9390671,0.00567534,0.055257473
17971,0.9459175,0.011625417,0.042457063
17972,0.7261233,0.21488832,0.058988433
17973,0.96382165,0.002335756,0.033842564
17974,0.088907175,0.0067429687,0.90434986
17975,0.9523323,0.0046432978,0.04302437
17976,0.04553488,0.011176628,0.9432885
17977,0.708032,0.0050669913,0.28690097
17978,0.95102334,0.0024308527,0.046545804
17979,0.7845278,0.0069865934,0.20848565
17980,0.9650994,0.0029551617,0.031945504
17981,0.6386667,0.008112661,0.3532206
17982,0.9912476,0.0010737912,0.0076786443
17983,0.1251064,0.0048511866,0.87004244
17984,0.88912046,0.018126028,0.0927535
17985,0.9143732,0.008000462,0.07762636
17986,0.92226964,0.00897256,0.0687578
17987,0.013312536,0.0027394192,0.98394805
17988,0.89830565,0.01583957,0.085854836
17989,0.42190894,0.00815689,0.5699342
17990,0.90669453,0.022299726,0.07100577
17991,0.8940085,0.004568938,0.10142251
17992,0.9237315,0.0133672105,0.0629013
17993,0.85518956,0.006684492,0.13812594
17994,0.08440527,0.028441219,0.8871535
17995,0.013951064,0.0013279644,0.984721
17996,0.2984477,0.12833193,0.5732204
17997,0.20371898,0.0104722,0.7858088
17998,0.9296932,0.008900371,0.061406363
17999,0.7006979,0.014821168,0.28448096
18000,0.47984272,0.01869096,0.5014663
18001,0.9428755,0.005560775,0.051563643
18002,0.7098421,0.007876836,0.28228104
18003,0.97903264,0.004799257,0.016168157
18004,0.03546936,0.002889046,0.96164155
18005,0.9792036,0.002787546,0.018008819
18006,0.9628902,0.013525046,0.023584725
18007,0.96711516,0.0026307874,0.030254029
18008,0.6616973,0.020533497,0.31776923
18009,0.9270864,0.0033508132,0.06956273
18010,0.642488,0.06903679,0.2884752
18011,0.07803552,0.022122132,0.8998423
18012,0.96568954,0.008702979,0.025607426
18013,0.5651977,0.013329469,0.42147282
18014,0.9769403,0.004288601,0.018771093
18015,0.9483888,0.007925816,0.043685425
18016,0.8873106,0.018274855,0.09441454
18017,0.89460087,0.0069496124,0.09844948
18018,0.979599,0.0014642274,0.018936789
18019,0.9588521,0.0053391014,0.035808805
18020,0.9714087,0.006861317,0.02172998
18021,0.25692567,0.013434643,0.7296397
18022,0.6224256,0.008140869,0.3694335
18023,0.9246003,0.016652774,0.05874698
18024,0.9807422,0.0011178162,0.01813998
18025,0.96124727,0.0024156224,0.03633709
18026,0.9617141,0.0019351114,0.036350843
18027,0.79825836,0.005475952,0.19626568
18028,0.8779418,0.008146101,0.11391216
18029,0.9629187,0.010086672,0.026994552
18030,0.9747155,0.0022006677,0.023083838
18031,0.9614596,0.0030066278,0.03553382
18032,0.8790116,0.00571129,0.1152771
18033,0.8787712,0.0036531494,0.11757567
18034,0.9920771,0.00092115055,0.007001778
18035,0.65676963,0.014459901,0.3287705
18036,0.016449956,0.005912174,0.9776379
18037,0.03484714,0.0041943905,0.9609585
18038,0.09735613,0.06229311,0.84035075
18039,0.045614418,0.283937,0.67044854
18040,0.7988487,0.012957397,0.1881939
18041,0.04247568,0.028862346,0.92866194
18042,0.79191095,0.014077194,0.19401185
18043,0.94764465,0.0025138212,0.04984155
18044,0.96456504,0.007358967,0.02807605
18045,0.5284778,0.017575758,0.4539464
18046,0.848525,0.008285476,0.14318956
18047,0.94814324,0.00334282,0.04851392
18048,0.8266329,0.038609408,0.13475767
18049,0.92595565,0.0064295786,0.06761484
18050,0.07762714,0.0064216587,0.9159512
18051,0.8661574,0.034237526,0.09960505
18052,0.12096874,0.0053087273,0.8737225
18053,0.3065261,0.06806896,0.62540495
18054,0.98767906,0.0016618277,0.010659179
18055,0.9156777,0.0044845985,0.07983762
18056,0.9822481,0.0017256713,0.01602626
18057,0.9658214,0.0057238303,0.028454814
18058,0.97374344,0.004063194,0.022193298
18059,0.96504486,0.002372566,0.03258253
18060,0.77987134,0.1830719,0.037056807
18061,0.9803391,0.0010722416,0.018588603
18062,0.8908362,0.011999384,0.09716447
18063,0.9775228,0.0018823618,0.020594796
18064,0.7828767,0.0055583026,0.21156502
18065,0.22164345,0.015117721,0.7632388
18066,0.96806705,0.004603783,0.027329167
18067,0.87227035,0.009241618,0.118488014
18068,0.81295824,0.09279211,0.09424962
18069,0.014247732,0.0061626057,0.97958964
18070,0.0093583735,0.004699479,0.9859422
18071,0.20757301,0.007184277,0.7852427
18072,0.9475318,0.014660327,0.037807874
18073,0.9353649,0.016351711,0.048283406
18074,0.4579275,0.0079256715,0.5341468
18075,0.14636783,0.013869529,0.8397626
18076,0.95285404,0.02302558,0.024120338
18077,0.07998846,0.0075779143,0.9124336
18078,0.9340253,0.007423664,0.058551118
18079,0.9372406,0.0039107315,0.058848623
18080,0.11374059,0.028418671,0.8578407
18081,0.0048251324,0.0009881912,0.99418664
18082,0.8940696,0.0058939946,0.10003638
18083,0.024816778,0.0067136185,0.9684696
18084,0.96199334,0.011158434,0.026848225
18085,0.9579792,0.0073399097,0.034680918
18086,0.012797211,0.011270871,0.9759319
18087,0.0102333315,0.0028660467,0.9869006
18088,0.22416142,0.0041993503,0.7716392
18089,0.9076196,0.015817909,0.0765625
18090,0.8859464,0.004440202,0.10961341
18091,0.0041579255,0.0014236271,0.9944185
18092,0.96196806,0.0026411822,0.03539075
18093,0.86656505,0.01154791,0.121887065
18094,0.9671613,0.0020914574,0.030747214
18095,0.97360605,0.005957576,0.020436402
18096,0.9606469,0.002638195,0.036714952
18097,0.6213062,0.008613371,0.37008047
18098,0.43290615,0.03810693,0.52898693
18099,0.022013983,0.0013393189,0.9766467
18100,0.9521073,0.012108795,0.03578395
18101,0.9515371,0.015152956,0.03330995
18102,0.96187025,0.011649257,0.026480459
18103,0.36331218,0.012032339,0.6246555
18104,0.95998377,0.0026279495,0.03738833
18105,0.9661828,0.0017874902,0.03202964
18106,0.34400594,0.038827583,0.61716646
18107,0.95132697,0.0070927506,0.041580275
18108,0.26308054,0.011205281,0.7257142
18109,0.9573473,0.0055355616,0.03711713
18110,0.2442005,0.051462203,0.7043373
18111,0.11669287,0.0027768074,0.8805303
18112,0.9675061,0.0045501958,0.027943682
18113,0.8816664,0.017576948,0.10075661
18114,0.3881002,0.0071695074,0.6047303
18115,0.9840552,0.0013448688,0.014599944
18116,0.10156031,0.1340463,0.76439345
18117,0.49573115,0.0520858,0.452183
18118,0.96445745,0.0057791364,0.029763428
18119,0.9187108,0.0031814596,0.07810773
18120,0.82871544,0.0769387,0.09434592
18121,0.82426596,0.009958382,0.16577573
18122,0.01955038,0.012632855,0.96781677
18123,0.9768167,0.0024794291,0.020703891
18124,0.8927618,0.0037933725,0.10344476
18125,0.9333523,0.00981052,0.0568372
18126,0.9649443,0.008404422,0.026651317
18127,0.7268151,0.008408025,0.2647768
18128,0.8262744,0.012562657,0.1611629
18129,0.7774645,0.013020043,0.20951547
18130,0.95433015,0.0066183554,0.039051466
18131,0.98195,0.0037715237,0.014278542
18132,0.6992463,0.02115147,0.27960226
18133,0.9662831,0.0066999593,0.02701696
18134,0.030086681,0.0011221387,0.9687912
18135,0.4470579,0.023575328,0.52936673
18136,0.12508489,0.007014803,0.8679003
18137,0.9215826,0.0074529536,0.07096447
18138,0.89842397,0.02177222,0.07980385
18139,0.1534675,0.0068538906,0.8396786
18140,0.9072196,0.0035905242,0.08918986
18141,0.01000102,0.0013410605,0.9886579
18142,0.9343324,0.0037911546,0.06187643
18143,0.92680985,0.0039248425,0.06926527
18144,0.018731358,0.010484316,0.97078437
18145,0.9477993,0.010386701,0.041813962
18146,0.8948676,0.0046531097,0.10047924
18147,0.9510525,0.0041932976,0.044754233
18148,0.9687886,0.009560893,0.021650493
18149,0.82750446,0.017870327,0.15462519
18150,0.9779709,0.0065850494,0.015444053
18151,0.96533495,0.0030130877,0.031651985
18152,0.40260062,0.01066353,0.58673584
18153,0.02395086,0.0024790287,0.9735701
18154,0.8057082,0.13961075,0.05468098
18155,0.48779094,0.049104787,0.4631043
18156,0.9661647,0.011746006,0.022089332
18157,0.9658057,0.0024231796,0.031771097
18158,0.9778569,0.0026787196,0.019464362
18159,0.98323464,0.0019004033,0.014864973
18160,0.63750803,0.009921633,0.35257035
18161,0.98825586,0.0024416274,0.009302592
18162,0.8524762,0.05197649,0.09554729
18163,0.07803983,0.6084023,0.31355783
18164,0.880296,0.0176573,0.10204673
18165,0.97538507,0.005420852,0.019194111
18166,0.50379217,0.01522486,0.48098296
18167,0.95967585,0.0019295097,0.038394693
18168,0.9866698,0.0009006565,0.012429599
18169,0.97294134,0.0025673576,0.024491323
18170,0.6010558,0.026849683,0.3720945
18171,0.98207974,0.0042713964,0.013648825
18172,0.0199754,0.0014791011,0.97854555
18173,0.96723884,0.015559351,0.017201833
18174,0.9577927,0.0054115597,0.03679576
18175,0.9565161,0.0025431542,0.040940702
18176,0.02924553,0.0066679637,0.9640865
18177,0.76807404,0.029743511,0.20218246
18178,0.46118602,0.015198997,0.52361494
18179,0.0202426,0.0025386277,0.97721875
18180,0.970072,0.0038776738,0.02605041
18181,0.967357,0.0024807036,0.030162333
18182,0.984909,0.0023085973,0.0127823455
18183,0.3169551,0.04078674,0.64225817
18184,0.9839469,0.0039925603,0.012060514
18185,0.9321037,0.005368932,0.06252742
18186,0.16192798,0.015970858,0.8221012
18187,0.9333726,0.0027853919,0.06384199
18188,0.7589604,0.09826996,0.14276963
18189,0.22877772,0.006341081,0.7648812
18190,0.50373125,0.009531611,0.48673716
18191,0.9007494,0.003551784,0.09569885
18192,0.44673893,0.37317505,0.18008599
18193,0.7106201,0.035922613,0.25345728
18194,0.9288419,0.012860566,0.05829756
18195,0.9605205,0.004018363,0.035461124
18196,0.42368677,0.46567893,0.1106343
18197,0.7627013,0.031352986,0.20594579
18198,0.86647636,0.028748397,0.10477524
18199,0.9560641,0.0047594067,0.039176464
18200,0.20631775,0.0037482146,0.78993404
18201,0.8495492,0.01884462,0.13160627
18202,0.9272836,0.0034079787,0.069308385
18203,0.8753654,0.025165781,0.09946883
18204,0.8423674,0.008711276,0.14892133
18205,0.95641273,0.002849305,0.040737998
18206,0.8322149,0.01667387,0.15111119
18207,0.7096083,0.0101984115,0.28019327
18208,0.6442426,0.050788663,0.3049687
18209,0.62610775,0.008169255,0.365723
18210,0.93334687,0.002550869,0.06410223
18211,0.955425,0.0034175054,0.041157424
18212,0.81584966,0.003427298,0.18072306
18213,0.8043889,0.0080254255,0.18758565
18214,0.93050814,0.004340424,0.065151475
18215,0.8691206,0.0031444188,0.127735
18216,0.025214678,0.0039138473,0.97087145
18217,0.91516227,0.006810592,0.0780271
18218,0.94261724,0.002802609,0.054580208
18219,0.9367298,0.017777532,0.0454927
18220,0.9320858,0.0028598562,0.06505431
18221,0.9383892,0.013841246,0.047769576
18222,0.06286655,0.11060393,0.82652956
18223,0.9594034,0.010129227,0.03046732
18224,0.07470782,0.17508036,0.7502118
18225,0.22180432,0.0024895552,0.7757061
18226,0.9708956,0.0025331913,0.026571225
18227,0.03609486,0.79912984,0.16477533
18228,0.9903042,0.0037475207,0.005948367
18229,0.9503015,0.0027619344,0.046936523
18230,0.7633093,0.009271585,0.22741915
18231,0.92595136,0.002647163,0.071401514
18232,0.77215976,0.0068517555,0.22098844
18233,0.9759488,0.0021075115,0.021943718
18234,0.9747131,0.0054810722,0.019805783
18235,0.9653297,0.009628256,0.025042024
18236,0.62235564,0.010627898,0.36701643
18237,0.412693,0.058935422,0.5283716
18238,0.45500883,0.011651603,0.53333956
18239,0.9677348,0.0050117997,0.027253333
18240,0.13291965,0.0060616955,0.86101866
18241,0.40287837,0.0065551037,0.5905665
18242,0.82256085,0.017408514,0.16003065
18243,0.92978626,0.009578464,0.060635228
18244,0.015584527,0.03300717,0.9514083
18245,0.025733033,0.0020254354,0.9722415
18246,0.8918954,0.0038605335,0.104244106
18247,0.76596755,0.0073682405,0.22666416
18248,0.9731209,0.008778642,0.018100383
18249,0.78262496,0.022184705,0.19519034
18250,0.91275,0.024358807,0.0628912
18251,0.69345415,0.020584581,0.28596124
18252,0.9452177,0.004473007,0.05030929
18253,0.9771199,0.007243408,0.015636653
18254,0.957027,0.00216186,0.040811114
18255,0.99139106,0.001159817,0.007449156
18256,0.4590698,0.057798695,0.48313153
18257,0.9604528,0.028154397,0.011392852
18258,0.03168484,0.0035617223,0.9647534
18259,0.7106726,0.01306041,0.27626702
18260,0.41447797,0.09700882,0.48851326
18261,0.9762673,0.00215527,0.021577448
18262,0.1306006,0.040369913,0.8290295
18263,0.91940075,0.0038681037,0.07673115
18264,0.8205833,0.008736792,0.17067988
18265,0.9540724,0.010718927,0.035208706
18266,0.9149814,0.014814713,0.07020385
18267,0.46062064,0.013757227,0.5256221
18268,0.6676163,0.22497687,0.10740683
18269,0.8663135,0.0049741506,0.12871233
18270,0.9538072,0.004625646,0.0415672
18271,0.11680162,0.036739357,0.84645903
18272,0.88120556,0.0044551147,0.11433931
18273,0.23235382,0.01370701,0.7539392
18274,0.663823,0.007192082,0.3289849
18275,0.88981557,0.010229794,0.09995465
18276,0.015914751,0.0047497284,0.9793355
18277,0.7688053,0.004650556,0.22654407
18278,0.8341396,0.025075374,0.14078505
18279,0.048907567,0.01649668,0.93459576
18280,0.8722912,0.019394962,0.108313896
18281,0.20391399,0.017246746,0.77883923
18282,0.59016055,0.06739437,0.3424451
18283,0.88046813,0.0066360133,0.11289586
18284,0.29518458,0.074473165,0.6303422
18285,0.02310811,0.0031993566,0.9736926
18286,0.97625136,0.001244413,0.022504238
18287,0.97278756,0.0058177775,0.021394592
18288,0.8805286,0.012363313,0.10710799
18289,0.3030729,0.03949927,0.6574278
18290,0.27733704,0.077716455,0.64494646
18291,0.56237745,0.010096097,0.42752644
18292,0.9705156,0.0086305365,0.020853845
18293,0.6951909,0.0052049644,0.29960415
18294,0.6422871,0.009805099,0.34790787
18295,0.63664967,0.007792602,0.35555774
18296,0.91656446,0.031650376,0.051785115
18297,0.94230264,0.004809076,0.052888237
18298,0.9697473,0.013155035,0.017097617
18299,0.06452411,0.22221717,0.71325874
18300,0.9663199,0.0033237496,0.030356301
18301,0.015101573,0.0023486703,0.9825498
18302,0.19544436,0.010774319,0.79378134
18303,0.7994733,0.01666479,0.18386194
18304,0.60424846,0.007896646,0.38785487
18305,0.44947842,0.06000015,0.49052143
18306,0.9339967,0.009263005,0.056740325
18307,0.9724832,0.011184302,0.016332533
18308,0.73129755,0.21481524,0.053887192
18309,0.95527303,0.022509705,0.022217255
18310,0.82186913,0.0103395125,0.16779135
18311,0.6340959,0.04986311,0.31604102
18312,0.928213,0.00620019,0.06558684
18313,0.08453592,0.018005433,0.8974587
18314,0.9114847,0.0075684306,0.080946825
18315,0.6662324,0.05366088,0.2801067
18316,0.9381954,0.012420313,0.049384255
18317,0.98063284,0.003445115,0.015922017
18318,0.74882543,0.015871512,0.23530309
18319,0.89101917,0.0070518665,0.10192896
18320,0.9774908,0.007816113,0.014693114
18321,0.81905544,0.06821444,0.11273007
18322,0.98618466,0.0017873051,0.012028093
18323,0.9813937,0.0023859264,0.016220337
18324,0.6243701,0.015863577,0.35976633
18325,0.5825373,0.01685463,0.4006081
18326,0.3511853,0.0058400994,0.6429746
18327,0.86165035,0.030751728,0.1075979
18328,0.97685677,0.0014109979,0.021732265
18329,0.97433156,0.0038152551,0.02185323
18330,0.7457464,0.010585631,0.24366798
18331,0.94069266,0.0033752795,0.055932112
18332,0.51257604,0.027309654,0.4601143
18333,0.01322426,0.0109966835,0.9757791
18334,0.24114706,0.007261452,0.7515915
18335,0.55180055,0.008984697,0.43921477
18336,0.96374124,0.019676698,0.016582116
18337,0.15626729,0.008150617,0.8355821
18338,0.30486235,0.008276842,0.6868608
18339,0.41100317,0.035071526,0.5539253
18340,0.9188941,0.0050863083,0.076019585
18341,0.19702363,0.01656199,0.7864143
18342,0.9528882,0.0064590783,0.04065276
18343,0.22534467,0.04978796,0.72486734
18344,0.98288363,0.0014613448,0.015655074
18345,0.96162957,0.008431503,0.029938996
18346,0.8289245,0.0059540463,0.16512151
18347,0.7850025,0.06144717,0.15355025
18348,0.13550638,0.047972217,0.8165214
18349,0.5616086,0.009028901,0.42936248
18350,0.8534247,0.0032127458,0.14336248
18351,0.0067299833,0.0014376226,0.9918324
18352,0.90408415,0.004689812,0.09122609
18353,0.89781946,0.009387497,0.09279311
18354,0.6590154,0.06381613,0.27716842
18355,0.97393316,0.0033462385,0.022720572
18356,0.9160367,0.006909542,0.07705376
18357,0.9626288,0.001372563,0.035998616
18358,0.9070696,0.003854358,0.089076065
18359,0.01517709,0.0027725375,0.9820504
18360,0.15645981,0.007149141,0.83639103
18361,0.0059128325,0.0016229445,0.9924642
18362,0.9743207,0.0034454935,0.02223377
18363,0.9737429,0.0066559967,0.019601168
18364,0.98759043,0.0024119776,0.009997556
18365,0.9662683,0.0039562155,0.029775493
18366,0.9651949,0.012870086,0.021935
18367,0.91860306,0.0067795254,0.07461735
18368,0.84986293,0.048208144,0.10192886
18369,0.95804036,0.002856139,0.039103515
18370,0.8511904,0.025905874,0.122903734
18371,0.8258229,0.1412934,0.032883693
18372,0.90115017,0.0051783454,0.093671486
18373,0.9496803,0.012495091,0.037824616
18374,0.0240464,0.002521331,0.97343224
18375,0.40741763,0.009204408,0.58337796
18376,0.09922271,0.010927494,0.88984984
18377,0.97230375,0.0027793888,0.024916902
18378,0.9149082,0.056717996,0.028373877
18379,0.89428663,0.005784453,0.09992892
18380,0.06438468,0.007994422,0.9276208
18381,0.7003788,0.007305495,0.29231575
18382,0.9750582,0.0016804015,0.023261355
18383,0.3904424,0.038971853,0.5705857
18384,0.7608959,0.006607141,0.23249695
18385,0.024052953,0.009207636,0.9667395
18386,0.09388011,0.022522567,0.8835973
18387,0.27967694,0.024863742,0.6954593
18388,0.9790754,0.002759213,0.01816538
18389,0.9163411,0.0041374555,0.07952139
18390,0.9655645,0.0050553614,0.029380197
18391,0.92631686,0.03354523,0.040137876
18392,0.75028044,0.12332467,0.12639493
18393,0.32663766,0.043069027,0.6302933
18394,0.8184586,0.06321229,0.1183291
18395,0.956965,0.0038647996,0.039170135
18396,0.017557949,0.0045688744,0.9778732
18397,0.8148083,0.0064397193,0.17875196
18398,0.9882477,0.002621489,0.009130814
18399,0.9733555,0.010880426,0.015764164
18400,0.76974094,0.0049052406,0.22535385
18401,0.8877376,0.003474087,0.10878832
18402,0.19991156,0.1834476,0.6166408
18403,0.79363626,0.007557609,0.19880615
18404,0.85584205,0.007793756,0.13636418
18405,0.71219134,0.011620208,0.27618846
18406,0.87095046,0.010313154,0.11873639
18407,0.9842487,0.0024552234,0.0132960975
18408,0.030236807,0.0026348846,0.96712834
18409,0.8031542,0.01785041,0.17899542
18410,0.98620075,0.0047866204,0.009012554
18411,0.94512475,0.0023052837,0.052569974
18412,0.824166,0.007493039,0.16834097
18413,0.86951613,0.014120424,0.11636349
18414,0.9601829,0.00402022,0.03579688
18415,0.8212148,0.0058921804,0.17289306
18416,0.9730469,0.005093237,0.021859875
18417,0.013892099,0.004204092,0.98190373
18418,0.94971216,0.01354618,0.03674168
18419,0.9436379,0.011980162,0.04438188
18420,0.7753587,0.009773365,0.21486795
18421,0.045864295,0.014303092,0.93983257
18422,0.9757289,0.0058665317,0.018404538
18423,0.96158934,0.008240674,0.03016998
18424,0.3353213,0.03275445,0.6319243
18425,0.7097106,0.109443456,0.18084595
18426,0.9914863,0.0017311273,0.006782574
18427,0.9031784,0.006798784,0.09002286
18428,0.024902051,0.026585951,0.948512
18429,0.9687998,0.00510324,0.02609691
18430,0.46937835,0.07378969,0.45683193
18431,0.86111337,0.0105950115,0.12829165
18432,0.018563593,0.0074330126,0.9740034
18433,0.9642499,0.012208252,0.023541791
18434,0.8083209,0.0058949436,0.18578419
18435,0.16799363,0.005610176,0.82639617
18436,0.09999295,0.007160633,0.8928464
18437,0.90804195,0.011611375,0.080346696
18438,0.08323883,0.017349362,0.8994118
18439,0.07107907,0.004542518,0.9243784
18440,0.18942386,0.039590545,0.77098554
18441,0.10502747,0.004553345,0.8904192
18442,0.89725614,0.006526482,0.096217446
18443,0.97034585,0.0110431835,0.018610999
18444,0.9701806,0.0071350415,0.022684433
18445,0.20769851,0.122611746,0.6696897
18446,0.01006,0.0015293197,0.9884107
18447,0.97545695,0.0027458637,0.02179712
18448,0.8795525,0.009706764,0.110740736
18449,0.43217343,0.03763951,0.530187
18450,0.39986745,0.03974421,0.5603884
18451,0.9753685,0.003712355,0.020919148
18452,0.95962566,0.007470493,0.0329038
18453,0.080609545,0.009937586,0.9094529
18454,0.90283924,0.0057976004,0.091363184
18455,0.19128132,0.004636417,0.80408233
18456,0.94716954,0.0021070233,0.050723393
18457,0.7669059,0.03911854,0.19397557
18458,0.9638143,0.0021594798,0.034026172
18459,0.8152799,0.080456175,0.104263924
18460,0.9362022,0.014815746,0.048981987
18461,0.9728122,0.0014128351,0.02577505
18462,0.7244956,0.06243598,0.21306841
18463,0.9256262,0.005042299,0.06933152
18464,0.07737025,0.055778455,0.8668513
18465,0.6278501,0.016521156,0.35562873
18466,0.33695948,0.010729405,0.6523111
18467,0.86548,0.007907892,0.12661204
18468,0.7785551,0.05586765,0.16557728
18469,0.96946454,0.007180263,0.02335514
18470,0.63835746,0.039397903,0.32224467
18471,0.9843776,0.001151629,0.014470828
18472,0.8999854,0.0065433253,0.0934713
18473,0.1417476,0.0971943,0.76105815
18474,0.31814843,0.009308752,0.6725428
18475,0.82142377,0.008913775,0.16966249
18476,0.25946054,0.16881652,0.5717229
18477,0.7348899,0.0065079047,0.25860217
18478,0.9752142,0.0068101957,0.017975599
18479,0.97074324,0.007505315,0.021751389
18480,0.4483823,0.018729787,0.53288794
18481,0.05714525,0.0044658077,0.93838894
18482,0.95143443,0.0017534872,0.046812095
18483,0.024157165,0.012548807,0.963294
18484,0.8773471,0.0055412794,0.11711157
18485,0.9818024,0.002164161,0.016033439
18486,0.8767993,0.008294875,0.1149058
18487,0.9506087,0.002839865,0.04655145
18488,0.20659527,0.0066613033,0.7867434
18489,0.98520005,0.0043985406,0.010401434
18490,0.07407032,0.020497903,0.90543175
18491,0.9826596,0.0033614773,0.013978947
18492,0.8930125,0.066689916,0.040297586
18493,0.9418725,0.009157636,0.048969865
18494,0.9197442,0.012474199,0.06778159
18495,0.97243136,0.0014432495,0.026125407
18496,0.93954253,0.003066216,0.057391223
18497,0.9837811,0.0010526284,0.0151662575
18498,0.021140287,0.011645657,0.96721405
18499,0.95283663,0.0021006293,0.045062747
18500,0.93631846,0.0032421867,0.060439408
18501,0.010409958,0.0010519401,0.98853815
18502,0.9758744,0.0025057124,0.021619884
18503,0.9536415,0.011344006,0.03501454
18504,0.8598797,0.0041783955,0.13594191
18505,0.91611516,0.01566709,0.06821779
18506,0.016074844,0.0047330786,0.979192
18507,0.89449334,0.0025233566,0.10298332
18508,0.95929974,0.003328109,0.037372153
18509,0.7536335,0.00311473,0.2432518
18510,0.84125036,0.0049314112,0.15381818
18511,0.67263883,0.015304232,0.31205693
18512,0.20393425,0.03723026,0.7588355
18513,0.95105094,0.019826224,0.029122835
18514,0.96432054,0.02530139,0.010378091
18515,0.9819087,0.0016084666,0.016482797
18516,0.83594203,0.063119516,0.10093844
18517,0.95998675,0.0071904925,0.032822784
18518,0.9485368,0.019370407,0.032092795
18519,0.6347239,0.04642218,0.31885394
18520,0.95529145,0.011691015,0.033017587
18521,0.48819426,0.023443926,0.48836184
18522,0.12939614,0.005829033,0.8647748
18523,0.26655015,0.0055058533,0.72794396
18524,0.96650285,0.0030716977,0.030425416
18525,0.4377507,0.009073514,0.5531758
18526,0.028046248,0.0041810134,0.9677728
18527,0.09553664,0.0050224536,0.89944094
18528,0.91726416,0.006261703,0.07647417
18529,0.07682501,0.00890756,0.91426736
18530,0.8214574,0.015756082,0.16278651
18531,0.7906147,0.010852639,0.19853264
18532,0.9571236,0.005821861,0.037054595
18533,0.8263186,0.015698487,0.15798292
18534,0.83930326,0.008357911,0.15233883
18535,0.9550785,0.008832147,0.03608942
18536,0.008256874,0.0005703538,0.99117273
18537,0.7370608,0.0069411052,0.2559981
18538,0.9760082,0.0054601585,0.01853159
18539,0.47714984,0.039717246,0.48313293
18540,0.02097155,0.0019971689,0.9770313
18541,0.7424052,0.008694979,0.24889988
18542,0.9711174,0.0032915666,0.02559105
18543,0.018626614,0.006350124,0.97502327
18544,0.657458,0.013199107,0.32934287
18545,0.8194767,0.021383919,0.15913938
18546,0.88381183,0.0037011122,0.11248708
18547,0.9654939,0.0022196767,0.032286413
18548,0.7321978,0.0040721297,0.26373008
18549,0.24185796,0.13260092,0.6255411
18550,0.9728767,0.01000016,0.017123159
18551,0.9857452,0.0035772757,0.010677491
18552,0.8994878,0.0043240497,0.096188165
18553,0.9711642,0.009308947,0.019526782
18554,0.8186881,0.112410426,0.06890147
18555,0.9304138,0.009866107,0.059720088
18556,0.94869876,0.003029041,0.0482722
18557,0.90596735,0.0053167776,0.088715844
18558,0.6410008,0.0095083965,0.34949076
18559,0.11999354,0.017409632,0.86259687
18560,0.82646024,0.018001841,0.15553786
18561,0.9316477,0.0034343028,0.06491795
18562,0.7973397,0.0056445403,0.19701578
18563,0.25655162,0.063374944,0.68007344
18564,0.89076155,0.005380983,0.10385746
18565,0.53480643,0.290477,0.1747166
18566,0.8622175,0.06512608,0.07265644
18567,0.028236974,0.0060934396,0.9656695
18568,0.93139446,0.0022831855,0.06632237
18569,0.8606262,0.005648276,0.13372551
18570,0.49221638,0.006669003,0.50111467
18571,0.9188313,0.00642375,0.07474501
18572,0.07030726,0.0033500001,0.9263428
18573,0.72164387,0.010753892,0.26760218
18574,0.76585495,0.042876642,0.19126835
18575,0.9662557,0.0061699483,0.027574355
18576,0.7277388,0.009561988,0.26269925
18577,0.76506877,0.019817082,0.21511412
18578,0.9352643,0.0029877734,0.06174798
18579,0.9494029,0.00465517,0.045941897
18580,0.63808537,0.020257719,0.34165686
18581,0.96395344,0.01157032,0.024476225
18582,0.018711755,0.003635634,0.97765255
18583,0.9454648,0.008161149,0.04637408
18584,0.94189066,0.0035235174,0.05458589
18585,0.26438782,0.004913851,0.7306983
18586,0.9851607,0.0016117436,0.0132275885
18587,0.95993733,0.011327552,0.028735157
18588,0.84177756,0.0048375507,0.15338491
18589,0.06609094,0.011414751,0.9224943
18590,0.1148978,0.0050207134,0.8800814
18591,0.9663993,0.0078055183,0.02579513
18592,0.98223025,0.003164345,0.014605433
18593,0.9462852,0.0044332626,0.049281586
18594,0.9705593,0.0018714174,0.027569255
18595,0.892431,0.0027249292,0.104844026
18596,0.7579637,0.0068089175,0.23522739
18597,0.9638739,0.0062502758,0.029875811
18598,0.7319123,0.05832576,0.20976192
18599,0.8842428,0.045270216,0.07048701
18600,0.9744486,0.0023151904,0.023236224
18601,0.003668807,0.0015190664,0.99481213
18602,0.73398745,0.1302467,0.13576591
18603,0.8801111,0.006385327,0.113503605
18604,0.98034966,0.001566828,0.01808352
18605,0.98844993,0.0019408357,0.009609208
18606,0.95230323,0.0035436386,0.04415309
18607,0.9370914,0.0046332153,0.058275428
18608,0.9295409,0.0066235936,0.0638356
18609,0.24891321,0.009644379,0.7414424
18610,0.88028103,0.016357748,0.10336121
18611,0.8793138,0.003824327,0.11686185
18612,0.94120395,0.012840291,0.04595576
18613,0.8194765,0.011953905,0.16856956
18614,0.6366284,0.09883156,0.26454002
18615,0.011016088,0.0010588578,0.98792505
18616,0.68095344,0.038575638,0.2804709
18617,0.953731,0.0070574787,0.03921147
18618,0.90766805,0.043017894,0.049314085
18619,0.9107964,0.0038910278,0.08531258
18620,0.8323859,0.06708432,0.100529745
18621,0.9890766,0.003855766,0.0070676506
18622,0.95846975,0.0077452087,0.033784956
18623,0.95656663,0.0041100825,0.039323304
18624,0.40467513,0.009881427,0.58544344
18625,0.92152214,0.007573124,0.07090468
18626,0.012485764,0.005543875,0.9819704
18627,0.30072668,0.0103743635,0.6888989
18628,0.917859,0.0103961965,0.071744844
18629,0.570994,0.0152132865,0.41379273
18630,0.9156548,0.0067375344,0.07760768
18631,0.9090871,0.0138332,0.07707966
18632,0.96917725,0.003523489,0.027299317
18633,0.11577602,0.013492361,0.8707316
18634,0.9651743,0.0033031723,0.031522475
18635,0.9804884,0.002219335,0.017292254
18636,0.6281763,0.015422732,0.35640103
18637,0.03341257,0.0030970667,0.9634904
18638,0.9207302,0.0031919423,0.07607785
18639,0.527614,0.11640463,0.35598138
18640,0.5494661,0.059678,0.3908559
18641,0.9254464,0.0029557033,0.07159792
18642,0.9484095,0.010119208,0.04147127
18643,0.9619426,0.0027447317,0.03531264
18644,0.8455489,0.0143083595,0.14014271
18645,0.8853657,0.005359114,0.10927514
18646,0.7349309,0.0036060533,0.2614631
18647,0.9550178,0.012810311,0.032171845
18648,0.9281579,0.046817385,0.025024667
18649,0.9689131,0.0050787795,0.026008125
18650,0.63520795,0.0069368803,0.35785514
18651,0.67634386,0.11352898,0.21012717
18652,0.80382234,0.039755307,0.15642233
18653,0.19438957,0.011575761,0.79403466
18654,0.9782038,0.0071443007,0.014651941
18655,0.98070544,0.0017337234,0.017560892
18656,0.98244894,0.0044894894,0.01306159
18657,0.054055132,0.0039938763,0.94195104
18658,0.88541865,0.008943345,0.10563794
18659,0.9209718,0.003817917,0.07521028
18660,0.026159437,0.009998339,0.9638422
18661,0.9279507,0.0037895783,0.06825974
18662,0.96376336,0.005108484,0.03112812
18663,0.9446016,0.0027315712,0.05266688
18664,0.80343634,0.045948718,0.15061496
18665,0.9020746,0.003878006,0.094047464
18666,0.97505605,0.0014670802,0.023476874
18667,0.1407674,0.025359482,0.8338731
18668,0.25605753,0.008241437,0.7357011
18669,0.69641286,0.010470195,0.29311696
18670,0.92472583,0.0050872266,0.07018692
18671,0.8414981,0.016638493,0.1418635
18672,0.8745428,0.0028354835,0.12262173
18673,0.9621007,0.0016233289,0.036275968
18674,0.9185511,0.010475046,0.07097383
18675,0.97610176,0.002656588,0.021241613
18676,0.03347075,0.0027002827,0.9638289
18677,0.5255121,0.00584373,0.46864417
18678,0.97895837,0.0066743814,0.014367294
18679,0.78309053,0.008886022,0.20802347
18680,0.5069937,0.01846592,0.47454035
18681,0.8648009,0.0186689,0.116530284
18682,0.23866996,0.006614506,0.7547155
18683,0.90971464,0.068636276,0.021649053
18684,0.08579476,0.047480866,0.8667243
18685,0.4631354,0.060625948,0.4762386
18686,0.30939606,0.059692904,0.630911
18687,0.8791389,0.04088268,0.07997842
18688,0.066070564,0.047318753,0.88661075
18689,0.9520469,0.015658278,0.032294773
18690,0.9663254,0.01059629,0.023078281
18691,0.96704113,0.0035181784,0.029440733
18692,0.8193271,0.07264165,0.10803121
18693,0.8591133,0.0036890425,0.13719763
18694,0.983383,0.0048895157,0.011727463
18695,0.8062134,0.0052557597,0.18853092
18696,0.35513034,0.52562386,0.1192458
18697,0.71803343,0.20153147,0.08043507
18698,0.9377718,0.020334538,0.041893598
18699,0.91713905,0.00540655,0.07745434
18700,0.980168,0.0062383767,0.013593575
18701,0.15480623,0.027216306,0.8179775
18702,0.51571506,0.02181207,0.46247286
18703,0.89187074,0.030891322,0.07723792
18704,0.98457277,0.0016930738,0.013734166
18705,0.877954,0.015226058,0.106819935
18706,0.8325639,0.029732415,0.13770375
18707,0.80572116,0.0048744897,0.18940431
18708,0.9847452,0.0019360192,0.0133187855
18709,0.93011445,0.007332648,0.062552884
18710,0.95455146,0.00913145,0.03631703
18711,0.84366107,0.0050865463,0.15125234
18712,0.9863131,0.0030765797,0.010610334
18713,0.5624396,0.009557926,0.42800248
18714,0.08043181,0.007685954,0.9118822
18715,0.73176765,0.073106974,0.19512545
18716,0.9561867,0.0038346478,0.03997858
18717,0.7949325,0.04711425,0.15795325
18718,0.883493,0.009719905,0.106787086
18719,0.703985,0.029315662,0.26669943
18720,0.34167424,0.20245187,0.4558739
18721,0.47576734,0.0750755,0.4491571
18722,0.11232029,0.00749429,0.8801854
18723,0.8917298,0.01796083,0.09030938
18724,0.9814988,0.0040362147,0.014464976
18725,0.91946423,0.031036869,0.049498856
18726,0.989691,0.0038503741,0.006458583
18727,0.047299135,0.004438777,0.9482621
18728,0.24821775,0.017326374,0.7344558
18729,0.53135467,0.009289496,0.4593558
18730,0.9458194,0.0041783615,0.050002284
18731,0.94490045,0.006529797,0.04856974
18732,0.024766387,0.0027838973,0.9724497
18733,0.81333494,0.016344395,0.17032072
18734,0.96313876,0.0020396695,0.034821633
18735,0.93798375,0.01982162,0.04219461
18736,0.09856607,0.004198593,0.8972353
18737,0.05124812,0.0106851915,0.9380667
18738,0.93516344,0.0030089244,0.06182764
18739,0.59250814,0.041932534,0.36555934
18740,0.8860833,0.0338708,0.080045916
18741,0.9857086,0.0014107461,0.0128806075
18742,0.2364979,0.0112397075,0.7522624
18743,0.67730266,0.07293393,0.24976341
18744,0.9802539,0.007035993,0.0127101
18745,0.96970224,0.009972089,0.020325616
18746,0.8862359,0.01756279,0.09620136
18747,0.77427953,0.004746786,0.2209737
18748,0.9626631,0.0023635887,0.034973226
18749,0.6493966,0.11462892,0.23597445
18750,0.82868946,0.018007254,0.15330325
18751,0.4610944,0.01525364,0.5236519
18752,0.9238252,0.0030980054,0.07307682
18753,0.8062886,0.011650918,0.18206048
18754,0.66832834,0.00786937,0.3238023
18755,0.011113093,0.0025234278,0.9863635
18756,0.018013798,0.0032774634,0.9787088
18757,0.32914707,0.0051586675,0.6656943
18758,0.9271414,0.0027424928,0.07011605
18759,0.5947734,0.009866237,0.39536038
18760,0.56125844,0.005691802,0.43304974
18761,0.92453575,0.005223059,0.070241205
18762,0.9401979,0.0043086954,0.055493407
18763,0.33365995,0.009200847,0.65713924
18764,0.96421725,0.0034265853,0.03235622
18765,0.94240206,0.0067506693,0.050847236
18766,0.90993345,0.023929466,0.06613708
18767,0.4957024,0.0099752,0.49432236
18768,0.18143,0.005645428,0.8129246
18769,0.35741743,0.013507868,0.6290747
18770,0.85851485,0.04162873,0.09985637
18771,0.9839716,0.0046607982,0.011367536
18772,0.10626718,0.004740728,0.88899213
18773,0.17143631,0.13284443,0.69571924
18774,0.0275063,0.012576972,0.9599168
18775,0.007823739,0.00082662224,0.9913496
18776,0.8734282,0.021527294,0.10504449
18777,0.033378903,0.012155969,0.95446515
18778,0.32791448,0.024772713,0.64731276
18779,0.080229856,0.0058210683,0.91394913
18780,0.9570383,0.0066066626,0.036355104
18781,0.96916705,0.0061047873,0.024728186
18782,0.8894113,0.0035006434,0.107088104
18783,0.5161373,0.012966987,0.47089568
18784,0.8422285,0.005883777,0.15188773
18785,0.044917595,0.0040821773,0.9510003
18786,0.856173,0.025134377,0.11869269
18787,0.27411377,0.008709879,0.7171763
18788,0.86870843,0.011257649,0.120033965
18789,0.020576714,0.010000365,0.969423
18790,0.74987125,0.040805705,0.20932308
18791,0.92845106,0.012227838,0.05932118
18792,0.9263579,0.027743269,0.045898873
18793,0.963358,0.0032146077,0.03342748
18794,0.042852852,0.011831688,0.9453154
18795,0.5021366,0.017164934,0.4806985
18796,0.9488473,0.006880204,0.04427251
18797,0.9458477,0.0019885465,0.052163694
18798,0.028846696,0.0029632533,0.9681901
18799,0.83734435,0.0051482455,0.15750736
18800,0.8488964,0.05879609,0.0923075
18801,0.44636688,0.010376473,0.54325664
18802,0.5619917,0.06482488,0.37318343
18803,0.25648066,0.012404963,0.7311143
18804,0.6408823,0.0067799976,0.35233772
18805,0.44583642,0.033279262,0.5208843
18806,0.36071542,0.007142453,0.6321421
18807,0.9499397,0.015831828,0.034228444
18808,0.04554393,0.026951171,0.92750484
18809,0.9097251,0.0051130573,0.08516181
18810,0.8662895,0.0055360207,0.12817445
18811,0.94546723,0.0091845095,0.045348205
18812,0.010752934,0.0015725816,0.98767453
18813,0.9735667,0.0062224893,0.020210844
18814,0.9145237,0.004701279,0.08077502
18815,0.9651137,0.0037024787,0.031183803
18816,0.4916102,0.012088152,0.49630168
18817,0.9121539,0.018629808,0.0692163
18818,0.80025643,0.005130746,0.19461286
18819,0.22009447,0.049057152,0.7308484
18820,0.55871236,0.022910029,0.41837764
18821,0.0080664605,0.0033871923,0.9885464
18822,0.07124833,0.0050914777,0.9236602
18823,0.9037433,0.049275618,0.04698109
18824,0.9609512,0.006985557,0.032063246
18825,0.9807207,0.0042448137,0.015034554
18826,0.8754645,0.04163593,0.08289954
18827,0.9145016,0.037360497,0.048137907
18828,0.093061075,0.11865047,0.7882885
18829,0.49044022,0.02547087,0.4840889
18830,0.8875137,0.0048935087,0.10759283
18831,0.18545996,0.0057107774,0.8088293
18832,0.33105662,0.5728482,0.0960952
18833,0.8327533,0.057292454,0.10995424
18834,0.85029244,0.014372275,0.1353352
18835,0.98072684,0.0033119533,0.015961148
18836,0.94344413,0.003822618,0.05273324
18837,0.95747393,0.009364963,0.03316108
18838,0.92594326,0.010473317,0.0635834
18839,0.7497194,0.06305448,0.18722615
18840,0.07204015,0.24351516,0.68444467
18841,0.09765916,0.0062699406,0.8960709
18842,0.711769,0.017593091,0.27063796
18843,0.09795472,0.0061957706,0.8958495
18844,0.6391374,0.0068932762,0.35396937
18845,0.97317296,0.007323029,0.019503951
18846,0.85582626,0.011041072,0.13313267
18847,0.97760653,0.005176033,0.017217405
18848,0.8615445,0.051326748,0.0871288
18849,0.91937375,0.05477043,0.025855767
18850,0.9210662,0.0057391585,0.07319459
18851,0.7972691,0.012747597,0.18998334
18852,0.98415357,0.001655937,0.014190555
18853,0.9834306,0.001817011,0.014752415
18854,0.9704991,0.003187135,0.026313785
18855,0.106535606,0.0070599723,0.88640445
18856,0.93730533,0.005100207,0.0575945
18857,0.63266283,0.011906656,0.3554305
18858,0.8022284,0.13693747,0.060834106
18859,0.9849861,0.0038841746,0.011129653
18860,0.07309846,0.0041347467,0.9227668
18861,0.060801744,0.043942288,0.89525604
18862,0.9545767,0.0028877074,0.04253556
18863,0.047923103,0.004600532,0.9474764
18864,0.89955497,0.025183016,0.07526203
18865,0.021228442,0.009871919,0.9688996
18866,0.951226,0.010972177,0.037801817
18867,0.9801087,0.0061359666,0.01375536
18868,0.9519836,0.0044277385,0.043588664
18869,0.932158,0.012297023,0.055545032
18870,0.97724116,0.005237943,0.017520927
18871,0.81097704,0.08567593,0.10334702
18872,0.7788046,0.010158064,0.21103734
18873,0.2666626,0.08570522,0.6476322
18874,0.040535267,0.01555321,0.94391155
18875,0.9056979,0.0035984863,0.090703614
18876,0.94473475,0.003043599,0.05222158
18877,0.96904737,0.0019003836,0.029052192
18878,0.13928008,0.006139764,0.8545801
18879,0.17472625,0.0028288588,0.82244486
18880,0.8790686,0.04476019,0.07617122
18881,0.97900474,0.002363198,0.018632099
18882,0.95876634,0.0013767761,0.03985694
18883,0.8620506,0.0074913893,0.13045809
18884,0.48823962,0.048913814,0.46284658
18885,0.96598333,0.0067119673,0.027304707
18886,0.96936136,0.0033684582,0.027270218
18887,0.9507521,0.0028444491,0.046403546
18888,0.8694113,0.02728677,0.10330192
18889,0.017246129,0.0030064145,0.97974753
18890,0.8586705,0.012187274,0.12914218
18891,0.9762363,0.0040918104,0.019671893
18892,0.6559134,0.022547217,0.32153934
18893,0.013196978,0.0019071095,0.98489594
18894,0.8353138,0.024784949,0.13990124
18895,0.7245953,0.078137234,0.19726746
18896,0.9768802,0.0016752988,0.021444535
18897,0.97460926,0.004040315,0.021350428
18898,0.9740538,0.0036670242,0.022279117
18899,0.36795914,0.21571875,0.41632205
18900,0.010059592,0.0029229817,0.98701745
18901,0.18065298,0.027879637,0.7914674
18902,0.627876,0.008052209,0.36407182
18903,0.8513684,0.013249575,0.135382
18904,0.94846255,0.0070888624,0.04444854
18905,0.5151134,0.009655811,0.47523075
18906,0.016846385,0.004384639,0.97876894
18907,0.89133406,0.03448393,0.07418195
18908,0.76373434,0.021917192,0.21434845
18909,0.830805,0.0930861,0.076108895
18910,0.9852808,0.0016260993,0.013093032
18911,0.8779997,0.01371012,0.10829015
18912,0.15215501,0.008924342,0.8389206
18913,0.9691188,0.004239136,0.026642032
18914,0.9676069,0.005415332,0.026977815
18915,0.41692126,0.008526227,0.5745525
18916,0.12654655,0.008345101,0.8651084
18917,0.80513275,0.09140351,0.10346377
18918,0.8478317,0.004104094,0.14806415
18919,0.41407663,0.020766439,0.56515694
18920,0.92389345,0.0022761093,0.073830456
18921,0.0872822,0.030969145,0.8817486
18922,0.6986841,0.10931346,0.19200242
18923,0.9423204,0.007188313,0.050491236
18924,0.0739102,0.11883181,0.80725795
18925,0.081186004,0.003027314,0.9157867
18926,0.98605937,0.0013995882,0.012541114
18927,0.42868808,0.1789335,0.39237842
18928,0.6394269,0.03533778,0.3252353
18929,0.91293806,0.0022420501,0.08481989
18930,0.9052751,0.0077985357,0.08692636
18931,0.75928044,0.030448927,0.21027061
18932,0.03515675,0.0055509205,0.95929235
18933,0.9428855,0.0047567324,0.052357778
18934,0.9411937,0.0032644295,0.055541936
18935,0.9335719,0.018556105,0.04787202
18936,0.8817868,0.005572731,0.11264047
18937,0.13384637,0.0050154775,0.8611381
18938,0.93488425,0.00520895,0.059906755
18939,0.9036291,0.008658069,0.08771284
18940,0.9286438,0.003147906,0.06820829
18941,0.46020368,0.01239302,0.5274033
18942,0.9713793,0.0120426025,0.016578132
18943,0.9638627,0.0033842442,0.032753035
18944,0.45665774,0.058971833,0.48437047
18945,0.9280022,0.017509704,0.05448806
18946,0.9739517,0.010718507,0.015329828
18947,0.88734317,0.013788555,0.09886824
18948,0.8602043,0.01620338,0.12359235
18949,0.9422894,0.010467041,0.047243603
18950,0.9664978,0.0029886472,0.030513575
18951,0.032257307,0.008871103,0.95887166
18952,0.32314855,0.14456609,0.53228533
18953,0.78227353,0.035056025,0.18267044
18954,0.44085985,0.030923007,0.52821714
18955,0.90376717,0.07468988,0.0215429
18956,0.017838767,0.005979861,0.9761814
18957,0.93545336,0.002326978,0.062219687
18958,0.98988265,0.0037905767,0.0063267956
18959,0.04376556,0.017039416,0.939195
18960,0.8827596,0.007880562,0.10935991
18961,0.9598502,0.0039233095,0.03622643
18962,0.93796694,0.019088047,0.042944964
18963,0.107666634,0.008101621,0.8842318
18964,0.96622044,0.0021266448,0.03165291
18965,0.061721835,0.006951941,0.9313262
18966,0.9259347,0.009632505,0.06443283
18967,0.8422261,0.030604612,0.12716927
18968,0.8578608,0.004206987,0.13793221
18969,0.8829496,0.004246494,0.11280394
18970,0.22670701,0.008635884,0.7646571
18971,0.6786752,0.038814504,0.28251028
18972,0.8045807,0.009499191,0.1859201
18973,0.41197664,0.011544514,0.57647884
18974,0.901925,0.002649837,0.09542509
18975,0.053295504,0.0022917776,0.9444127
18976,0.81887716,0.013082425,0.1680404
18977,0.10274481,0.009000801,0.8882544
18978,0.9747891,0.0072772084,0.017933752
18979,0.0070819124,0.0016939741,0.99122417
18980,0.013273509,0.0015014815,0.985225
18981,0.7789875,0.06381173,0.15720072
18982,0.9241154,0.005502128,0.07038239
18983,0.83356816,0.007998347,0.15843354
18984,0.9477879,0.0044654408,0.047746647
18985,0.85586655,0.006419268,0.1377142
18986,0.010898425,0.008206276,0.98089534
18987,0.28080446,0.014852588,0.70434296
18988,0.5455751,0.03427049,0.42015445
18989,0.8368578,0.02275139,0.14039081
18990,0.24661465,0.027395913,0.7259894
18991,0.5923773,0.012549312,0.3950734
18992,0.8290144,0.008646333,0.16233923
18993,0.9347049,0.047843333,0.017451772
18994,0.98622185,0.0014829262,0.012295161
18995,0.09751082,0.002722108,0.89976704
18996,0.87070346,0.020202389,0.10909409
18997,0.03793589,0.0033530996,0.95871097
18998,0.7041497,0.020405645,0.27544463
18999,0.9697388,0.0041116634,0.026149563
19000,0.7748891,0.017496066,0.20761482
19001,0.95710677,0.0042500366,0.038643233
19002,0.9556507,0.0036488452,0.040700443
19003,0.9569327,0.0021803335,0.04088694
19004,0.8628105,0.010495802,0.12669364
19005,0.9348862,0.0039868713,0.06112693
19006,0.035265587,0.00699395,0.9577404
19007,0.38560864,0.009681209,0.60471016
19008,0.1605383,0.018465027,0.82099664
19009,0.8209148,0.0137127135,0.16537249
19010,0.96657884,0.0013303285,0.032090895
19011,0.34499928,0.008589695,0.646411
19012,0.89433384,0.0048016664,0.10086452
19013,0.23806775,0.020488992,0.7414432
19014,0.9327784,0.010606802,0.056614812
19015,0.9731151,0.001995036,0.024889879
19016,0.9571374,0.0023200363,0.040542495
19017,0.008934533,0.0027169685,0.9883485
19018,0.11397152,0.1282525,0.75777596
19019,0.8473353,0.0071983663,0.14546637
19020,0.77802765,0.012818048,0.20915423
19021,0.945825,0.0069384547,0.047236595
19022,0.45221066,0.03282034,0.514969
19023,0.93947047,0.0031922488,0.057337217
19024,0.896726,0.0040081926,0.09926578
19025,0.9584806,0.010136353,0.031383056
19026,0.5440669,0.02489815,0.43103492
19027,0.5252582,0.023536947,0.45120484
19028,0.7732143,0.011084088,0.21570165
19029,0.5982769,0.008696932,0.39302617
19030,0.5868117,0.026245093,0.3869432
19031,0.89363986,0.01375551,0.09260463
19032,0.8177279,0.0048277657,0.17744426
19033,0.9825295,0.0020383613,0.015432157
19034,0.051783077,0.004105823,0.94411105
19035,0.96730494,0.0062227086,0.026472302
19036,0.9575101,0.021157436,0.021332433
19037,0.9344922,0.01488365,0.05062426
19038,0.72482663,0.05582141,0.21935196
19039,0.30386856,0.042779837,0.6533516
19040,0.87932706,0.0049189194,0.115754
19041,0.8010313,0.010317196,0.18865149
19042,0.8684651,0.036784947,0.094749935
19043,0.98002577,0.0022455412,0.017728658
19044,0.018815244,0.0040975646,0.9770872
19045,0.4921948,0.0070910146,0.5007142
19046,0.6454792,0.047745,0.3067758
19047,0.8095248,0.00852709,0.18194816
19048,0.7667031,0.0067371237,0.22655968
19049,0.7957316,0.021977369,0.18229105
19050,0.98911804,0.0020993564,0.008782685
19051,0.90092903,0.0046357806,0.09443515
19052,0.9184677,0.005302238,0.076230034
19053,0.9605654,0.0117122745,0.027722273
19054,0.9412654,0.011847861,0.046886705
19055,0.015277621,0.0011434774,0.9835789
19056,0.831021,0.010443736,0.15853521
19057,0.9773647,0.0025938593,0.020041373
19058,0.61216754,0.0052547604,0.38257766
19059,0.11282699,0.014403864,0.8727691
19060,0.9514136,0.022492323,0.026094127
19061,0.9723632,0.0037684222,0.023868477
19062,0.73277473,0.018137211,0.24908803
19063,0.9680034,0.003179764,0.028816897
19064,0.8531693,0.02062766,0.12620302
19065,0.9332512,0.021456605,0.045292154
19066,0.41156936,0.013065416,0.57536525
19067,0.8159198,0.0032908418,0.18078938
19068,0.022457687,0.009520852,0.9680215
19069,0.11535009,0.008730335,0.8759196
19070,0.9306421,0.0038982986,0.06545963
19071,0.013061355,0.004995761,0.98194283
19072,0.027193123,0.001875249,0.9709316
19073,0.8359173,0.13311122,0.030971503
19074,0.911165,0.009616645,0.07921835
19075,0.0389106,0.0030636378,0.9580258
19076,0.029389432,0.004691139,0.9659194
19077,0.6316012,0.030574324,0.3378245
19078,0.7262461,0.007854757,0.26589918
19079,0.057606425,0.0027426246,0.93965095
19080,0.8642961,0.005239062,0.13046487
19081,0.35078132,0.02061013,0.6286086
19082,0.8237532,0.009909168,0.1663377
19083,0.99117345,0.001521017,0.0073055653
19084,0.66264385,0.14483842,0.1925177
19085,0.2693415,0.09276507,0.63789344
19086,0.29616648,0.20471759,0.49911597
19087,0.7174822,0.011490114,0.2710277
19088,0.9697222,0.009822783,0.02045498
19089,0.9271347,0.042669065,0.030196287
19090,0.93786407,0.002886064,0.059249807
19091,0.96595544,0.0026680739,0.031376548
19092,0.7980113,0.026919523,0.17506917
19093,0.9228527,0.005662878,0.07148447
19094,0.8245788,0.0065688007,0.16885239
19095,0.82590497,0.005090318,0.16900471
19096,0.9162292,0.020115582,0.063655235
19097,0.9316611,0.0063976706,0.06194122
19098,0.9757145,0.004352709,0.01993274
19099,0.011088348,0.0053323596,0.9835792
19100,0.95823485,0.018308634,0.023456601
19101,0.97087294,0.003012932,0.02611411
19102,0.020397102,0.019447196,0.9601557
19103,0.5209597,0.23211634,0.24692401
19104,0.8507541,0.010059177,0.1391867
19105,0.28102383,0.013579305,0.7053969
19106,0.95757926,0.0015065962,0.040914126
19107,0.011511745,0.0009710326,0.9875172
19108,0.9655347,0.0022614961,0.03220378
19109,0.07675346,0.3212495,0.601997
19110,0.0076012993,0.0026177505,0.9897809
19111,0.93794787,0.032411132,0.029640997
19112,0.08234029,0.0040204115,0.91363925
19113,0.97881556,0.0047451225,0.016439276
19114,0.9448994,0.007550261,0.04755034
19115,0.7302891,0.010409789,0.2593011
19116,0.98315626,0.0021443542,0.014699351
19117,0.68023306,0.017243126,0.3025238
19118,0.022204325,0.0036862348,0.9741095
19119,0.9663558,0.0043749027,0.029269336
19120,0.17159072,0.10116091,0.7272484
19121,0.93137246,0.020184813,0.048442736
19122,0.37146392,0.06043893,0.5680971
19123,0.9254769,0.007476315,0.06704674
19124,0.90702116,0.024831802,0.068147
19125,0.9662248,0.0023657489,0.031409487
19126,0.9019254,0.0120541295,0.08602047
19127,0.013022268,0.0017876256,0.9851901
19128,0.558041,0.025624873,0.41633412
19129,0.85328627,0.0058182185,0.14089552
19130,0.952129,0.0027842035,0.0450868
19131,0.9408202,0.005816375,0.053363457
19132,0.43645698,0.2023437,0.3611993
19133,0.90602887,0.0040288093,0.089942314
19134,0.09801127,0.74747175,0.15451692
19135,0.97478944,0.0074335295,0.017776994
19136,0.036591057,0.012187415,0.9512216
19137,0.16917455,0.01751375,0.8133117
19138,0.96356833,0.0032235319,0.033208128
19139,0.75782675,0.012591352,0.22958185
19140,0.011683473,0.0025967013,0.98571986
19141,0.66796505,0.022140192,0.30989477
19142,0.8875996,0.0056226533,0.10677778
19143,0.9893874,0.0007851159,0.009827548
19144,0.87045854,0.0044090943,0.12513237
19145,0.9780934,0.0022722501,0.019634342
19146,0.96815825,0.0048379432,0.02700385
19147,0.041950278,0.036025494,0.92202425
19148,0.938554,0.011281642,0.050164353
19149,0.9096295,0.013133895,0.07723657
19150,0.72917825,0.047654122,0.22316767
19151,0.113896385,0.01009218,0.8760115
19152,0.90669817,0.007024665,0.08627725
19153,0.9831292,0.0011684387,0.01570231
19154,0.23043284,0.009183107,0.7603841
19155,0.61858875,0.0097956145,0.37161562
19156,0.95077413,0.001794476,0.047431424
19157,0.44788635,0.017005352,0.53510827
19158,0.6425158,0.009916624,0.34756765
19159,0.33348534,0.010048237,0.6564664
19160,0.7419942,0.21238604,0.04561978
19161,0.51132655,0.052799482,0.43587393
19162,0.86794555,0.05639745,0.07565695
19163,0.37553728,0.03810801,0.58635473
19164,0.9162473,0.00710498,0.0766477
19165,0.42343327,0.020048972,0.5565178
19166,0.8522914,0.0059353756,0.14177321
19167,0.95707816,0.0060293693,0.036892448
19168,0.23733895,0.0061246636,0.7565364
19169,0.75408435,0.03853964,0.20737602
19170,0.7674979,0.0064808233,0.22602127
19171,0.14404353,0.018929636,0.8370268
19172,0.8728691,0.0055724154,0.12155845
19173,0.21621703,0.012906561,0.77087635
19174,0.89220065,0.011993517,0.095805824
19175,0.92766714,0.013990459,0.058342375
19176,0.9051021,0.0078508975,0.08704711
19177,0.39961487,0.28700653,0.31337857
19178,0.9691279,0.0053217537,0.02555034
19179,0.83537334,0.004209821,0.16041686
19180,0.013337476,0.0020465436,0.984616
19181,0.9165111,0.0034220093,0.08006685
19182,0.61533475,0.008385612,0.37627965
19183,0.46775654,0.42566004,0.106583476
19184,0.9499746,0.0049812165,0.04504418
19185,0.7351962,0.0059859124,0.2588179
19186,0.011793557,0.0030728607,0.9851335
19187,0.9300454,0.036990084,0.03296446
19188,0.1306748,0.0071276375,0.8621976
19189,0.7999793,0.015100916,0.18491976
19190,0.030025879,0.012357737,0.9576163
19191,0.97398573,0.0023710348,0.023643194
19192,0.008812983,0.0023515646,0.9888355
19193,0.8317453,0.010495576,0.1577591
19194,0.8058449,0.014875544,0.17927949
19195,0.009605238,0.001457592,0.98893714
19196,0.9349397,0.0029131228,0.062147237
19197,0.061128967,0.020811258,0.9180598
19198,0.9573018,0.0053255376,0.03737264
19199,0.018810317,0.003213528,0.97797614
19200,0.02811117,0.0025119192,0.9693769
19201,0.91581947,0.0143540045,0.06982652
19202,0.9730732,0.006795659,0.020131206
19203,0.57294077,0.0058283,0.42123094
19204,0.9860394,0.0010582634,0.012902354
19205,0.9847008,0.002217162,0.013082005
19206,0.67574066,0.016273584,0.30798578
19207,0.879174,0.003951285,0.1168747
19208,0.8897787,0.004016257,0.1062051
19209,0.36233404,0.013289744,0.62437624
19210,0.22826411,0.04428175,0.7274541
19211,0.9699412,0.002195344,0.027863458
19212,0.43965706,0.009152392,0.55119056
19213,0.96459377,0.0017393968,0.03366685
19214,0.811575,0.006978618,0.18144636
19215,0.9801752,0.0019812481,0.017843584
19216,0.8507649,0.0044834507,0.14475167
19217,0.92930824,0.019254452,0.051437326
19218,0.57646006,0.016604885,0.40693507
19219,0.9743703,0.006800524,0.018829228
19220,0.95571655,0.002294135,0.04198937
19221,0.7981067,0.01687197,0.18502136
19222,0.6940337,0.0047996566,0.3011667
19223,0.4570545,0.010071824,0.5328737
19224,0.964802,0.003790016,0.03140795
19225,0.96366996,0.0020757108,0.034254365
19226,0.81844056,0.009913057,0.17164636
19227,0.96093553,0.013708297,0.025356121
19228,0.96826565,0.0037602086,0.02797412
19229,0.9363849,0.004051885,0.059563145
19230,0.9783246,0.0041690897,0.017506352
19231,0.8531758,0.009069705,0.1377545
19232,0.9769041,0.0085100895,0.014585794
19233,0.92571753,0.03932015,0.03496236
19234,0.12574299,0.033722084,0.840535
19235,0.92125964,0.01724261,0.061497778
19236,0.08480945,0.008667604,0.9065229
19237,0.78180146,0.06745781,0.15074074
19238,0.83566004,0.004542181,0.15979777
19239,0.5283554,0.0048480844,0.4667965
19240,0.9465079,0.0057627195,0.047729343
19241,0.9524105,0.0020280909,0.045561384
19242,0.975389,0.0024162978,0.022194652
19243,0.8698016,0.00397431,0.12622412
19244,0.97446376,0.006936571,0.018599642
19245,0.91738945,0.00569858,0.076912
19246,0.38432008,0.0057608243,0.60991913
19247,0.81696975,0.026771698,0.15625854
19248,0.968139,0.0015086156,0.030352416
19249,0.035582047,0.0037197948,0.9606982
19250,0.51063806,0.011813783,0.47754812
19251,0.98392683,0.002025281,0.014047892
19252,0.44881228,0.011414068,0.53977364
19253,0.34763038,0.0060013914,0.64636827
19254,0.8632683,0.006086158,0.13064553
19255,0.9626713,0.0047641685,0.032564558
19256,0.9760029,0.011908628,0.012088539
19257,0.94275177,0.0066261254,0.050622106
19258,0.23086883,0.02461931,0.74451184
19259,0.04986763,0.0028265996,0.9473058
19260,0.8010304,0.00936669,0.18960288
19261,0.5983408,0.008548338,0.39311087
19262,0.8593604,0.008010176,0.13262941
19263,0.9592409,0.008126072,0.032632966
19264,0.9795965,0.0053177592,0.015085761
19265,0.43593884,0.0050920397,0.55896914
19266,0.9208182,0.004407445,0.0747743
19267,0.8048316,0.06655158,0.12861681
19268,0.033242397,0.0022393875,0.96451825
19269,0.8191324,0.011691324,0.16917622
19270,0.78547454,0.01928016,0.19524528
19271,0.9418251,0.0030296824,0.055145293
19272,0.45534867,0.06514025,0.47951108
19273,0.96838623,0.0066028,0.025010929
19274,0.9719934,0.0036204332,0.024386182
19275,0.033982545,0.010501829,0.95551556
19276,0.78708553,0.0071666553,0.20574786
19277,0.109848455,0.00666971,0.88348186
19278,0.97218466,0.0020919102,0.025723424
19279,0.6714009,0.013720528,0.31487852
19280,0.30416226,0.035581253,0.6602565
19281,0.7407397,0.106777065,0.15248324
19282,0.68740785,0.07607326,0.23651886
19283,0.9285432,0.029575305,0.04188148
19284,0.95796144,0.012610816,0.029427717
19285,0.64618653,0.047671087,0.30614236
19286,0.9417229,0.0033924403,0.054884654
19287,0.9444701,0.0060862415,0.049443614
19288,0.11721385,0.0046387077,0.8781474
19289,0.04319829,0.0063653314,0.9504363
19290,0.902495,0.062483903,0.035021048
19291,0.097403266,0.01041908,0.8921777
19292,0.889858,0.006377992,0.10376396
19293,0.96842647,0.014146426,0.017427137
19294,0.9599697,0.0025358961,0.037494365
19295,0.6950763,0.008119424,0.2968043
19296,0.8402758,0.004809427,0.1549147
19297,0.963368,0.0045045787,0.03212745
19298,0.88641053,0.090413675,0.023175843
19299,0.89717704,0.0038411657,0.09898181
19300,0.7324192,0.13931255,0.12826829
19301,0.9581172,0.022046173,0.019836647
19302,0.91538066,0.012230073,0.07238923
19303,0.5672786,0.018571466,0.4141499
19304,0.7734661,0.007052476,0.21948147
19305,0.8857652,0.0331089,0.08112591
19306,0.09050134,0.0050616013,0.9044371
19307,0.9095315,0.016731603,0.07373693
19308,0.36483902,0.10379358,0.5313674
19309,0.7620302,0.009245726,0.22872409
19310,0.01334496,0.0044068997,0.9822481
19311,0.84479046,0.058011,0.09719856
19312,0.96189046,0.0034944287,0.03461511
19313,0.015441478,0.0025426133,0.98201597
19314,0.15589371,0.0915036,0.7526027
19315,0.96969295,0.006813922,0.023493148
19316,0.9842657,0.0043925312,0.011341833
19317,0.5031612,0.009807014,0.4870318
19318,0.364328,0.011717531,0.6239545
19319,0.07498437,0.0039461874,0.9210695
19320,0.97314894,0.0014372506,0.025413817
19321,0.7928323,0.068372555,0.1387952
19322,0.96883416,0.010596945,0.020568918
19323,0.9439069,0.009432256,0.046660893
19324,0.92779565,0.0029329562,0.06927139
19325,0.64116275,0.0076256082,0.3512116
19326,0.9612906,0.009858698,0.028850736
19327,0.6548293,0.007323365,0.3378473
19328,0.93421334,0.0047492743,0.06103741
19329,0.543856,0.109985985,0.346158
19330,0.40062788,0.009669204,0.58970296
19331,0.69373554,0.011942756,0.29432166
19332,0.98568976,0.0011576713,0.013152597
19333,0.6577759,0.0095358435,0.33268827
19334,0.63149756,0.03086531,0.3376371
19335,0.9426321,0.008063244,0.049304686
19336,0.91500014,0.0041920054,0.08080785
19337,0.83520085,0.008377903,0.15642127
19338,0.96456325,0.002856695,0.03258006
19339,0.94252,0.014880277,0.04259975
19340,0.7922715,0.01441366,0.19331484
19341,0.9375161,0.040722713,0.02176125
19342,0.8892232,0.012225333,0.09855146
19343,0.020683417,0.0068806387,0.97243595
19344,0.91667604,0.033819087,0.049504906
19345,0.9325638,0.008234757,0.05920142
19346,0.96856356,0.0023209162,0.029115524
19347,0.87119424,0.0035486326,0.12525716
19348,0.82942945,0.0036803896,0.16689019
19349,0.13984068,0.004938068,0.8552213
19350,0.051558096,0.25580877,0.69263315
19351,0.03543221,0.0032214643,0.9613463
19352,0.9765811,0.003258435,0.020160507
19353,0.9318731,0.021468716,0.04665813
19354,0.9552312,0.006392647,0.03837619
19355,0.3272081,0.01986894,0.652923
19356,0.9605206,0.010718652,0.028760709
19357,0.892726,0.011317047,0.09595693
19358,0.85096914,0.007306732,0.14172411
19359,0.87932754,0.0053643696,0.115308054
19360,0.6739139,0.058522154,0.26756394
19361,0.15034872,0.007972981,0.8416783
19362,0.9464702,0.0028588637,0.05067091
19363,0.038736682,0.004951082,0.9563122
19364,0.6864851,0.007877991,0.30563685
19365,0.9057005,0.023985825,0.07031372
19366,0.63229764,0.06272011,0.30498227
19367,0.9778892,0.010933253,0.011177631
19368,0.9009364,0.03173507,0.06732854
19369,0.985953,0.0015326324,0.012514404
19370,0.5597818,0.012662309,0.4275559
19371,0.7256898,0.008697114,0.26561305
19372,0.9432451,0.0040011904,0.052753724
19373,0.22788972,0.035523806,0.7365865
19374,0.038734447,0.00851538,0.95275015
19375,0.8340441,0.025510468,0.14044543
19376,0.985091,0.004492901,0.010416156
19377,0.1323614,0.0070234626,0.8606152
19378,0.040627155,0.009546376,0.9498265
19379,0.029797602,0.004705012,0.9654974
19380,0.9585309,0.0033677146,0.038101386
19381,0.6163888,0.010351912,0.37325934
19382,0.38143128,0.025252266,0.59331644
19383,0.6614544,0.024105564,0.31444004
19384,0.9673025,0.0070944307,0.025603084
19385,0.8367551,0.009046655,0.15419823
19386,0.9843552,0.0010834006,0.014561415
19387,0.056439247,0.015712332,0.9278484
19388,0.95391136,0.01616677,0.029921893
19389,0.9451813,0.0028744633,0.051944263
19390,0.434925,0.014556855,0.55051816
19391,0.83208627,0.018030716,0.14988296
19392,0.8021895,0.0052522244,0.19255827
19393,0.97580665,0.0021264818,0.022066863
19394,0.9711071,0.0053129117,0.023579957
19395,0.98697156,0.001145363,0.011883013
19396,0.033400614,0.043386653,0.9232127
19397,0.7370154,0.025070917,0.23791367
19398,0.9345526,0.0035904343,0.0618569
19399,0.039126802,0.0021172278,0.958756
19400,0.9893792,0.0025228169,0.0080980165
19401,0.0049957973,0.0011252959,0.99387884
19402,0.035806525,0.004501269,0.9596922
19403,0.9401412,0.015574661,0.04428414
19404,0.19008377,0.009251343,0.8006649
19405,0.20857464,0.51600134,0.27542403
19406,0.059108008,0.009213981,0.931678
19407,0.06525061,0.004046136,0.9307032
19408,0.7274055,0.012316254,0.26027822
19409,0.19335674,0.008359095,0.7982842
19410,0.24017055,0.020037746,0.7397917
19411,0.75905484,0.007967497,0.23297763
19412,0.96027666,0.018112987,0.02161032
19413,0.020952646,0.0061156414,0.9729317
19414,0.32054344,0.007522776,0.6719338
19415,0.96692544,0.0094768545,0.023597723
19416,0.9695366,0.0024135674,0.028049834
19417,0.5161258,0.012014604,0.47185954
19418,0.9525403,0.006501251,0.040958423
19419,0.977723,0.0016298629,0.020647135
19420,0.060387924,0.016016632,0.9235954
19421,0.7597665,0.20234817,0.037885323
19422,0.9678412,0.0067582573,0.025400521
19423,0.16033791,0.0062175696,0.8334446
19424,0.9729066,0.0075771017,0.01951626
19425,0.09586913,0.00935116,0.8947797
19426,0.614762,0.008777944,0.37646008
19427,0.97744954,0.0020030164,0.020547392
19428,0.71033174,0.07409643,0.21557179
19429,0.029187232,0.010253883,0.9605589
19430,0.9583924,0.019211836,0.022395851
19431,0.9519874,0.0027474936,0.04526517
19432,0.8647337,0.043300025,0.091966204
19433,0.06253443,0.0031302401,0.9343353
19434,0.83603686,0.038795542,0.12516761
19435,0.7019023,0.047007058,0.25109065
19436,0.9517209,0.011541727,0.03673731
19437,0.96728086,0.0025002959,0.03021881
19438,0.08779846,0.0600554,0.8521462
19439,0.0068999883,0.0022041702,0.9908958
19440,0.55036795,0.0061115264,0.4435205
19441,0.96734065,0.017637603,0.0150217805
19442,0.6690366,0.010812247,0.3201511
19443,0.968455,0.002234642,0.029310381
19444,0.94542897,0.0048936983,0.049677264
19445,0.9296695,0.0029725472,0.06735791
19446,0.95264155,0.015039112,0.032319352
19447,0.90698206,0.02405368,0.06896424
19448,0.8810924,0.032351535,0.08655606
19449,0.6526101,0.00821587,0.339174
19450,0.838396,0.0070988424,0.15450516
19451,0.1688865,0.21218914,0.6189244
19452,0.9568148,0.0043891105,0.038796075
19453,0.9697389,0.0019943332,0.028266814
19454,0.8150744,0.006012085,0.1789135
19455,0.9684116,0.001775881,0.029812546
19456,0.19677103,0.16410747,0.63912153
19457,0.43291146,0.0347647,0.53232384
19458,0.96321523,0.0039487225,0.032835975
19459,0.808291,0.0051898574,0.18651915
19460,0.6159365,0.0049380055,0.3791255
19461,0.71222115,0.020518843,0.26726007
19462,0.3358087,0.025095986,0.6390953
19463,0.95510095,0.0028156366,0.042083334
19464,0.9357348,0.005762932,0.058502235
19465,0.6198395,0.014502454,0.36565804
19466,0.97539663,0.002484202,0.022119122
19467,0.85665023,0.009766278,0.13358352
19468,0.9823539,0.0019988758,0.015647205
19469,0.8913467,0.044141717,0.06451165
19470,0.9323096,0.009008157,0.05868225
19471,0.023309479,0.0037174446,0.97297305
19472,0.9654551,0.006096492,0.028448412
19473,0.9078676,0.06940976,0.022722658
19474,0.969175,0.0023448432,0.028480137
19475,0.9775236,0.0016980236,0.020778358
19476,0.58114463,0.03166158,0.3871938
19477,0.8574114,0.012596979,0.12999159
19478,0.9730585,0.0065171365,0.020424351
19479,0.94812286,0.0037234372,0.048153702
19480,0.75483793,0.013966779,0.23119527
19481,0.9615712,0.005171205,0.03325758
19482,0.924013,0.0040652133,0.07192176
19483,0.78030676,0.008971696,0.21072155
19484,0.9687396,0.0022701663,0.028990207
19485,0.97087777,0.009031211,0.020091074
19486,0.90279126,0.003131302,0.094077416
19487,0.02139233,0.0020959438,0.9765118
19488,0.021347022,0.0028987653,0.97575426
19489,0.97003126,0.0032872597,0.02668152
19490,0.9924239,0.0017132614,0.0058628274
19491,0.9831746,0.0013641574,0.015461261
19492,0.029319972,0.017933672,0.9527464
19493,0.8893995,0.004920197,0.10568029
19494,0.9731256,0.0028820576,0.02399239
19495,0.96640176,0.017864257,0.015733974
19496,0.16050771,0.045033675,0.7944587
19497,0.7611374,0.0069499384,0.23191269
19498,0.018795896,0.005792871,0.97541124
19499,0.9738174,0.0053619468,0.020820685
19500,0.61907405,0.011692524,0.36923346
19501,0.9501886,0.0026614065,0.047149993
19502,0.96415097,0.0018881399,0.033960864
19503,0.5377446,0.01183195,0.45042348
19504,0.9701064,0.002876646,0.027016914
19505,0.90245944,0.0049309134,0.092609614
19506,0.038857467,0.015333816,0.9458087
19507,0.9709438,0.008888651,0.02016757
19508,0.9489498,0.005570201,0.045479964
19509,0.71154904,0.0068985396,0.28155243
19510,0.11984877,0.035070226,0.84508103
19511,0.9828393,0.0015984053,0.015562361
19512,0.9764714,0.0072039803,0.01632459
19513,0.8742215,0.06630707,0.059471436
19514,0.9282242,0.0045839753,0.067191795
19515,0.9801513,0.0028198704,0.017028902
19516,0.01453092,0.0038762758,0.98159283
19517,0.93196195,0.0059729177,0.062065173
19518,0.01322159,0.0016944385,0.985084
19519,0.9388896,0.007923286,0.053187065
19520,0.8204294,0.027621958,0.15194869
19521,0.9664835,0.005617082,0.027899468
19522,0.23677692,0.024423892,0.73879915
19523,0.947882,0.0024822112,0.049635753
19524,0.8724923,0.005086177,0.12242148
19525,0.9054473,0.0038145354,0.09073821
19526,0.39457622,0.012662202,0.5927616
19527,0.9721839,0.006040192,0.021775937
19528,0.972315,0.0067874123,0.020897582
19529,0.0801793,0.004262033,0.9155587
19530,0.2359619,0.013465631,0.75057244
19531,0.0072791176,0.0007678538,0.9919531
19532,0.6290513,0.022769352,0.34817937
19533,0.92463195,0.0049757096,0.0703923
19534,0.31602043,0.00946876,0.67451084
19535,0.17033179,0.0051793205,0.8244889
19536,0.27960008,0.011824461,0.7085754
19537,0.9813747,0.0041511953,0.014474206
19538,0.95406824,0.0020524682,0.043879267
19539,0.76480806,0.010547864,0.2246441
19540,0.43114832,0.30623558,0.26261613
19541,0.9835712,0.0035834555,0.012845417
19542,0.12745911,0.008911418,0.8636295
19543,0.97807354,0.00255754,0.019368889
19544,0.97299314,0.0041859625,0.022820827
19545,0.91751087,0.0048085293,0.07768059
19546,0.8835559,0.0073657148,0.10907837
19547,0.88530886,0.005226384,0.109464765
19548,0.45733038,0.07136047,0.47130919
19549,0.88948816,0.017460724,0.09305115
19550,0.0062085134,0.0041401614,0.9896513
19551,0.90460885,0.017393248,0.07799786
19552,0.8705906,0.0043414296,0.12506792
19553,0.97814506,0.0015883258,0.020266673
19554,0.8591513,0.07514114,0.06570755
19555,0.84819525,0.012769247,0.13903543
19556,0.9677326,0.01228209,0.019985273
19557,0.9909971,0.0015271324,0.007475774
19558,0.9881936,0.0011752576,0.010631185
19559,0.76738656,0.010393141,0.22222032
19560,0.9026008,0.033646178,0.06375298
19561,0.013412702,0.0031325545,0.9834547
19562,0.69939035,0.007246588,0.29336306
19563,0.9815214,0.0025129975,0.015965628
19564,0.94228834,0.0064133187,0.05129838
19565,0.66082543,0.01509816,0.3240764
19566,0.4991283,0.15666957,0.34420213
19567,0.014267666,0.0012802364,0.9844521
19568,0.9231974,0.004998581,0.071804084
19569,0.62116605,0.01209991,0.36673403
19570,0.5296617,0.0705391,0.3997992
19571,0.7972264,0.007916484,0.19485706
19572,0.9728071,0.004179907,0.023012988
19573,0.97850454,0.0075006406,0.013994825
19574,0.80901605,0.1351102,0.055873737
19575,0.013765286,0.0013471147,0.9848876
19576,0.96425194,0.0045222654,0.03122579
19577,0.8268851,0.004704999,0.1684099
19578,0.97416216,0.0076113716,0.018226434
19579,0.63270146,0.033026103,0.33427247
19580,0.05137253,0.003733613,0.94489384
19581,0.8172694,0.09675295,0.085977666
19582,0.91811067,0.014290504,0.06759885
19583,0.9524197,0.011276263,0.036304023
19584,0.70890635,0.032223083,0.25887054
19585,0.95316666,0.0053468053,0.041486572
19586,0.94094646,0.008358274,0.050695337
19587,0.57998383,0.22895251,0.19106367
19588,0.717383,0.0194093,0.26320764
19589,0.47480184,0.10515394,0.42004418
19590,0.90011954,0.008145146,0.09173531
19591,0.827861,0.004920168,0.16721877
19592,0.2882788,0.006122448,0.7055987
19593,0.09148488,0.0034217185,0.9050934
19594,0.9786582,0.0017528946,0.019588934
19595,0.98631567,0.002267837,0.011416425
19596,0.9136705,0.00591597,0.080413565
19597,0.9256806,0.047142174,0.027177246
19598,0.20616297,0.005523762,0.78831327
19599,0.037607007,0.0031326232,0.95926034
19600,0.013001653,0.0021729725,0.98482543
19601,0.5780049,0.031026281,0.3909688
19602,0.28844213,0.01312415,0.6984337
19603,0.02103312,0.0030774842,0.97588944
19604,0.01668537,0.001510413,0.98180425
19605,0.886644,0.0068995287,0.106456526
19606,0.5058923,0.0065147383,0.48759297
19607,0.022151386,0.0014915499,0.97635704
19608,0.7853428,0.02131516,0.19334197
19609,0.96189594,0.002279785,0.035824314
19610,0.26794544,0.036719,0.69533557
19611,0.95880926,0.0059211864,0.035269484
19612,0.51688844,0.006509399,0.47660217
19613,0.45984262,0.42829844,0.111858964
19614,0.37313965,0.010400269,0.6164601
19615,0.9864603,0.0032692289,0.01027042
19616,0.0777097,0.0058987522,0.91639155
19617,0.86502886,0.0037169247,0.13125423
19618,0.9706157,0.0039217835,0.02546254
19619,0.98576015,0.0041884854,0.010051383
19620,0.9107911,0.0066361567,0.082572825
19621,0.019477718,0.0022960687,0.97822624
19622,0.9885881,0.0024366667,0.008975195
19623,0.909918,0.013704176,0.07637775
19624,0.015736457,0.002572975,0.9816906
19625,0.93865514,0.0177148,0.043630064
19626,0.029274995,0.005504237,0.96522075
19627,0.7800738,0.005379281,0.21454695
19628,0.5076783,0.026091762,0.46622992
19629,0.010912911,0.00086732535,0.98821974
19630,0.9735015,0.004909004,0.021589512
19631,0.7374715,0.0053343754,0.2571941
19632,0.12426509,0.1227173,0.7530176
19633,0.029646402,0.035400454,0.93495315
19634,0.90527505,0.05525744,0.039467547
19635,0.9311823,0.01575269,0.05306496
19636,0.16297844,0.060079362,0.77694213
19637,0.9039658,0.026887331,0.069146946
19638,0.8948433,0.005228821,0.099927895
19639,0.5301617,0.03858329,0.43125507
19640,0.93299556,0.014337624,0.052666813
19641,0.02377173,0.00671528,0.96951294
19642,0.90888,0.029196488,0.061923552
19643,0.97506225,0.0022429607,0.02269478
19644,0.90312386,0.0048308056,0.0920453
19645,0.9440303,0.0045212205,0.05144849
19646,0.0072833523,0.001372343,0.99134433
19647,0.94564706,0.009831555,0.044521436
19648,0.6654717,0.012087605,0.32244074
19649,0.9290147,0.002106156,0.06887913
19650,0.05362723,0.43489832,0.5114745
19651,0.6498719,0.0070536262,0.34307453
19652,0.9415969,0.016136492,0.042266596
19653,0.94821995,0.0047947606,0.04698527
19654,0.028780764,0.0026118574,0.9686074
19655,0.9130548,0.0077302544,0.079214916
19656,0.53490716,0.13971351,0.3253793
19657,0.74948555,0.054026823,0.19648764
19658,0.9574779,0.006923334,0.03559872
19659,0.9740927,0.0040546707,0.021852596
19660,0.9431469,0.017729914,0.039123222
19661,0.9599212,0.0027177318,0.03736108
19662,0.809745,0.11409685,0.07615813
19663,0.23023492,0.016015543,0.7537495
19664,0.98756266,0.001220818,0.01121653
19665,0.27636185,0.03352487,0.69011325
19666,0.95836204,0.004423774,0.037214257
19667,0.5252192,0.030514253,0.44426653
19668,0.93762934,0.009556269,0.05281441
19669,0.96332335,0.009173726,0.027502919
19670,0.030000877,0.0034354383,0.9665637
19671,0.96317524,0.017641151,0.019183567
19672,0.9755288,0.0059573445,0.018513849
19673,0.94072366,0.0032675902,0.056008752
19674,0.43393955,0.020438142,0.5456223
19675,0.8512767,0.007687824,0.14103553
19676,0.7817603,0.0360567,0.18218304
19677,0.024655433,0.003836357,0.9715082
19678,0.96995217,0.013491956,0.01655586
19679,0.84592795,0.020290142,0.13378191
19680,0.7521597,0.019658526,0.22818173
19681,0.8866294,0.006945552,0.106425054
19682,0.9608485,0.019803751,0.019347807
19683,0.8635002,0.07083044,0.06566934
19684,0.7550323,0.013573224,0.23139453
19685,0.9891577,0.002988814,0.007853517
19686,0.97726655,0.005826494,0.01690697
19687,0.9550141,0.0020299274,0.042955946
19688,0.90568495,0.0018419242,0.09247311
19689,0.27126807,0.017131632,0.71160024
19690,0.013784911,0.0018614209,0.98435366
19691,0.97260857,0.005405571,0.021985818
19692,0.14003412,0.012259384,0.84770644
19693,0.8685082,0.0031962087,0.12829559
19694,0.07249836,0.020520814,0.9069809
19695,0.45821494,0.2929644,0.24882065
19696,0.8826287,0.007556366,0.10981493
19697,0.9920814,0.0013588436,0.0065597687
19698,0.34925702,0.010743023,0.64
19699,0.96197844,0.0025998706,0.03542169
19700,0.78400254,0.009268578,0.20672886
19701,0.17859802,0.03639031,0.78501165
19702,0.94109213,0.023065785,0.03584209
19703,0.66712445,0.022272252,0.31060323
19704,0.9805393,0.0020666707,0.017393954
19705,0.97076213,0.007860099,0.021377807
19706,0.014258446,0.0073541896,0.97838736
19707,0.7864665,0.035996474,0.17753707
19708,0.9622581,0.016046531,0.02169543
19709,0.906308,0.0069104154,0.08678165
19710,0.25019437,0.039613917,0.71019167
19711,0.028317688,0.0043301317,0.96735215
19712,0.8959443,0.0043721627,0.099683575
19713,0.935553,0.0069298004,0.05751718
19714,0.17289792,0.021805188,0.8052969
19715,0.9232116,0.031516645,0.045271736
19716,0.8639909,0.004245335,0.13176377
19717,0.17849289,0.025297338,0.79620975
19718,0.93671733,0.0045390353,0.058743652
19719,0.9310224,0.013467726,0.055509876
19720,0.6504801,0.0056376127,0.3438823
19721,0.31207743,0.008775251,0.6791473
19722,0.9905233,0.0024999904,0.006976779
19723,0.9584038,0.00549223,0.036103923
19724,0.35610637,0.012046889,0.6318467
19725,0.9820254,0.0014537419,0.01652086
19726,0.9714801,0.0052910056,0.023228947
19727,0.4555577,0.026523033,0.51791924
19728,0.106341496,0.00266515,0.89099336
19729,0.8077811,0.01155197,0.18066692
19730,0.50068724,0.06275906,0.4365537
19731,0.8485907,0.08738651,0.06402283
19732,0.07113568,0.021021934,0.9078424
19733,0.0052800486,0.0019565918,0.99276334
19734,0.19315918,0.0072285496,0.7996123
19735,0.9161273,0.009418646,0.07445406
19736,0.7613963,0.0024771565,0.23612654
19737,0.87286085,0.010716848,0.11642234
19738,0.49411702,0.01999151,0.4858915
19739,0.9701138,0.0029574132,0.02692878
19740,0.96497893,0.013283571,0.021737467
19741,0.73461163,0.121424995,0.1439634
19742,0.86105484,0.065289475,0.07365572
19743,0.92756164,0.016635435,0.055802852
19744,0.58748937,0.007209333,0.4053013
19745,0.70260817,0.12508531,0.17230651
19746,0.571991,0.08298416,0.34502485
19747,0.1668181,0.0061378605,0.82704407
19748,0.97283787,0.009602782,0.017559294
19749,0.75201595,0.045626003,0.202358
19750,0.9611897,0.0034261423,0.035384208
19751,0.9796143,0.0017527675,0.018632907
19752,0.028314114,0.007593655,0.96409225
19753,0.019225048,0.0024816098,0.9782933
19754,0.9148543,0.007964826,0.07718087
19755,0.24860027,0.015439035,0.73596066
19756,0.023938326,0.013057097,0.9630046
19757,0.77935475,0.006490044,0.21415526
19758,0.9708199,0.005800099,0.023380013
19759,0.86842513,0.003926899,0.12764801
19760,0.97164637,0.001388633,0.026964976
19761,0.16393201,0.008000265,0.8280678
19762,0.07234433,0.0067339265,0.92092174
19763,0.80830735,0.008554276,0.18313839
19764,0.78233814,0.0076806503,0.20998126
19765,0.070175186,0.0074226065,0.9224022
19766,0.11496777,0.011428669,0.8736036
19767,0.97059053,0.0033378848,0.026071563
19768,0.094681144,0.022765903,0.8825529
19769,0.96428365,0.0031295943,0.032586753
19770,0.9667995,0.0018551364,0.03134538
19771,0.0456731,0.004046641,0.9502803
19772,0.106597155,0.11995212,0.7734507
19773,0.016931007,0.005755115,0.97731394
19774,0.9620794,0.0038368087,0.03408384
19775,0.9323907,0.0024665024,0.0651428
19776,0.9590569,0.010776715,0.030166365
19777,0.113665484,0.0041647386,0.8821698
19778,0.96896017,0.002638676,0.028401133
19779,0.9672824,0.007700989,0.025016613
19780,0.94183266,0.0045054634,0.053661894
19781,0.654957,0.011324863,0.33371812
19782,0.19072649,0.014434462,0.794839
19783,0.512002,0.09319065,0.39480734
19784,0.011646428,0.011898937,0.9764547
19785,0.6861996,0.025503615,0.28829676
19786,0.5886474,0.0051698075,0.40618277
19787,0.07710763,0.07741767,0.8454747
19788,0.967901,0.003142293,0.028956708
19789,0.02172841,0.0125154285,0.9657561
19790,0.033429265,0.004601737,0.96196896
19791,0.98747474,0.0011109948,0.011414199
19792,0.8530292,0.0039493125,0.14302146
19793,0.9226265,0.0023459792,0.07502747
19794,0.9643213,0.004753518,0.03092517
19795,0.9740182,0.0043314924,0.021650365
19796,0.027143368,0.010305669,0.962551
19797,0.030373612,0.0103983,0.9592281
19798,0.9243671,0.03055934,0.045073558
19799,0.9523504,0.0051070624,0.04254255
19800,0.9489248,0.012621074,0.0384541
19801,0.9693233,0.0018956079,0.028781166
19802,0.64906347,0.03905678,0.31187975
19803,0.9407338,0.0023007242,0.056965455
19804,0.5743473,0.1515564,0.2740963
19805,0.9663113,0.0042166687,0.029472077
19806,0.55626255,0.014350728,0.42938673
19807,0.95159566,0.03153502,0.016869308
19808,0.25905558,0.06722077,0.67372364
19809,0.85315037,0.008423781,0.13842584
19810,0.32177952,0.038925476,0.63929504
19811,0.9462602,0.013784058,0.039955795
19812,0.010549226,0.0030421952,0.9864086
19813,0.01270098,0.0011770338,0.98612195
19814,0.9794963,0.0012644876,0.019239243
19815,0.94408715,0.009035653,0.046877157
19816,0.24708375,0.03481969,0.71809655
19817,0.78892225,0.078889474,0.13218828
19818,0.9876907,0.0015041579,0.010805183
19819,0.4926452,0.025055645,0.48229912
19820,0.8962989,0.0040019723,0.099699184
19821,0.7799243,0.123426706,0.096649006
19822,0.98145735,0.0020123038,0.016530335
19823,0.651912,0.014138002,0.33394995
19824,0.9836543,0.0014257035,0.014919922
19825,0.9472231,0.0134182125,0.039358646
19826,0.95991963,0.0060376436,0.034042757
19827,0.9837314,0.0019899406,0.014278679
19828,0.113239184,0.003307644,0.8834532
19829,0.7985941,0.02190413,0.17950177
19830,0.8582268,0.043122355,0.0986509
19831,0.04287612,0.07918976,0.87793416
19832,0.94560736,0.0051966286,0.049196016
19833,0.009844132,0.0028064335,0.98734945
19834,0.8718582,0.005105602,0.12303624
19835,0.023323705,0.022930408,0.9537459
19836,0.16630115,0.0181064,0.8155924
19837,0.9526547,0.019129917,0.028215311
19838,0.95310295,0.001803346,0.04509365
19839,0.23179963,0.52698535,0.24121496
19840,0.43462586,0.045099888,0.5202742
19841,0.9509852,0.0045204433,0.044494353
19842,0.6893724,0.0540939,0.25653374
19843,0.90204287,0.004637273,0.09331984
19844,0.8183945,0.003879564,0.17772599
19845,0.27767566,0.03256063,0.68976367
19846,0.09927268,0.007945147,0.89278215
19847,0.9875129,0.0018480539,0.010639016
19848,0.8813157,0.056484733,0.062199578
19849,0.9361979,0.0053437366,0.05845843
19850,0.96354896,0.0015603582,0.034890655
19851,0.4220999,0.062933415,0.5149667
19852,0.9519031,0.009172304,0.03892458
19853,0.93610674,0.024261761,0.03963147
19854,0.77201325,0.10203463,0.12595217
19855,0.9045156,0.03833508,0.057149302
19856,0.9664292,0.0034401137,0.030130694
19857,0.9712081,0.0035705687,0.025221298
19858,0.72946024,0.009185567,0.26135424
19859,0.017053662,0.0012485838,0.98169774
19860,0.97582847,0.0061036963,0.018067846
19861,0.9238382,0.015714867,0.060446873
19862,0.95066726,0.008653505,0.040679198
19863,0.4974099,0.014902187,0.48768792
19864,0.025518782,0.010694862,0.9637864
19865,0.81973636,0.008505038,0.1717586
19866,0.6250878,0.26855707,0.10635513
19867,0.9862388,0.0040435535,0.009717679
19868,0.9243961,0.03764459,0.03795934
19869,0.025840204,0.0019405646,0.9722192
19870,0.24400933,0.0060242643,0.7499664
19871,0.825919,0.005645248,0.1684358
19872,0.8550113,0.005165823,0.13982294
19873,0.5706572,0.010238372,0.41910443
19874,0.98722667,0.0013927576,0.011380553
19875,0.71709913,0.009822131,0.2730787
19876,0.5557185,0.008654641,0.4356269
19877,0.81525177,0.018397877,0.1663504
19878,0.09826236,0.012516714,0.88922095
19879,0.96067417,0.0026203077,0.036705464
19880,0.9760997,0.0018878485,0.02201239
19881,0.06352354,0.056736782,0.87973964
19882,0.61290336,0.017212452,0.3698842
19883,0.91882414,0.0066847084,0.07449118
19884,0.9694541,0.0030882126,0.027457612
19885,0.5191466,0.01058252,0.4702709
19886,0.85683954,0.013809565,0.12935093
19887,0.00695903,0.0026008894,0.99044013
19888,0.10709163,0.027079394,0.86582893
19889,0.10634885,0.03573145,0.85791963
19890,0.9850234,0.0011619912,0.013814563
19891,0.7438909,0.064541735,0.19156744
19892,0.9384847,0.0041688518,0.05734648
19893,0.8011912,0.009650929,0.18915792
19894,0.9745188,0.0018289459,0.023652306
19895,0.11355218,0.0056148865,0.8808329
19896,0.967799,0.0047818595,0.02741912
19897,0.9635296,0.007381394,0.02908904
19898,0.9314979,0.009820317,0.05868178
19899,0.9900613,0.00084664836,0.009092042
19900,0.9099627,0.013855215,0.07618209
19901,0.9907816,0.00082679733,0.008391614
19902,0.36687282,0.017336186,0.61579096
19903,0.9620431,0.0022209208,0.03573594
19904,0.6304223,0.011222303,0.3583554
19905,0.98123,0.0025519063,0.016218064
19906,0.9354884,0.0024713504,0.062040187
19907,0.92050916,0.014578188,0.06491273
19908,0.05462657,0.0098300725,0.9355434
19909,0.03002604,0.008825438,0.9611485
19910,0.71605057,0.018869251,0.26508018
19911,0.9675019,0.006390121,0.026108012
19912,0.6497099,0.03433426,0.3159558
19913,0.020574503,0.001203459,0.978222
19914,0.98032194,0.0015673419,0.01811071
19915,0.46211514,0.35449526,0.18338954
19916,0.9768133,0.007875078,0.015311584
19917,0.9710017,0.012029361,0.01696893
19918,0.73112404,0.050550785,0.21832518
19919,0.9750699,0.006231591,0.018698506
19920,0.0034875742,0.0012044932,0.995308
19921,0.19332242,0.025276829,0.78140074
19922,0.9671295,0.01492328,0.017947208
19923,0.8514748,0.0046567484,0.14386848
19924,0.15444307,0.7688197,0.0767372
19925,0.020345755,0.0013280001,0.9783262
19926,0.6204422,0.004065197,0.3754926
19927,0.9484779,0.0089047775,0.04261735
19928,0.95784,0.0069381827,0.035221796
19929,0.035024542,0.0039737984,0.96100163
19930,0.87795985,0.008229606,0.11381056
19931,0.9781009,0.0022392827,0.019659817
19932,0.030300464,0.002562355,0.96713716
19933,0.9719073,0.0023485874,0.025744023
19934,0.96487904,0.010138864,0.024982069
19935,0.23697534,0.021338083,0.7416866
19936,0.7109487,0.008701342,0.28035
19937,0.98152816,0.0022153466,0.016256478
19938,0.9041511,0.05387396,0.04197495
19939,0.95726806,0.004257136,0.038474787
19940,0.5822158,0.035801683,0.38198256
19941,0.49800083,0.008746177,0.493253
19942,0.90578645,0.022044852,0.072168656
19943,0.9826249,0.002018496,0.01535653
19944,0.26109004,0.022123646,0.7167863
19945,0.035150375,0.0031793974,0.9616702
19946,0.20336208,0.014288584,0.78234935
19947,0.63970476,0.018636338,0.3416589
19948,0.3426441,0.47454736,0.18280847
19949,0.96154445,0.0025754,0.035880122
19950,0.9356592,0.0028133935,0.06152735
19951,0.8178613,0.07825084,0.10388782
19952,0.97351754,0.012743961,0.013738529
19953,0.66240096,0.047728937,0.2898701
19954,0.8974975,0.005403522,0.09709901
19955,0.972314,0.004888612,0.022797337
19956,0.97575206,0.0030340746,0.021213884
19957,0.024754126,0.010580249,0.96466565
19958,0.026795955,0.0033199827,0.9698841
19959,0.20573029,0.0126052145,0.78166455
19960,0.93971497,0.03838965,0.021895416
19961,0.15677576,0.5202151,0.32300913
19962,0.0037225115,0.0008500188,0.9954275
19963,0.10881204,0.05426949,0.8369185
19964,0.8491616,0.007328207,0.14351016
19965,0.7865174,0.03614953,0.17733312
19966,0.8973594,0.03267721,0.06996339
19967,0.7728345,0.022836762,0.20432875
19968,0.9741703,0.0020211108,0.023808578
19969,0.82680964,0.016123451,0.15706687
19970,0.60762465,0.0031719874,0.38920337
19971,0.04096799,0.0034061915,0.95562583
19972,0.03760651,0.0022553992,0.960138
19973,0.9476033,0.014230427,0.038166266
19974,0.0857013,0.006670792,0.90762794
19975,0.9653689,0.0034642292,0.031166872
19976,0.9384636,0.0061835838,0.0553528
19977,0.9654629,0.0023686846,0.032168344
19978,0.9268824,0.016389288,0.05672836
19979,0.55721104,0.0041281306,0.43866083
19980,0.98941714,0.0011492997,0.009433586
19981,0.9764949,0.010461005,0.013044042
19982,0.94095224,0.004536391,0.054511406
19983,0.98863703,0.0010207262,0.010342257
19984,0.84403807,0.012858694,0.14310321
19985,0.023040762,0.022060955,0.9548983
19986,0.7936566,0.006577122,0.19976626
19987,0.6245826,0.008946603,0.3664708
19988,0.9451087,0.004262637,0.05062868
19989,0.9782396,0.007869192,0.013891248
19990,0.98101,0.0021271056,0.016862879
19991,0.107928954,0.048863728,0.8432073
19992,0.08620383,0.03337404,0.8804221
19993,0.10361459,0.011432735,0.88495266
19994,0.9445639,0.028106289,0.027329782
19995,0.9399941,0.0023692024,0.057636708
19996,0.8226302,0.021107165,0.1562626
19997,0.9076851,0.0074138152,0.08490101
19998,0.6926269,0.012136189,0.29523695
19999,0.4204367,0.03514385,0.54441947
20000,0.9587588,0.009176444,0.03206481
20001,0.6682631,0.038862184,0.29287472
20002,0.980187,0.0034659577,0.016346993
20003,0.19126534,0.0075757164,0.8011589
20004,0.35954496,0.010431694,0.63002336
20005,0.048151497,0.014901473,0.93694705
20006,0.9370893,0.010378154,0.052532542
20007,0.27633905,0.011135671,0.7125253
20008,0.036263436,0.021834277,0.9419023
20009,0.64081967,0.010414284,0.34876606
20010,0.8801824,0.0045191995,0.11529842
20011,0.008130452,0.00780194,0.9840677
20012,0.07289224,0.022909645,0.90419805
20013,0.92275614,0.011948163,0.06529569
20014,0.90179265,0.04296022,0.055247117
20015,0.9611402,0.011955253,0.026904471
20016,0.5173602,0.011030671,0.4716091
20017,0.5269571,0.011265764,0.46177712
20018,0.97362286,0.0055682445,0.02080895
20019,0.33205074,0.020478034,0.64747125
20020,0.98130465,0.0023550433,0.016340375
20021,0.055957258,0.012918712,0.93112403
20022,0.88677436,0.0033702115,0.10985537
20023,0.88093895,0.010507352,0.10855368
20024,0.071964934,0.010153924,0.9178811
20025,0.72771263,0.15394884,0.118338525
20026,0.88708264,0.036663014,0.07625439
20027,0.93745446,0.03233244,0.030213129
20028,0.93671274,0.0039655683,0.059321713
20029,0.9258919,0.036928885,0.037179295
20030,0.93759805,0.0033305355,0.05907145
20031,0.57994854,0.09223305,0.32781845
20032,0.6420577,0.029669138,0.32827315
20033,0.96014637,0.0038760374,0.035977617
20034,0.9369265,0.003943342,0.05913019
20035,0.89953816,0.01687762,0.083584264
20036,0.96696275,0.005884944,0.027152251
20037,0.5810773,0.063515216,0.3554075
20038,0.5545633,0.016598716,0.42883795
20039,0.054937515,0.006370507,0.93869203
20040,0.39200452,0.05888887,0.5491066
20041,0.48331994,0.015042265,0.5016378
20042,0.94681716,0.0032550332,0.04992779
20043,0.6505561,0.008467822,0.34097612
20044,0.7086561,0.10734602,0.18399788
20045,0.09405955,0.006444752,0.8994957
20046,0.013742912,0.0018199733,0.9844371
20047,0.7142874,0.008913653,0.27679896
20048,0.72778076,0.008147261,0.26407197
20049,0.8558703,0.0051941513,0.13893558
20050,0.74899405,0.08735781,0.16364816
20051,0.65755236,0.01803676,0.32441083
20052,0.019351723,0.0013106865,0.9793376
20053,0.8877653,0.010305109,0.10192959
20054,0.9377965,0.0056312284,0.05657237
20055,0.6733426,0.004572312,0.32208514
20056,0.9837533,0.0042550247,0.011991718
20057,0.90629935,0.020073485,0.07362721
20058,0.71321166,0.00841619,0.2783721
20059,0.5569483,0.011868652,0.43118307
20060,0.9451138,0.0039381636,0.05094806
20061,0.014863331,0.00131794,0.9838187
20062,0.03098272,0.0038905086,0.9651268
20063,0.77442735,0.009723792,0.2158488
20064,0.7415902,0.03503908,0.22337075
20065,0.021709654,0.002964732,0.97532564
20066,0.67051977,0.2525702,0.07690999
20067,0.9523687,0.006487941,0.041143443
20068,0.8846204,0.0057903114,0.10958919
20069,0.9734071,0.010067473,0.016525477
20070,0.71507835,0.055590015,0.22933161
20071,0.02666666,0.008265563,0.96506774
20072,0.9857642,0.0008943161,0.01334151
20073,0.8363706,0.028341176,0.13528824
20074,0.28932208,0.038521506,0.6721564
20075,0.58014446,0.0065537356,0.41330177
20076,0.94467443,0.0036228078,0.05170276
20077,0.8242454,0.013156269,0.1625984
20078,0.39679587,0.0060616615,0.59714246
20079,0.9775573,0.0024639957,0.019978693
20080,0.95914066,0.013561014,0.027298277
20081,0.967589,0.0045157843,0.027895179
20082,0.967187,0.01348529,0.01932778
20083,0.59615225,0.011092174,0.3927556
20084,0.95925933,0.023988312,0.016752355
20085,0.47609016,0.38496035,0.13894941
20086,0.9655155,0.008652142,0.02583236
20087,0.763464,0.0763466,0.16018943
20088,0.8973994,0.0032821763,0.09931838
20089,0.8868927,0.034183025,0.07892433
20090,0.7421825,0.016659832,0.24115765
20091,0.9640413,0.013808476,0.022150237
20092,0.6627254,0.01100862,0.326266
20093,0.95617193,0.002592672,0.04123542
20094,0.9654437,0.0065957066,0.027960638
20095,0.42687103,0.014627167,0.55850184
20096,0.7526968,0.02472496,0.22257824
20097,0.75772697,0.008778677,0.23349437
20098,0.51925755,0.07755091,0.4031915
20099,0.21155767,0.007332991,0.78110933
20100,0.33564854,0.0063816695,0.65796983
20101,0.6699322,0.01666781,0.31339997
20102,0.020026444,0.018749142,0.9612244
20103,0.37941608,0.0058908607,0.614693
20104,0.907195,0.012138314,0.08066666
20105,0.94491524,0.0056082965,0.049476445
20106,0.03051115,0.0022969032,0.967192
20107,0.9546118,0.010680922,0.034707356
20108,0.9779318,0.0031374032,0.018930769
20109,0.94493943,0.0032481006,0.051812503
20110,0.881453,0.060533613,0.058013476
20111,0.9067301,0.0063973535,0.08687251
20112,0.4858233,0.023981191,0.4901955
20113,0.64282364,0.016473807,0.34070256
20114,0.7901992,0.02222055,0.18758023
20115,0.013230602,0.002437953,0.98433137
20116,0.87153095,0.0040833345,0.12438571
20117,0.96028876,0.0031155855,0.03659569
20118,0.75090027,0.0054060253,0.2436937
20119,0.9919304,0.0009446674,0.0071248948
20120,0.9289462,0.0029248379,0.06812897
20121,0.48633108,0.006293725,0.5073752
20122,0.96870214,0.0038718402,0.027426045
20123,0.01166059,0.0029581022,0.9853813
20124,0.8605584,0.014539474,0.12490209
20125,0.9338313,0.0029223918,0.06324632
20126,0.9760696,0.0018779393,0.0220524
20127,0.8961342,0.003487931,0.10037794
20128,0.07016263,0.014578092,0.9152593
20129,0.7670507,0.11969149,0.11325785
20130,0.8981181,0.0061869016,0.095695
20131,0.67820525,0.027769495,0.29402524
20132,0.5252125,0.039492242,0.43529522
20133,0.96051735,0.009580285,0.029902339
20134,0.6635204,0.15187897,0.18460062
20135,0.029809425,0.0037167366,0.9664738
20136,0.9676958,0.008920524,0.02338368
20137,0.97567785,0.003071947,0.02125023
20138,0.91211295,0.007429689,0.080457345
20139,0.13335341,0.030479202,0.83616734
20140,0.57591623,0.012278829,0.41180494
20141,0.9301967,0.004408637,0.065394625
20142,0.94810617,0.0035885393,0.048305336
20143,0.9469015,0.003198375,0.04990008
20144,0.7654352,0.061798774,0.17276606
20145,0.9697272,0.0020986286,0.028174156
20146,0.023530334,0.007330198,0.9691395
20147,0.9686105,0.010841448,0.020547967
20148,0.15743802,0.0039815535,0.8385805
20149,0.8934315,0.0056505846,0.100917935
20150,0.96088964,0.0024408705,0.03666948
20151,0.061336264,0.008207171,0.9304565
20152,0.90269196,0.0056121945,0.09169582
20153,0.9737562,0.0016145713,0.024629219
20154,0.88707453,0.009053675,0.10387178
20155,0.9755231,0.003511146,0.020965807
20156,0.8055874,0.021362118,0.17305052
20157,0.6433446,0.008982756,0.34767267
20158,0.9411428,0.005915324,0.05294193
20159,0.93535066,0.0026636815,0.061985735
20160,0.9005766,0.03702208,0.062401373
20161,0.95493037,0.008007082,0.037062526
20162,0.9441084,0.026405044,0.029486595
20163,0.036216855,0.08013461,0.8836485
20164,0.67118037,0.038121738,0.2906979
20165,0.94764537,0.0041803303,0.04817433
20166,0.008227311,0.0024669508,0.98930573
20167,0.9249224,0.0068322434,0.06824535
20168,0.9604783,0.0051002195,0.034421522
20169,0.94716763,0.0029285187,0.049903907
20170,0.5611143,0.08116309,0.35772258
20171,0.959338,0.0026381505,0.038023785
20172,0.6771023,0.010032408,0.31286523
20173,0.80846334,0.004695584,0.18684109
20174,0.976837,0.0056908396,0.017472241
20175,0.13457371,0.50469244,0.36073384
20176,0.95825624,0.004196074,0.037547637
20177,0.10702202,0.005516175,0.88746184
20178,0.9364505,0.008803562,0.05474602
20179,0.89388144,0.008050743,0.098067835
20180,0.98478806,0.0013572414,0.013854711
20181,0.9221831,0.007947031,0.06986989
20182,0.030920163,0.003181025,0.9658988
20183,0.82772964,0.0154370675,0.15683323
20184,0.9853903,0.0011320171,0.013477676
20185,0.96443474,0.0065523256,0.029012892
20186,0.9828721,0.0023088772,0.014819052
20187,0.8163916,0.00906221,0.1745462
20188,0.97566164,0.0066471486,0.017691193
20189,0.97727627,0.004892781,0.017830983
20190,0.80402195,0.012747981,0.1832301
20191,0.9444294,0.0057756975,0.049794897
20192,0.4188494,0.039862607,0.541288
20193,0.6471872,0.0076632225,0.34514964
20194,0.43104255,0.0073841354,0.5615733
20195,0.95712173,0.008566796,0.034311477
20196,0.967518,0.004859602,0.027622484
20197,0.9718603,0.0022901914,0.025849564
20198,0.9617902,0.001958736,0.03625105
20199,0.9746918,0.004129455,0.02117879
20200,0.9471919,0.014126058,0.03868203
20201,0.9648484,0.006724123,0.028427476
20202,0.9610496,0.0017496105,0.03720075
20203,0.053518888,0.09112,0.85536116
20204,0.9721949,0.0081293,0.019675782
20205,0.047867905,0.8482222,0.103909925
20206,0.9241756,0.019792555,0.05603185
20207,0.9914466,0.0013891081,0.007164331
20208,0.9545187,0.013577376,0.03190393
20209,0.830989,0.0060511744,0.16295986
20210,0.9159634,0.0033621714,0.08067449
20211,0.80268705,0.012505533,0.18480743
20212,0.9544181,0.0026968727,0.042885046
20213,0.0070895897,0.0013519324,0.99155855
20214,0.005501147,0.002242419,0.9922564
20215,0.79906505,0.013053382,0.18788156
20216,0.9536203,0.002387599,0.043992076
20217,0.5272173,0.08495431,0.38782835
20218,0.7156528,0.010169823,0.27417737
20219,0.18774314,0.36993855,0.4423183
20220,0.9812491,0.002085536,0.016665434
20221,0.9649074,0.007041763,0.028050784
20222,0.5414106,0.27497432,0.18361507
20223,0.8959771,0.005836459,0.09818649
20224,0.9439936,0.010024816,0.045981485
20225,0.7878387,0.0038856945,0.20827556
20226,0.83732164,0.026722819,0.13595554
20227,0.60054153,0.09532893,0.30412954
20228,0.96605384,0.0023382527,0.031607885
20229,0.6675046,0.007356758,0.32513863
20230,0.9297028,0.014931249,0.05536596
20231,0.90431005,0.004080354,0.09160954
20232,0.9527857,0.0050416803,0.0421726
20233,0.7029122,0.009213191,0.28787455
20234,0.94991046,0.008743019,0.041346483
20235,0.93673456,0.009652612,0.05361286
20236,0.9544188,0.0032968167,0.04228439
20237,0.8857498,0.0033327579,0.110917464
20238,0.9898324,0.0016857209,0.008481812
20239,0.89934933,0.0052678213,0.09538285
20240,0.9652554,0.008041778,0.026702818
20241,0.9391758,0.03516545,0.02565875
20242,0.9106143,0.002721976,0.086663775
20243,0.78998816,0.010949151,0.19906266
20244,0.9130334,0.00758788,0.079378635
20245,0.8570109,0.118405454,0.024583671
20246,0.15941478,0.027291011,0.8132942
20247,0.98019034,0.0016618662,0.018147752
20248,0.9432591,0.0045022736,0.05223862
20249,0.9478683,0.0044042403,0.047727466
20250,0.020373523,0.016529597,0.9630969
20251,0.9592866,0.0032675436,0.037445877
20252,0.21301639,0.0075257984,0.77945775
20253,0.5924864,0.007078802,0.4004348
20254,0.95400274,0.0052902885,0.040706944
20255,0.69697076,0.24446331,0.058565885
20256,0.87416565,0.018530492,0.10730392
20257,0.178946,0.011118179,0.8099358
20258,0.3194146,0.0054930956,0.6750924
20259,0.9385942,0.004333309,0.057072423
20260,0.74191296,0.006497392,0.25158963
20261,0.970074,0.003805371,0.026120653
20262,0.9610934,0.0022551925,0.036651403
20263,0.36754692,0.010650641,0.62180245
20264,0.31996015,0.008175492,0.67186433
20265,0.96119684,0.0042759273,0.034527235
20266,0.9389196,0.027502755,0.033577707
20267,0.8854423,0.022578126,0.09197952
20268,0.37855342,0.054256227,0.5671904
20269,0.40187708,0.05790214,0.5402208
20270,0.71555007,0.00725443,0.2771955
20271,0.040065818,0.0037199361,0.9562142
20272,0.92513317,0.007830386,0.06703641
20273,0.5481123,0.2224957,0.22939204
20274,0.027890755,0.0020455082,0.97006375
20275,0.96681577,0.0061873547,0.026996844
20276,0.9245808,0.0037119922,0.07170723
20277,0.85276383,0.029410364,0.11782577
20278,0.7635234,0.015274866,0.22120172
20279,0.9767569,0.0029315087,0.020311581
20280,0.03404406,0.01753824,0.94841766
20281,0.9696274,0.0019872212,0.028385457
20282,0.9724879,0.011782702,0.015729338
20283,0.9464744,0.0032931615,0.050232477
20284,0.76000124,0.06367403,0.17632475
20285,0.8011463,0.0059068743,0.19294673
20286,0.06583239,0.12670952,0.8074581
20287,0.84113944,0.048698455,0.11016206
20288,0.97575164,0.0037200644,0.020528276
20289,0.92251754,0.006777805,0.07070466
20290,0.060724497,0.0044162106,0.9348593
20291,0.9357176,0.014158817,0.050123613
20292,0.059155405,0.0079601575,0.93288445
20293,0.9568215,0.011744802,0.031433687
20294,0.70184916,0.028313128,0.2698377
20295,0.8197088,0.011167149,0.16912404
20296,0.97377825,0.00900197,0.017219717
20297,0.9366841,0.0061472426,0.057168674
20298,0.034196027,0.004680573,0.9611234
20299,0.018849254,0.0014701228,0.9796806
20300,0.9816217,0.002335457,0.016042897
20301,0.9728817,0.0026380662,0.02448031
20302,0.5764441,0.008841894,0.41471404
20303,0.8243321,0.0053779786,0.1702899
20304,0.08363724,0.025897164,0.8904656
20305,0.9539874,0.016738322,0.029274227
20306,0.81888425,0.02075213,0.16036363
20307,0.77679664,0.013342142,0.20986126
20308,0.9628496,0.01454005,0.022610351
20309,0.9162173,0.026429147,0.05735351
20310,0.059776567,0.004657687,0.9355657
20311,0.91550946,0.011739762,0.07275074
20312,0.024511658,0.0022414038,0.97324693
20313,0.09279356,0.009943307,0.8972631
20314,0.984582,0.0018884331,0.013529626
20315,0.96552825,0.0064546317,0.028017055
20316,0.9095572,0.0035473781,0.08689544
20317,0.69552356,0.009930344,0.29454613
20318,0.84772265,0.0055006132,0.14677677
20319,0.5908484,0.008265272,0.4008863
20320,0.8137019,0.01310954,0.17318848
20321,0.8621348,0.005670012,0.13219516
20322,0.9028516,0.0023107124,0.09483773
20323,0.74199396,0.009711221,0.24829486
20324,0.9116079,0.04538908,0.043002993
20325,0.9539756,0.0021516732,0.043872718
20326,0.016773554,0.0021267927,0.98109967
20327,0.07460562,0.01333368,0.9120607
20328,0.95674676,0.010136039,0.03311722
20329,0.9251502,0.012754525,0.06209527
20330,0.87150836,0.003256747,0.12523484
20331,0.7414561,0.011904271,0.24663965
20332,0.6587685,0.009814694,0.33141682
20333,0.9690525,0.0025444985,0.028403034
20334,0.9858862,0.005290265,0.008823544
20335,0.8822864,0.0063614673,0.11135216
20336,0.6290773,0.011510136,0.35941255
20337,0.5871733,0.017514931,0.3953118
20338,0.9647037,0.017222682,0.018073572
20339,0.9540923,0.0018313645,0.044076253
20340,0.12800182,0.015537266,0.8564609
20341,0.91385067,0.0032204327,0.08292896
20342,0.100163385,0.0066539184,0.89318275
20343,0.15582086,0.006748375,0.8374307
20344,0.87380624,0.009438664,0.11675505
20345,0.31024715,0.08355891,0.60619396
20346,0.9174715,0.02753336,0.054995187
20347,0.14940213,0.009404194,0.8411937
20348,0.37466723,0.010738255,0.6145945
20349,0.9431858,0.009139635,0.04767448
20350,0.9651639,0.007410984,0.02742516
20351,0.917035,0.027348354,0.05561666
20352,0.59203184,0.0096285585,0.3983396
20353,0.5227832,0.012696867,0.46451995
20354,0.8020973,0.01465492,0.18324776
20355,0.09360231,0.004341317,0.90205634
20356,0.9241866,0.0043974156,0.07141596
20357,0.62590665,0.00537292,0.36872044
20358,0.96625763,0.0066113756,0.027131047
20359,0.7100739,0.025633113,0.26429302
20360,0.71331584,0.04604404,0.24064006
20361,0.14315511,0.007112187,0.8497327
20362,0.9469752,0.004671452,0.04835345
20363,0.112866364,0.043069504,0.8440641
20364,0.04470872,0.004770936,0.95052034
20365,0.96541417,0.0040985825,0.030487258
20366,0.092634864,0.111037366,0.79632777
20367,0.8902833,0.021918863,0.08779784
20368,0.566409,0.008197787,0.42539316
20369,0.6397467,0.0073374324,0.35291585
20370,0.8114062,0.00833906,0.18025476
20371,0.6781091,0.0096454,0.31224546
20372,0.82456523,0.004052537,0.17138225
20373,0.98066956,0.0037985884,0.015531887
20374,0.9614763,0.007445289,0.031078368
20375,0.29988527,0.0066387,0.69347596
20376,0.7346731,0.008564022,0.25676295
20377,0.90014094,0.00887026,0.09098884
20378,0.8993943,0.006283162,0.09432261
20379,0.7442171,0.003486299,0.25229663
20380,0.9308347,0.028043427,0.04112189
20381,0.013397769,0.001170367,0.98543185
20382,0.024588902,0.0093219215,0.9660891
20383,0.9741727,0.0018695357,0.023957733
20384,0.10618641,0.0058992533,0.88791436
20385,0.8481256,0.025446909,0.1264275
20386,0.16953354,0.0026729768,0.8277935
20387,0.90428513,0.013373863,0.08234102
20388,0.87661165,0.03037572,0.093012646
20389,0.9659936,0.0065572513,0.027449215
20390,0.17373213,0.019109486,0.80715835
20391,0.0049510067,0.004247738,0.9908013
20392,0.9530036,0.003936114,0.043060325
20393,0.96419394,0.00981973,0.025986342
20394,0.9696229,0.018910943,0.011466121
20395,0.9334231,0.00762598,0.058950957
20396,0.27575052,0.007871946,0.7163775
20397,0.9845014,0.0035814699,0.011917115
20398,0.020990243,0.009506552,0.9695032
20399,0.9802634,0.0023044078,0.017432138
20400,0.877587,0.01055595,0.11185703
20401,0.94645995,0.011371109,0.042168994
20402,0.7128595,0.037221003,0.24991946
20403,0.09665062,0.00510212,0.89824724
20404,0.9872705,0.0021073963,0.010622187
20405,0.02191626,0.004765104,0.97331864
20406,0.9745293,0.008742058,0.01672866
20407,0.3785866,0.042166747,0.5792467
20408,0.96414113,0.0030188514,0.03284004
20409,0.9655984,0.0020174442,0.032384142
20410,0.8307242,0.062264487,0.107011355
20411,0.94287544,0.0021744044,0.05495017
20412,0.95951116,0.0012796837,0.03920916
20413,0.10139431,0.007975721,0.89063
20414,0.010865912,0.009684764,0.9794493
20415,0.73165536,0.007769491,0.26057515
20416,0.9513243,0.004577782,0.04409796
20417,0.14275569,0.013060903,0.8441834
20418,0.96777356,0.014374267,0.017852176
20419,0.9792644,0.0013741099,0.019361496
20420,0.9706806,0.0028061788,0.026513232
20421,0.25978166,0.01748555,0.7227327
20422,0.6938498,0.012485574,0.2936646
20423,0.9463705,0.003125959,0.050503604
20424,0.97684276,0.0024414444,0.020715758
20425,0.9207297,0.0042936895,0.07497666
20426,0.9871724,0.0030630734,0.00976451
20427,0.45042336,0.009744516,0.5398321
20428,0.7054406,0.014435336,0.2801241
20429,0.96197295,0.003822437,0.03420462
20430,0.009620111,0.0019411071,0.9884388
20431,0.76713353,0.012029118,0.22083734
20432,0.93657666,0.018946443,0.0444769
20433,0.2931475,0.016478341,0.6903741
20434,0.9605003,0.015043927,0.02445577
20435,0.9750201,0.0030116467,0.021968236
20436,0.6343054,0.073210284,0.29248428
20437,0.9605576,0.0073748375,0.03206754
20438,0.96639043,0.004631484,0.028978145
20439,0.1243705,0.0035012946,0.8721282
20440,0.9004323,0.0056095687,0.093958214
20441,0.95714396,0.010472504,0.032383546
20442,0.5305192,0.02469055,0.44479027
20443,0.07024147,0.022700712,0.9070579
20444,0.9603549,0.012390732,0.027254378
20445,0.045709386,0.003312274,0.9509784
20446,0.20486987,0.10925067,0.6858794
20447,0.9811193,0.0021641965,0.016716558
20448,0.974019,0.0035932965,0.022387693
20449,0.83628535,0.042729747,0.12098491
20450,0.67153007,0.106401734,0.2220682
20451,0.9043378,0.050782446,0.04487973
20452,0.7343865,0.018283227,0.2473302
20453,0.17642353,0.0054732193,0.81810325
20454,0.97642106,0.0070759803,0.016502943
20455,0.02256989,0.0029741668,0.97445595
20456,0.9223081,0.0142700495,0.06342181
20457,0.34845284,0.009883369,0.64166385
20458,0.8854438,0.005738836,0.10881736
20459,0.74334955,0.08091683,0.17573367
20460,0.010058861,0.0012483196,0.9886929
20461,0.972476,0.0109530855,0.016570944
20462,0.36611396,0.010381996,0.623504
20463,0.016491013,0.013031452,0.9704775
20464,0.94091594,0.0031549693,0.055929143
20465,0.8731141,0.005901242,0.1209846
20466,0.05366001,0.003662711,0.94267726
20467,0.01766415,0.0021450708,0.9801908
20468,0.2908667,0.016848067,0.69228524
20469,0.8823673,0.005795194,0.11183745
20470,0.9699756,0.0027181555,0.02730621
20471,0.97727716,0.0041491836,0.018573647
20472,0.35185972,0.0067010736,0.6414392
20473,0.93270135,0.0023570287,0.06494156
20474,0.71530586,0.1186159,0.16607818
20475,0.97187287,0.0052265613,0.0229006
20476,0.9402772,0.007578157,0.052144654
20477,0.96213835,0.00278637,0.03507531
20478,0.8857966,0.012110492,0.10209289
20479,0.9706915,0.013942649,0.015365821
20480,0.7763057,0.024038566,0.19965571
20481,0.9801112,0.0016908747,0.018197905
20482,0.90304565,0.050717164,0.046237167
20483,0.79590327,0.015371114,0.18872559
20484,0.11546832,0.002468527,0.8820632
20485,0.9732145,0.0036312684,0.02315416
20486,0.9550057,0.0026819233,0.0423124
20487,0.8203484,0.010093686,0.16955787
20488,0.984379,0.0015094657,0.014111527
20489,0.8877644,0.0034099803,0.10882566
20490,0.87847906,0.013063691,0.10845725
20491,0.15584253,0.41739747,0.42676002
20492,0.9614367,0.006303767,0.032259516
20493,0.7339485,0.007312698,0.25873876
20494,0.9449102,0.012667633,0.042422142
20495,0.92875797,0.003338144,0.06790389
20496,0.97452265,0.0019962264,0.023481123
20497,0.17147976,0.015273125,0.8132471
20498,0.29466754,0.010687435,0.694645
20499,0.25257984,0.017033288,0.7303868
20500,0.98007625,0.0026038524,0.017319852
20501,0.9892657,0.00093078765,0.009803538
20502,0.9506639,0.0035638032,0.045772295
20503,0.5767872,0.007864293,0.41534856
20504,0.88539296,0.0047302106,0.109876774
20505,0.23558193,0.0047453265,0.75967276
20506,0.9869805,0.002904713,0.010114755
20507,0.9466225,0.01824727,0.035130184
20508,0.9440649,0.0052117,0.050723314
20509,0.98884845,0.0010023778,0.010149193
20510,0.86558145,0.004238323,0.13018018
20511,0.88106763,0.018409308,0.10052311
20512,0.9879745,0.0016918675,0.010333646
20513,0.9037595,0.003056721,0.09318378
20514,0.876775,0.015761089,0.10746391
20515,0.9783407,0.0027596627,0.018899666
20516,0.9085651,0.01948247,0.07195247
20517,0.9618154,0.002422979,0.03576157
20518,0.94759935,0.005210263,0.047190435
20519,0.96742344,0.0026718574,0.029904757
20520,0.972739,0.009378741,0.01788231
20521,0.77280384,0.17525892,0.051937208
20522,0.92889607,0.001685113,0.069418766
20523,0.9133772,0.005720968,0.08090181
20524,0.94610095,0.008349809,0.045549277
20525,0.7330092,0.112371296,0.15461953
20526,0.27113584,0.0062165605,0.7226476
20527,0.02938892,0.0029193999,0.9676917
20528,0.95516485,0.0046852846,0.040149868
20529,0.94906104,0.012662892,0.03827612
20530,0.94995856,0.015464898,0.034576565
20531,0.9837821,0.0035358006,0.012682003
20532,0.9019776,0.0064806114,0.091541834
20533,0.9941955,0.0007001315,0.005104353
20534,0.89778936,0.0070260265,0.09518458
20535,0.9408682,0.0029360114,0.056195807
20536,0.44337046,0.056517746,0.50011176
20537,0.026632022,0.0098827975,0.9634852
20538,0.97953886,0.0026685486,0.017792614
20539,0.59884524,0.0055483356,0.39560646
20540,0.8382655,0.03468627,0.12704828
20541,0.40859362,0.010418832,0.5809876
20542,0.028285885,0.002693059,0.9690211
20543,0.9296309,0.0035872466,0.066781834
20544,0.9809301,0.002939762,0.016130134
20545,0.026321508,0.009785715,0.9638927
20546,0.014060301,0.0032616174,0.9826781
20547,0.20894957,0.0067488747,0.7843016
20548,0.68399143,0.089795485,0.22621307
20549,0.023693023,0.0034311165,0.9728759
20550,0.27119553,0.029535284,0.6992692
20551,0.95623076,0.0116449315,0.032124337
20552,0.85203105,0.120024316,0.02794461
20553,0.90644675,0.04364358,0.04990968
20554,0.9035724,0.0072104363,0.08921721
20555,0.35952017,0.052115083,0.5883647
20556,0.7287529,0.034818538,0.2364285
20557,0.97491676,0.002172805,0.02291037
20558,0.26756737,0.548801,0.18363163
20559,0.9857013,0.0014444741,0.012854233
20560,0.6189848,0.041604847,0.33941036
20561,0.8643954,0.009780032,0.12582462
20562,0.009644905,0.001196988,0.98915815
20563,0.95796674,0.004471437,0.03756188
20564,0.9607544,0.02321096,0.016034646
20565,0.9519316,0.0042799516,0.043788474
20566,0.0073104557,0.0027596345,0.98993
20567,0.8752276,0.006950323,0.11782214
20568,0.9829542,0.0026121712,0.014433595
20569,0.99311405,0.0011695098,0.0057163853
20570,0.93918616,0.010598386,0.05021549
20571,0.9814957,0.0033077556,0.015196548
20572,0.9593693,0.0022713682,0.038359374
20573,0.9616575,0.004010666,0.034331776
20574,0.93910563,0.0018113295,0.05908301
20575,0.97008115,0.007208955,0.02270984
20576,0.5156065,0.019286988,0.46510646
20577,0.8742625,0.0053604296,0.12037704
20578,0.027142324,0.002445829,0.9704119
20579,0.7880205,0.016598383,0.19538113
20580,0.95964265,0.0075931717,0.032764185
20581,0.9072463,0.0037777978,0.088975936
20582,0.7210382,0.013136248,0.26582554
20583,0.14908722,0.018783519,0.8321293
20584,0.5117213,0.04911968,0.43915898
20585,0.60750216,0.030644363,0.36185345
20586,0.1247187,0.016520303,0.858761
20587,0.98407596,0.0014441167,0.014479927
20588,0.9695519,0.00251203,0.02793605
20589,0.4767691,0.00725037,0.51598054
20590,0.7212187,0.039720178,0.2390611
20591,0.97083235,0.005739352,0.023428328
20592,0.9279909,0.0034424795,0.068566576
20593,0.017493954,0.005335235,0.9771708
20594,0.07951871,0.005966307,0.91451496
20595,0.09238811,0.01063955,0.8969723
20596,0.635861,0.009176412,0.35496262
20597,0.9726087,0.0019416142,0.025449747
20598,0.97418267,0.0050268197,0.020790571
20599,0.8346377,0.112655945,0.052706346
20600,0.9672505,0.003435425,0.029314067
20601,0.9617367,0.0033184646,0.03494485
20602,0.93549544,0.0050016567,0.059502892
20603,0.03320828,0.002546852,0.96424484
20604,0.87825954,0.0043942407,0.11734623
20605,0.64139,0.15342088,0.20518906
20606,0.5708163,0.04517784,0.3840059
20607,0.90915245,0.0018707687,0.08897679
20608,0.9381569,0.008354097,0.053488962
20609,0.8489175,0.006781754,0.14430077
20610,0.8858062,0.07583584,0.0383579
20611,0.69544655,0.10992606,0.1946274
20612,0.952491,0.0031076968,0.0444013
20613,0.9482468,0.00355392,0.04819936
20614,0.4188413,0.06494135,0.51621735
20615,0.9215094,0.009584795,0.06890579
20616,0.9678737,0.0020921787,0.030034054
20617,0.9644545,0.0017489039,0.033796612
20618,0.9837208,0.00449111,0.011788066
20619,0.98338735,0.0013733967,0.01523918
20620,0.9875306,0.0021300036,0.0103394445
20621,0.73323566,0.077212006,0.1895524
20622,0.7188215,0.22334664,0.057831787
20623,0.9790714,0.007720652,0.0132079935
20624,0.94776666,0.0022141002,0.050019223
20625,0.9630381,0.0030220132,0.033939842
20626,0.048042245,0.01413711,0.9378207
20627,0.97963685,0.005452266,0.01491092
20628,0.8256397,0.008282216,0.16607802
20629,0.72048426,0.053414274,0.22610146
20630,0.49672744,0.0073883957,0.49588412
20631,0.38139716,0.0066872174,0.6119156
20632,0.95760465,0.0060753296,0.036320023
20633,0.23177227,0.012825069,0.7554026
20634,0.6330037,0.011301511,0.35569483
20635,0.78661066,0.011101962,0.2022874
20636,0.888089,0.0043992824,0.107511744
20637,0.26868346,0.013780545,0.717536
20638,0.93910855,0.0045882296,0.05630323
20639,0.031999823,0.0037514467,0.9642487
20640,0.47594646,0.0074906284,0.5165629
20641,0.97329265,0.0026278386,0.024079485
20642,0.9811381,0.0025886684,0.016273294
20643,0.9343609,0.0049964413,0.060642686
20644,0.8961654,0.015104723,0.08872991
20645,0.8513154,0.00686149,0.1418231
20646,0.5515703,0.00888909,0.4395406
20647,0.65221924,0.0065435176,0.3412373
20648,0.963179,0.0021914158,0.03462963
20649,0.9646337,0.0016176996,0.03374862
20650,0.77961165,0.03799886,0.18238947
20651,0.96353203,0.0065340493,0.029933907
20652,0.91780275,0.0031093177,0.07908795
20653,0.94365245,0.004601587,0.05174597
20654,0.88412213,0.0042640986,0.111613825
20655,0.014808865,0.0017720687,0.98341906
20656,0.96634656,0.009934974,0.023718474
20657,0.8541948,0.022477,0.12332822
20658,0.8876258,0.0052318852,0.107142314
20659,0.8919017,0.013512494,0.094585866
20660,0.024131037,0.013786997,0.96208197
20661,0.13502778,0.0073584984,0.85761374
20662,0.64295053,0.05188318,0.30516624
20663,0.651579,0.013878425,0.33454254
20664,0.93656987,0.009169688,0.054260492
20665,0.9827833,0.0026855632,0.014531142
20666,0.64441085,0.0074966243,0.3480925
20667,0.7979491,0.007610638,0.19444034
20668,0.7625536,0.10759972,0.12984674
20669,0.9673111,0.0041169235,0.028572002
20670,0.96315014,0.0040614917,0.03278836
20671,0.87695265,0.0053519174,0.117695495
20672,0.9559729,0.002713528,0.041313548
20673,0.9181856,0.014195526,0.06761889
20674,0.98620063,0.00396968,0.009829607
20675,0.28976196,0.10840272,0.6018353
20676,0.93323714,0.023690473,0.043072414
20677,0.9227046,0.0046766833,0.072618715
20678,0.055576064,0.0043463088,0.94007766
20679,0.8667975,0.029882718,0.103319734
20680,0.77251315,0.0055071427,0.22197974
20681,0.956251,0.005965064,0.03778387
20682,0.7603728,0.045664787,0.19396237
20683,0.49389702,0.21261409,0.29348886
20684,0.9656912,0.016466085,0.017842762
20685,0.013259244,0.005198603,0.98154217
20686,0.0085820975,0.0035190084,0.9878989
20687,0.93723243,0.0045312694,0.05823635
20688,0.9804888,0.0027529383,0.016758267
20689,0.84886914,0.025542112,0.12558879
20690,0.9877985,0.0023665766,0.009834981
20691,0.42475596,0.042521466,0.5327226
20692,0.14538889,0.047004964,0.8076062
20693,0.06446056,0.0062695066,0.9292699
20694,0.96759486,0.0022285623,0.030176649
20695,0.61077595,0.016300067,0.37292403
20696,0.029390205,0.002160552,0.9684493
20697,0.025005918,0.006339573,0.9686545
20698,0.9146065,0.0027740903,0.08261939
20699,0.9822678,0.0037613164,0.013970948
20700,0.6136052,0.006604837,0.37978998
20701,0.78055257,0.0574396,0.16200781
20702,0.21324468,0.07533245,0.7114229
20703,0.5718992,0.0060140523,0.42208678
20704,0.39887166,0.008253012,0.59287536
20705,0.009412233,0.00089634076,0.98969144
20706,0.9600807,0.0057926644,0.034126684
20707,0.9737932,0.0035531642,0.022653636
20708,0.781187,0.010123859,0.2086891
20709,0.39879945,0.0063993307,0.59480125
20710,0.79865307,0.0075647985,0.1937821
20711,0.7509977,0.21475978,0.034242455
20712,0.9214601,0.0039401017,0.07459976
20713,0.70036876,0.011151715,0.28847954
20714,0.17117499,0.6508265,0.1779985
20715,0.9532437,0.0029131847,0.043843165
20716,0.46746355,0.2031853,0.32935116
20717,0.6905004,0.02628399,0.28321567
20718,0.9358694,0.010753868,0.05337681
20719,0.8291202,0.014282137,0.15659767
20720,0.96565706,0.005889706,0.028453162
20721,0.95053184,0.0040051085,0.04546308
20722,0.4774498,0.053187247,0.46936288
20723,0.20724504,0.0069408123,0.7858141
20724,0.26603982,0.020657044,0.7133031
20725,0.090480335,0.048059586,0.8614601
20726,0.15632467,0.009617866,0.83405745
20727,0.8072114,0.009416224,0.18337236
20728,0.5301929,0.013084417,0.4567227
20729,0.9699005,0.015753213,0.014346322
20730,0.90974146,0.0068311505,0.083427355
20731,0.84291065,0.015229521,0.14185983
20732,0.9704432,0.0062982095,0.023258572
20733,0.97636545,0.0029733025,0.020661261
20734,0.969491,0.0020876545,0.028421381
20735,0.9477692,0.008828845,0.04340193
20736,0.957822,0.0072039994,0.034973994
20737,0.9145231,0.012838969,0.07263793
20738,0.9853231,0.002599492,0.01207744
20739,0.47249317,0.028520025,0.49898675
20740,0.9616798,0.018656334,0.01966381
20741,0.9829354,0.0043353327,0.01272923
20742,0.74542385,0.0076229544,0.2469532
20743,0.2896212,0.00606873,0.70431006
20744,0.9593309,0.002807313,0.037861824
20745,0.17701957,0.03775203,0.78522843
20746,0.9279679,0.0030363079,0.06899576
20747,0.40710104,0.006416365,0.5864826
20748,0.0067285886,0.0021787896,0.9910926
20749,0.40096822,0.47702378,0.122008026
20750,0.98544055,0.0064516813,0.008107818
20751,0.974697,0.0022217939,0.02308121
20752,0.9803248,0.0020078914,0.017667314
20753,0.90746516,0.026357356,0.066177525
20754,0.93551725,0.0050865924,0.05939616
20755,0.12175633,0.014931161,0.8633125
20756,0.903082,0.004180927,0.09273707
20757,0.97938013,0.0019802283,0.018639639
20758,0.9684013,0.011195118,0.02040353
20759,0.92164975,0.01948314,0.05886716
20760,0.9312001,0.006926535,0.06187337
20761,0.97264344,0.002614123,0.024742428
20762,0.97087705,0.0066379835,0.022484912
20763,0.82004887,0.052817076,0.12713407
20764,0.55804694,0.4026144,0.039338596
20765,0.29135695,0.01937881,0.6892642
20766,0.03849396,0.017701114,0.9438049
20767,0.08443066,0.0036036088,0.9119657
20768,0.1674119,0.026548186,0.8060399
20769,0.31377542,0.00802135,0.6782033
20770,0.60048276,0.015765872,0.38375133
20771,0.32002154,0.048036546,0.6319419
20772,0.3570668,0.013469916,0.6294633
20773,0.58595854,0.012116231,0.4019252
20774,0.44331548,0.4701618,0.08652269
20775,0.9528661,0.005259785,0.04187412
20776,0.9862293,0.002433019,0.011337716
20777,0.8987286,0.002989315,0.09828212
20778,0.92419,0.011211039,0.064599015
20779,0.88660604,0.00440657,0.10898737
20780,0.820849,0.03101671,0.14813426
20781,0.90659326,0.0032261533,0.09018052
20782,0.19283836,0.22838783,0.57877386
20783,0.5886539,0.014297239,0.39704883
20784,0.08796793,0.0047906935,0.9072414
20785,0.8195121,0.027630748,0.15285712
20786,0.9861865,0.0029493698,0.010864151
20787,0.7337653,0.021203933,0.24503076
20788,0.9547578,0.016498134,0.028744021
20789,0.74614495,0.012189324,0.24166568
20790,0.82189083,0.03555039,0.14255875
20791,0.72329557,0.019259244,0.25744516
20792,0.9157926,0.062703654,0.021503698
20793,0.69958574,0.008293628,0.2921206
20794,0.8954331,0.0035029897,0.1010639
20795,0.9601833,0.009802479,0.030014241
20796,0.92453086,0.007216381,0.068252705
20797,0.96363896,0.0024777388,0.033883274
20798,0.8733165,0.00496239,0.121721044
20799,0.93166506,0.03535282,0.03298205
20800,0.7055628,0.10057683,0.19386037
20801,0.8745884,0.02892766,0.096484035
20802,0.032985844,0.015502704,0.9515115
20803,0.16772266,0.004034495,0.82824284
20804,0.6382399,0.012949215,0.34881088
20805,0.9317809,0.004851431,0.06336768
20806,0.9754515,0.0023572587,0.022191266
20807,0.9514491,0.004145773,0.044405088
20808,0.88579726,0.03001278,0.08419002
20809,0.14313303,0.00666585,0.85020113
20810,0.9213226,0.004214206,0.074463174
20811,0.022432933,0.004105041,0.9734621
20812,0.914679,0.014282403,0.07103861
20813,0.12099277,0.0038823502,0.8751248
20814,0.9720187,0.007424049,0.020557186
20815,0.02906729,0.0013428346,0.9695898
20816,0.94163656,0.014075098,0.044288367
20817,0.08323318,0.0049648,0.91180205
20818,0.6939634,0.0074407603,0.29859585
20819,0.95294154,0.005563412,0.04149511
20820,0.016206902,0.004343736,0.9794494
20821,0.92725974,0.002664392,0.07007594
20822,0.10289761,0.0045410423,0.8925613
20823,0.77758306,0.0064561227,0.21596085
20824,0.9756429,0.0051975534,0.019159539
20825,0.96405035,0.0019031747,0.034046415
20826,0.9567369,0.00711694,0.0361462
20827,0.11432826,0.4034681,0.48220366
20828,0.93245244,0.0034456744,0.06410192
20829,0.8252562,0.047944777,0.12679903
20830,0.34531733,0.022836972,0.63184565
20831,0.023597883,0.0036283056,0.9727738
20832,0.019821106,0.017333644,0.9628452
20833,0.9789547,0.009496773,0.011548575
20834,0.76786786,0.013105094,0.21902707
20835,0.9900283,0.0010485377,0.0089231795
20836,0.17036685,0.012380326,0.8172528
20837,0.9199228,0.032845166,0.047231972
20838,0.12684037,0.0037048787,0.86945474
20839,0.90445536,0.0073781065,0.08816657
20840,0.9455005,0.008831451,0.045668032
20841,0.9182207,0.008031832,0.07374751
20842,0.97034913,0.002572539,0.0270783
20843,0.949919,0.00838678,0.041694257
20844,0.70045894,0.023488842,0.27605227
20845,0.56956875,0.07958074,0.35085052
20846,0.9745173,0.0044680713,0.021014621
20847,0.40560365,0.07604603,0.5183503
20848,0.9714336,0.0076100854,0.020956326
20849,0.021935426,0.0022400445,0.9758245
20850,0.8636814,0.0047357185,0.13158289
20851,0.91324705,0.0056930287,0.081059866
20852,0.35491303,0.02588477,0.6192022
20853,0.9408888,0.0038936785,0.055217527
20854,0.75135726,0.008659044,0.23998366
20855,0.07832285,0.004548871,0.91712826
20856,0.51203257,0.033892192,0.45407525
20857,0.8226077,0.0028855074,0.17450681
20858,0.9773866,0.0029242705,0.019689184
20859,0.9483287,0.008189379,0.04348194
20860,0.08265461,0.00457486,0.91277057
20861,0.9767114,0.0021252679,0.021163283
20862,0.83601886,0.0043078824,0.15967323
20863,0.8956008,0.057197984,0.0472012
20864,0.98964393,0.00065172487,0.009704349
20865,0.78482217,0.019324794,0.19585305
20866,0.80961555,0.12603629,0.064348206
20867,0.7850684,0.007899538,0.20703211
20868,0.0054579717,0.0010106469,0.9935314
20869,0.95433223,0.003368596,0.042299185
20870,0.10808347,0.00807229,0.88384426
20871,0.039580505,0.008681793,0.95173776
20872,0.93244064,0.003070359,0.06448906
20873,0.98425364,0.0015467074,0.01419958
20874,0.971034,0.002475421,0.026490573
20875,0.5440602,0.006530624,0.44940922
20876,0.0046969797,0.0009324748,0.9943705
20877,0.84553766,0.011924066,0.14253825
20878,0.78997195,0.12764063,0.08238741
20879,0.91476625,0.004152922,0.081080824
20880,0.090440355,0.01606402,0.8934956
20881,0.92907673,0.0027855998,0.06813762
20882,0.7565452,0.005089469,0.23836529
20883,0.12320784,0.006382142,0.87041
20884,0.8413602,0.00982518,0.1488146
20885,0.9507552,0.012621467,0.036623314
20886,0.73036075,0.1030053,0.166634
20887,0.93317604,0.0070719626,0.05975202
20888,0.37390688,0.0067989854,0.61929417
20889,0.39701387,0.008764077,0.594222
20890,0.026083903,0.0021241305,0.9717919
20891,0.938541,0.009715403,0.05174365
20892,0.9635463,0.0020888606,0.03436484
20893,0.7747459,0.16785222,0.057401903
20894,0.01023822,0.0013872822,0.9883745
20895,0.38866773,0.007989682,0.6033426
20896,0.6563828,0.020073514,0.3235437
20897,0.9407297,0.016046446,0.043223903
20898,0.85827374,0.05695411,0.08477218
20899,0.7375722,0.007092161,0.25533566
20900,0.008711876,0.005139059,0.9861491
20901,0.87244684,0.011948213,0.11560492
20902,0.07011495,0.004268644,0.92561644
20903,0.6496394,0.048590012,0.3017706
20904,0.97879934,0.0059656687,0.015235016
20905,0.76926863,0.023747114,0.20698424
20906,0.9616654,0.005584636,0.032749955
20907,0.9417485,0.0065040193,0.051747464
20908,0.95536596,0.006410813,0.038223177
20909,0.29921022,0.00634215,0.69444764
20910,0.9527038,0.0052217897,0.042074423
20911,0.8408044,0.0064334967,0.15276206
20912,0.7804606,0.0308292,0.18871018
20913,0.98841906,0.0015135369,0.010067337
20914,0.9363286,0.0040805847,0.059590865
20915,0.9760494,0.0033068012,0.020643722
20916,0.7764979,0.0130145615,0.21048754
20917,0.5779741,0.01184643,0.41017953
20918,0.11898623,0.005581696,0.8754321
20919,0.49945724,0.043043155,0.45749956
20920,0.94071364,0.0046960674,0.05459028
20921,0.98367834,0.0013879404,0.014933767
20922,0.40197733,0.06815426,0.5298684
20923,0.5765321,0.022711407,0.40075645
20924,0.0069159465,0.0012406606,0.9918434
20925,0.6442223,0.005966025,0.34981167
20926,0.9004563,0.052079808,0.047463838
20927,0.1066669,0.03260915,0.860724
20928,0.10669802,0.013168274,0.8801337
20929,0.005002787,0.0006651512,0.9943321
20930,0.87109554,0.004643322,0.124261156
20931,0.6431679,0.045752544,0.3110796
20932,0.58225614,0.040821347,0.3769225
20933,0.9789252,0.0027690977,0.01830562
20934,0.8975908,0.009640714,0.092768505
20935,0.033111047,0.047883116,0.9190058
20936,0.5229362,0.020522255,0.45654154
20937,0.76670426,0.009636657,0.22365904
20938,0.07865995,0.07811256,0.84322757
20939,0.3689572,0.00539034,0.6256525
20940,0.43775296,0.062060177,0.5001869
20941,0.92013896,0.034720223,0.04514075
20942,0.03515854,0.0018133611,0.9630281
20943,0.6947373,0.035835482,0.2694272
20944,0.54044205,0.09471669,0.36484125
20945,0.9594982,0.006131852,0.034369912
20946,0.9416318,0.0074093435,0.05095885
20947,0.5436244,0.004636066,0.45173952
20948,0.96648437,0.0035277102,0.029987896
20949,0.21627551,0.0030577178,0.78066677
20950,0.15014374,0.061646216,0.78821003
20951,0.93512124,0.006229915,0.058648877
20952,0.8628916,0.00796835,0.12913996
20953,0.8644912,0.006276787,0.12923202
20954,0.054944098,0.010409427,0.9346464
20955,0.8698614,0.004546051,0.12559254
20956,0.9638319,0.004885925,0.031282105
20957,0.97886217,0.0015541201,0.019583732
20958,0.92947316,0.014495911,0.056030888
20959,0.9302311,0.0052262507,0.064542696
20960,0.93178535,0.010278764,0.057935897
20961,0.5752352,0.0142694255,0.41049543
20962,0.9611615,0.0026204905,0.03621797
20963,0.107338,0.12284455,0.7698175
20964,0.31570494,0.13275902,0.5515361
20965,0.036836427,0.0020341454,0.9611294
20966,0.9806157,0.002483064,0.016901227
20967,0.9776912,0.002905035,0.019403791
20968,0.4698054,0.013119597,0.517075
20969,0.38840476,0.08016404,0.5314312
20970,0.96736467,0.0033480935,0.029287295
20971,0.9713807,0.0068828017,0.02173641
20972,0.9902664,0.0027999312,0.0069337273
20973,0.95088416,0.010170025,0.038945794
20974,0.9352743,0.0057276296,0.058998104
20975,0.3544412,0.010797954,0.6347608
20976,0.64604765,0.009848099,0.3441043
20977,0.8473573,0.013209039,0.13943368
20978,0.9519814,0.009536038,0.038482558
20979,0.70046526,0.26552165,0.034013063
20980,0.9628333,0.002425194,0.034741487
20981,0.030956695,0.0019191611,0.9671242
20982,0.27843946,0.15861028,0.56295025
20983,0.88681906,0.012177435,0.10100342
20984,0.8720614,0.006746664,0.1211919
20985,0.15505537,0.014906179,0.8300385
20986,0.654968,0.07433554,0.27069643
20987,0.9381805,0.0026621253,0.059157368
20988,0.012410986,0.0011393958,0.98644966
20989,0.912996,0.0052518244,0.08175216
20990,0.23016588,0.6701565,0.09967762
20991,0.9427166,0.007988989,0.04929439
20992,0.112291776,0.011128838,0.8765794
20993,0.84153163,0.007936747,0.15053165
20994,0.87903047,0.0029412298,0.11802835
20995,0.058094338,0.009736155,0.9321695
20996,0.88212043,0.003951751,0.113927804
20997,0.97954696,0.0017074065,0.018745651
20998,0.95942754,0.013537731,0.02703472
20999,0.93055034,0.003401217,0.06604841
21000,0.9288929,0.0031743434,0.06793272
21001,0.95179087,0.0072967703,0.040912393
21002,0.7698674,0.05545057,0.17468204
21003,0.2704359,0.056464635,0.67309946
21004,0.6737547,0.01355783,0.31268743
21005,0.97112983,0.011613955,0.017256215
21006,0.66847837,0.15038228,0.18113938
21007,0.92559916,0.010201447,0.064199395
21008,0.7081232,0.01859495,0.2732818
21009,0.9724113,0.0055967285,0.021991957
21010,0.8795705,0.02281913,0.09761041
21011,0.89468056,0.004625587,0.10069388
21012,0.953141,0.002323401,0.044535592
21013,0.6318699,0.0074659945,0.36066407
21014,0.9120143,0.05996705,0.028018652
21015,0.047292285,0.0140745435,0.9386332
21016,0.9683166,0.005679279,0.02600414
21017,0.97236943,0.006537899,0.021092594
21018,0.9124745,0.0044474397,0.08307809
21019,0.9496889,0.013683445,0.036627624
21020,0.961968,0.0031845856,0.03484749
21021,0.064785786,0.0035022763,0.931712
21022,0.90827626,0.017754437,0.07396934
21023,0.8027216,0.007490002,0.18978839
21024,0.9405522,0.003384183,0.05606361
21025,0.5201874,0.0059078103,0.47390476
21026,0.8223414,0.00859522,0.16906346
21027,0.7283138,0.013007393,0.2586788
21028,0.8360041,0.019722596,0.14427328
21029,0.6494714,0.021976355,0.32855225
21030,0.9268286,0.0058495607,0.06732185
21031,0.950229,0.0029289562,0.04684212
21032,0.90283066,0.024847433,0.07232188
21033,0.9860324,0.0035928048,0.010374777
21034,0.41010553,0.009933453,0.57996106
21035,0.9039148,0.0058859484,0.09019923
21036,0.93625426,0.0025985874,0.06114711
21037,0.9728065,0.0040423525,0.0231511
21038,0.84014505,0.014836415,0.14501858
21039,0.018923622,0.002467057,0.9786093
21040,0.98236245,0.0014729302,0.016164606
21041,0.97123396,0.00296326,0.025802786
21042,0.016522562,0.007776951,0.97570044
21043,0.9181001,0.0044183666,0.07748149
21044,0.97626585,0.0058582006,0.017876014
21045,0.4333324,0.006685579,0.559982
21046,0.9020084,0.02637412,0.07161746
21047,0.9635827,0.0077485614,0.028668717
21048,0.9261603,0.004952476,0.06888725
21049,0.004497428,0.0009383516,0.9945642
21050,0.047098327,0.009885677,0.943016
21051,0.9263448,0.0076149246,0.066040285
21052,0.023642559,0.00861517,0.9677423
21053,0.9706331,0.008513562,0.020853352
21054,0.81488866,0.004488616,0.18062273
21055,0.5082334,0.06354796,0.42821866
21056,0.70848083,0.0061989166,0.28532022
21057,0.9577239,0.0021057783,0.040170353
21058,0.72747093,0.051331945,0.22119713
21059,0.6496378,0.1401507,0.21021149
21060,0.86425656,0.007933314,0.12781015
21061,0.9676203,0.004922684,0.027457057
21062,0.025502453,0.002297804,0.97219974
21063,0.03998861,0.003587956,0.9564234
21064,0.9165739,0.010089757,0.07333638
21065,0.95401216,0.0053261262,0.04066165
21066,0.029697107,0.0063426397,0.9639603
21067,0.9903949,0.0009222066,0.008682858
21068,0.9776944,0.0060098553,0.016295722
21069,0.83467424,0.03671417,0.1286116
21070,0.86485755,0.031116452,0.10402603
21071,0.93670416,0.008039992,0.05525582
21072,0.23904867,0.005628027,0.75532323
21073,0.9687385,0.0017167417,0.029544735
21074,0.13533087,0.01671342,0.8479557
21075,0.9748889,0.0051290467,0.019982094
21076,0.9661524,0.008144101,0.02570344
21077,0.47170672,0.008667197,0.5196261
21078,0.5604818,0.023841225,0.41567698
21079,0.8734361,0.018240705,0.10832319
21080,0.95846003,0.0028504268,0.038689513
21081,0.9448628,0.0028791274,0.052258067
21082,0.90116966,0.022604695,0.07622568
21083,0.95438534,0.0039478214,0.041666817
21084,0.23538509,0.0053989585,0.75921595
21085,0.36930504,0.026628964,0.604066
21086,0.9391012,0.0045264717,0.05637227
21087,0.9344911,0.0152835,0.0502254
21088,0.97968495,0.0027230175,0.017592048
21089,0.93718165,0.003362983,0.059455343
21090,0.9703705,0.007320948,0.022308638
21091,0.21825215,0.031086495,0.7506614
21092,0.5977386,0.012589076,0.3896723
21093,0.9641718,0.0074502397,0.02837792
21094,0.9815808,0.007059011,0.011360244
21095,0.49887595,0.010329773,0.49079433
21096,0.98791796,0.0017047141,0.0103773065
21097,0.9304712,0.0034438844,0.066084914
21098,0.92072487,0.004547741,0.07472745
21099,0.2144571,0.0059169848,0.7796259
21100,0.97982776,0.0014242975,0.01874794
21101,0.88088965,0.006399819,0.112710536
21102,0.10243674,0.015872817,0.8816904
21103,0.17428456,0.08115389,0.74456155
21104,0.9567729,0.0023951312,0.040831964
21105,0.83930683,0.0062793405,0.15441385
21106,0.9574173,0.0025552353,0.040027462
21107,0.9375237,0.002785654,0.05969061
21108,0.97667456,0.0016891483,0.0216363
21109,0.01886629,0.0020451164,0.9790886
21110,0.81037617,0.15195338,0.037670504
21111,0.15446058,0.012934708,0.8326047
21112,0.29672277,0.008629471,0.6946477
21113,0.060326517,0.004070418,0.9356031
21114,0.8391279,0.037834812,0.123037286
21115,0.9654475,0.0032555012,0.03129705
21116,0.9006317,0.0052680653,0.09410025
21117,0.9826873,0.0023782258,0.014934409
21118,0.020086788,0.009231292,0.9706819
21119,0.010461274,0.0039923955,0.98554635
21120,0.8984792,0.0035974314,0.09792336
21121,0.9223005,0.004696009,0.07300352
21122,0.08846825,0.23636334,0.6751684
21123,0.97452974,0.003587047,0.021883165
21124,0.54631007,0.008600706,0.44508922
21125,0.97417927,0.006417221,0.019403499
21126,0.9741468,0.0041656885,0.021687493
21127,0.9852938,0.00094321696,0.013762999
21128,0.56339663,0.026902843,0.4097005
21129,0.9741702,0.0019365161,0.023893299
21130,0.12739909,0.31738323,0.5552177
21131,0.96924263,0.00805365,0.022703717
21132,0.32719013,0.007789643,0.6650202
21133,0.54807335,0.018321594,0.43360505
21134,0.8019099,0.008391489,0.18969862
21135,0.7969446,0.031199766,0.17185563
21136,0.730901,0.009470702,0.2596283
21137,0.03530574,0.05711999,0.90757424
21138,0.7778307,0.15873282,0.063436486
21139,0.98044926,0.0019350777,0.017615715
21140,0.9144533,0.005058994,0.080487646
21141,0.88815415,0.007633259,0.10421262
21142,0.96682847,0.0031665156,0.03000499
21143,0.047129817,0.002654442,0.9502157
21144,0.6414117,0.015071946,0.34351638
21145,0.91950315,0.0095791165,0.07091778
21146,0.87306523,0.006944908,0.11998992
21147,0.9697687,0.0064834314,0.023747873
21148,0.09508746,0.03824457,0.86666805
21149,0.09735948,0.010038762,0.8926018
21150,0.63248354,0.025211858,0.34230453
21151,0.7336535,0.007956043,0.25839046
21152,0.9740002,0.004647273,0.021352487
21153,0.9613091,0.010601946,0.028088992
21154,0.785273,0.1251019,0.08962516
21155,0.984562,0.0037846225,0.011653357
21156,0.028998591,0.011360084,0.95964134
21157,0.016739069,0.0019732537,0.98128766
21158,0.9664108,0.0027500354,0.030839136
21159,0.95304257,0.0031447795,0.04381265
21160,0.953709,0.012202033,0.03408896
21161,0.95792097,0.007997918,0.034081146
21162,0.8287642,0.02767465,0.14356111
21163,0.008270168,0.0017361586,0.98999363
21164,0.9357555,0.014980242,0.04926429
21165,0.96942824,0.0046444745,0.025927296
21166,0.16005686,0.0058059455,0.83413726
21167,0.4109289,0.4898602,0.09921094
21168,0.9821822,0.0013561683,0.01646159
21169,0.14930522,0.0038291742,0.84686565
21170,0.77861845,0.0043863393,0.21699516
21171,0.98102057,0.003380282,0.015599166
21172,0.073226765,0.76916564,0.1576076
21173,0.014274997,0.009795565,0.9759294
21174,0.4199323,0.042174265,0.5378934
21175,0.56085634,0.049048696,0.39009494
21176,0.9808714,0.006043226,0.013085363
21177,0.3386451,0.036911283,0.62444365
21178,0.04649943,0.04999539,0.90350515
21179,0.9196442,0.0068416293,0.07351416
21180,0.113716386,0.026359117,0.8599245
21181,0.37451804,0.015689833,0.6097921
21182,0.061298717,0.0039858753,0.9347154
21183,0.0118999565,0.0062622037,0.9818378
21184,0.59015286,0.0051669376,0.40468022
21185,0.53027505,0.026857447,0.44286752
21186,0.12342491,0.021818867,0.8547562
21187,0.24397545,0.041098747,0.7149258
21188,0.908336,0.003734067,0.08792994
21189,0.85245657,0.021309173,0.12623432
21190,0.8758143,0.0050445,0.119141184
21191,0.26592812,0.4035008,0.3305711
21192,0.8838787,0.009135498,0.106985815
21193,0.9713184,0.0070488234,0.021632744
21194,0.7681633,0.07012988,0.16170676
21195,0.75983894,0.16715583,0.07300525
21196,0.96666646,0.007344601,0.025988944
21197,0.86807084,0.05756106,0.07436808
21198,0.94848734,0.003611172,0.047901466
21199,0.14063032,0.0043647187,0.8550049
21200,0.9616805,0.0037447035,0.03457478
21201,0.6659574,0.01939511,0.3146475
21202,0.9614585,0.008385345,0.030156199
21203,0.03947731,0.020096714,0.94042593
21204,0.004672546,0.0008136302,0.99451387
21205,0.9104371,0.027288547,0.06227438
21206,0.8715799,0.013968742,0.11445134
21207,0.9804528,0.004428431,0.015118745
21208,0.11490684,0.011786919,0.8733063
21209,0.68380433,0.014205068,0.3019906
21210,0.5683115,0.038081504,0.393607
21211,0.020049427,0.008248536,0.971702
21212,0.44846696,0.09679523,0.45473784
21213,0.81566215,0.0046041813,0.17973365
21214,0.78977656,0.0070141056,0.2032093
21215,0.97546536,0.0018832985,0.022651326
21216,0.97120035,0.0022184667,0.026581181
21217,0.6850697,0.0033381518,0.3115921
21218,0.9418295,0.0092370445,0.04893349
21219,0.9762574,0.0017629476,0.021979652
21220,0.3840849,0.0060805227,0.60983455
21221,0.8250348,0.013960768,0.16100445
21222,0.73004216,0.0068719485,0.2630859
21223,0.8421651,0.0060541728,0.15178072
21224,0.5993491,0.027864572,0.37278634
21225,0.92872846,0.0064239847,0.06484754
21226,0.04217893,0.0076163965,0.9502046
21227,0.013766384,0.004876252,0.98135734
21228,0.9682463,0.008329457,0.023424275
21229,0.009906343,0.0017749132,0.9883187
21230,0.9260014,0.0041694706,0.069829054
21231,0.6583129,0.025716733,0.3159704
21232,0.08678226,0.14429995,0.76891774
21233,0.008598122,0.0016176793,0.9897842
21234,0.83215106,0.0042367354,0.16361222
21235,0.93668365,0.010273711,0.053042606
21236,0.0053114425,0.00094091013,0.9937476
21237,0.8005898,0.006031446,0.19337872
21238,0.96015817,0.016396929,0.023444878
21239,0.9714612,0.0023743215,0.026164476
21240,0.22844669,0.005238854,0.76631445
21241,0.8963687,0.0036424985,0.099988826
21242,0.90500987,0.0250955,0.0698946
21243,0.6381094,0.027139662,0.33475095
21244,0.03877433,0.014158639,0.94706696
21245,0.60410273,0.009613073,0.3862842
21246,0.42350632,0.011298698,0.56519496
21247,0.15249883,0.11808795,0.7294132
21248,0.9384241,0.0047842534,0.056791585
21249,0.024779288,0.015251054,0.9599696
21250,0.9521435,0.0074732453,0.04038322
21251,0.0050826557,0.0014628174,0.9934546
21252,0.9036125,0.005400952,0.09098657
21253,0.84226674,0.008054233,0.14967903
21254,0.020952508,0.0017230535,0.9773244
21255,0.15993884,0.073604144,0.76645696
21256,0.9424144,0.010709887,0.04687566
21257,0.7049469,0.0071539357,0.28789917
21258,0.7805093,0.008236599,0.21125412
21259,0.9595966,0.008398694,0.03200479
21260,0.9145517,0.008214046,0.077234335
21261,0.10993807,0.0051117297,0.8849502
21262,0.96513057,0.0067351595,0.028134292
21263,0.8913811,0.0059903557,0.102628544
21264,0.0602651,0.0052206786,0.9345142
21265,0.8584068,0.008418273,0.1331749
21266,0.34305245,0.00893173,0.64801586
21267,0.92132026,0.00480215,0.07387756
21268,0.9689894,0.0047449223,0.026265657
21269,0.91529346,0.008384206,0.076322354
21270,0.847236,0.005666108,0.14709793
21271,0.38940045,0.1254435,0.485156
21272,0.9789917,0.005752786,0.015255502
21273,0.65531015,0.2726974,0.071992464
21274,0.017307997,0.003045988,0.979646
21275,0.9477025,0.0026410932,0.049656354
21276,0.97660154,0.009263232,0.014135186
21277,0.9430518,0.0042360565,0.052712128
21278,0.9090569,0.010472294,0.0804708
21279,0.83514434,0.04097077,0.123884946
21280,0.92953146,0.016844366,0.0536242
21281,0.3251202,0.017933575,0.6569462
21282,0.8263941,0.00527529,0.16833068
21283,0.9493684,0.027275138,0.023356492
21284,0.9876161,0.0014535032,0.010930412
21285,0.9643721,0.0040039374,0.03162398
21286,0.95274055,0.016396528,0.030862935
21287,0.68988985,0.056791868,0.25331828
21288,0.9709598,0.007919344,0.021120848
21289,0.330562,0.031799123,0.6376389
21290,0.82593524,0.07077856,0.10328615
21291,0.085952,0.0080976775,0.9059503
21292,0.96026343,0.019064,0.020672511
21293,0.97330856,0.0033946238,0.023296833
21294,0.16179575,0.007000372,0.8312038
21295,0.5412631,0.07101784,0.3877191
21296,0.73631626,0.0077657504,0.25591797
21297,0.9404306,0.0029393823,0.056630068
21298,0.6168004,0.015247075,0.36795247
21299,0.82564855,0.005597003,0.16875452
21300,0.98985016,0.0012341596,0.008915641
21301,0.9636869,0.004494383,0.031818744
21302,0.9641756,0.009860863,0.025963614
21303,0.9473817,0.0076196296,0.044998758
21304,0.2920751,0.045816787,0.6621081
21305,0.6690285,0.011318085,0.31965345
21306,0.524732,0.017094696,0.45817327
21307,0.10456265,0.2030012,0.69243616
21308,0.78247476,0.009546708,0.20797852
21309,0.22430804,0.006229838,0.76946217
21310,0.17274615,0.0131730195,0.81408083
21311,0.7569337,0.038014557,0.20505175
21312,0.031172555,0.006329822,0.96249765
21313,0.9498337,0.006348701,0.043817677
21314,0.69703656,0.050320126,0.2526433
21315,0.6815425,0.11459504,0.20386247
21316,0.97974557,0.0015988554,0.018655537
21317,0.8743803,0.026311701,0.09930797
21318,0.5525207,0.037472818,0.41000652
21319,0.9419597,0.028052747,0.02998752
21320,0.7794984,0.0051450203,0.21535653
21321,0.33949623,0.005526194,0.65497756
21322,0.012979889,0.0015320828,0.985488
21323,0.032590047,0.003248882,0.96416104
21324,0.8955678,0.0074645877,0.09696756
21325,0.82898813,0.02324924,0.14776266
21326,0.9093666,0.01643217,0.07420125
21327,0.09536219,0.0050934446,0.89954436
21328,0.59429026,0.00707585,0.3986339
21329,0.9273044,0.002758994,0.06993663
21330,0.8886447,0.010388932,0.10096631
21331,0.11294086,0.007852123,0.879207
21332,0.95426494,0.005848681,0.03988644
21333,0.20626746,0.026576255,0.76715624
21334,0.22431108,0.23662114,0.5390678
21335,0.9865196,0.0015243366,0.011956072
21336,0.61736965,0.007724627,0.3749057
21337,0.97102386,0.00286341,0.026112739
21338,0.7828533,0.041559502,0.1755872
21339,0.34380978,0.040306594,0.61588365
21340,0.95500815,0.009337861,0.03565401
21341,0.9571537,0.0024036705,0.040442683
21342,0.97212946,0.0019029476,0.025967605
21343,0.22709307,0.012883544,0.76002336
21344,0.9544435,0.008836441,0.036720015
21345,0.9094915,0.007632269,0.08287625
21346,0.97208756,0.004255706,0.023656804
21347,0.72228223,0.012764014,0.26495373
21348,0.070721895,0.023420464,0.9058577
21349,0.5712248,0.053928044,0.37484708
21350,0.28975254,0.041375276,0.6688722
21351,0.95405674,0.0036017178,0.04234153
21352,0.7052477,0.048842136,0.24591017
21353,0.9625568,0.0024171572,0.03502612
21354,0.9604408,0.013482623,0.0260766
21355,0.7106899,0.0093286615,0.27998143
21356,0.9544054,0.0031457224,0.04244889
21357,0.9836879,0.001783946,0.01452811
21358,0.16916943,0.0603027,0.7705279
21359,0.9564183,0.0041129016,0.03946884
21360,0.9178101,0.026602697,0.055587225
21361,0.984338,0.0010251551,0.014636843
21362,0.936113,0.005966212,0.057920724
21363,0.87131464,0.013877912,0.11480746
21364,0.9790187,0.0027408998,0.018240422
21365,0.964721,0.004412869,0.030866096
21366,0.93534386,0.007925554,0.05673055
21367,0.34637716,0.00980206,0.64382076
21368,0.9640889,0.0131474,0.02276373
21369,0.9673779,0.015222424,0.017399678
21370,0.09068066,0.0065378034,0.90278155
21371,0.88231397,0.015322312,0.10236373
21372,0.8450928,0.09080917,0.0640981
21373,0.0036543864,0.00063519884,0.9957104
21374,0.64743817,0.021786906,0.33077496
21375,0.93555737,0.0041945586,0.0602481
21376,0.894834,0.003828024,0.101338014
21377,0.9732421,0.0023144935,0.024443466
21378,0.12775382,0.090964764,0.78128135
21379,0.15542993,0.030418083,0.814152
21380,0.83856934,0.016264215,0.1451665
21381,0.44538197,0.1916625,0.36295557
21382,0.028190237,0.0030847397,0.9687251
21383,0.9541111,0.0035188936,0.04236997
21384,0.92371196,0.0101175215,0.06617046
21385,0.007899144,0.0015497345,0.9905511
21386,0.9660652,0.0036271831,0.030307632
21387,0.6585765,0.018205881,0.32321766
21388,0.065001085,0.009795819,0.9252031
21389,0.9177637,0.008657267,0.07357905
21390,0.331923,0.004463654,0.6636133
21391,0.9561789,0.0061016944,0.03771942
21392,0.030795883,0.004470098,0.96473396
21393,0.908978,0.031798527,0.059223507
21394,0.06999479,0.0048220847,0.9251832
21395,0.9090955,0.009622331,0.08128216
21396,0.22323546,0.0057761814,0.7709884
21397,0.91359365,0.0072472603,0.07915906
21398,0.9488516,0.021530032,0.029618347
21399,0.9787032,0.0035897659,0.017706979
21400,0.7759056,0.039095517,0.18499888
21401,0.973116,0.0022747754,0.024609275
21402,0.51567435,0.4072865,0.07703917
21403,0.02250078,0.0076486687,0.96985054
21404,0.8652685,0.0040715644,0.1306599
21405,0.9753582,0.0034452304,0.021196615
21406,0.9860539,0.00120976,0.012736315
21407,0.09324321,0.0048191613,0.9019376
21408,0.9191327,0.0058320053,0.075035304
21409,0.84604293,0.02375926,0.1301978
21410,0.9789661,0.003203122,0.017830806
21411,0.0519766,0.01721963,0.9308037
21412,0.7342059,0.033654787,0.23213932
21413,0.5889088,0.018046018,0.39304516
21414,0.3105724,0.35201278,0.33741486
21415,0.033462305,0.0019945174,0.96454316
21416,0.9797131,0.0031375505,0.017149432
21417,0.85658693,0.007391388,0.13602169
21418,0.95774895,0.008485954,0.03376513
21419,0.92897713,0.025136141,0.045886647
21420,0.9425955,0.005688797,0.051715698
21421,0.7050713,0.011702393,0.2832263
21422,0.9368731,0.0056375344,0.057489432
21423,0.95122504,0.003336338,0.045438606
21424,0.917628,0.015911106,0.06646096
21425,0.01895455,0.015602104,0.9654434
21426,0.67061883,0.020947836,0.30843335
21427,0.17880951,0.00397216,0.8172183
21428,0.94166195,0.0032465854,0.055091523
21429,0.27427295,0.05292878,0.6727983
21430,0.46162233,0.013761374,0.5246163
21431,0.8404242,0.011027683,0.14854814
21432,0.9179055,0.008334176,0.07376037
21433,0.9444222,0.010427618,0.045150157
21434,0.6662183,0.012979536,0.32080218
21435,0.74686986,0.013265958,0.23986414
21436,0.96322966,0.0040968405,0.03267356
21437,0.98093706,0.009986096,0.009076832
21438,0.41179925,0.03140866,0.5567921
21439,0.013754338,0.0056109508,0.9806347
21440,0.9822312,0.005761167,0.012007642
21441,0.9699887,0.005590535,0.024420707
21442,0.7722338,0.0051062442,0.22265995
21443,0.63158834,0.015138637,0.35327303
21444,0.25168002,0.028610962,0.71970904
21445,0.9060512,0.019196842,0.074751936
21446,0.010542444,0.0018091145,0.9876485
21447,0.87433344,0.005177772,0.12048873
21448,0.9913611,0.0025106466,0.0061282436
21449,0.8117387,0.026955605,0.16130564
21450,0.9506546,0.024177413,0.025167927
21451,0.8095643,0.0058338256,0.18460186
21452,0.08543247,0.017375747,0.8971918
21453,0.90301573,0.004829882,0.09215438
21454,0.013942146,0.005643592,0.9804143
21455,0.7479445,0.013803266,0.2382523
21456,0.031403173,0.0022265846,0.9663703
21457,0.10106957,0.07170064,0.8272298
21458,0.80753636,0.0064483183,0.18601528
21459,0.9325505,0.0028188273,0.064630665
21460,0.030411333,0.016512709,0.953076
21461,0.9079946,0.0031527244,0.088852696
21462,0.9450903,0.0055641364,0.04934563
21463,0.83325845,0.0044555026,0.16228604
21464,0.7878695,0.006111627,0.20601892
21465,0.045616817,0.008511179,0.945872
21466,0.9803386,0.0035434691,0.016118003
21467,0.0798677,0.0045488738,0.9155834
21468,0.51821655,0.005144574,0.47663888
21469,0.6672246,0.032994155,0.29978126
21470,0.979357,0.002250318,0.018392721
21471,0.8792692,0.005990996,0.11473983
21472,0.8940066,0.0028552809,0.10313812
21473,0.35397184,0.005916892,0.6401113
21474,0.98222846,0.0010829832,0.016688615
21475,0.9406303,0.0138010895,0.045568556
21476,0.9837382,0.003911939,0.0123498645
21477,0.96447396,0.0069085523,0.028617416
21478,0.3068033,0.026032107,0.6671646
21479,0.98014164,0.0019530319,0.017905302
21480,0.083360806,0.006204511,0.9104347
21481,0.88517874,0.004260334,0.11056093
21482,0.56204313,0.0059935823,0.4319633
21483,0.9274258,0.011704121,0.06087013
21484,0.85197985,0.052679263,0.09534089
21485,0.78998566,0.013062818,0.1969515
21486,0.05326667,0.0075625223,0.93917084
21487,0.9726546,0.0075178985,0.019827563
21488,0.9325814,0.0048926673,0.062525935
21489,0.92387074,0.0043985313,0.07173065
21490,0.3618961,0.03247717,0.60562676
21491,0.9719183,0.003719259,0.02436253
21492,0.70715255,0.006087147,0.2867603
21493,0.9796713,0.0018202846,0.01850835
21494,0.97835827,0.0035140456,0.018127665
21495,0.7164066,0.18635891,0.097234555
21496,0.024749389,0.010938824,0.9643118
21497,0.9900843,0.0010169838,0.008898691
21498,0.8636986,0.007842054,0.1284593
21499,0.5651776,0.013715051,0.42110726
21500,0.9545417,0.0062650954,0.03919325
21501,0.94641113,0.00880012,0.044788744
21502,0.93538547,0.0034079342,0.061206635
21503,0.27750945,0.032648806,0.68984175
21504,0.29574478,0.1760817,0.5281735
21505,0.96033007,0.009114525,0.030555423
21506,0.9798126,0.0058391057,0.014348242
21507,0.93026674,0.025040727,0.044692487
21508,0.4627535,0.02938254,0.50786394
21509,0.022160364,0.0010879149,0.9767518
21510,0.94531107,0.02323954,0.03144939
21511,0.9611311,0.0056828707,0.033186074
21512,0.0905569,0.024459656,0.8849835
21513,0.9822869,0.002746878,0.014966284
21514,0.03751933,0.0037041248,0.95877653
21515,0.9206342,0.023812562,0.05555319
21516,0.96529025,0.0032070999,0.031502593
21517,0.9719782,0.0022870074,0.025734797
21518,0.003458458,0.000619096,0.99592245
21519,0.59241045,0.006689697,0.40089986
21520,0.742134,0.03401754,0.2238485
21521,0.28282055,0.032015707,0.6851638
21522,0.13737397,0.014346573,0.8482794
21523,0.7841573,0.01749331,0.19834939
21524,0.08366092,0.003341719,0.91299736
21525,0.9850627,0.0024542843,0.012483005
21526,0.021062898,0.0019551734,0.97698194
21527,0.3644704,0.4598599,0.17566976
21528,0.86561424,0.09280616,0.041579627
21529,0.93288404,0.005864327,0.061251685
21530,0.9296212,0.022760695,0.04761812
21531,0.97699124,0.0031457713,0.019863011
21532,0.9280185,0.0026118062,0.06936972
21533,0.119866215,0.010667648,0.8694662
21534,0.28840026,0.034049332,0.67755044
21535,0.5517615,0.07550601,0.37273246
21536,0.975967,0.002538573,0.021494456
21537,0.015262244,0.004164757,0.980573
21538,0.0328025,0.011382067,0.95581543
21539,0.9692394,0.0017306751,0.029029947
21540,0.8575823,0.0076572085,0.13476056
21541,0.9415946,0.0076883254,0.050717045
21542,0.016103629,0.0016092553,0.9822871
21543,0.9502107,0.003072199,0.046717152
21544,0.28614417,0.022469852,0.691386
21545,0.9648291,0.009351069,0.025819844
21546,0.95958495,0.0061726277,0.03424248
21547,0.69122356,0.059855275,0.24892117
21548,0.9509044,0.006733039,0.04236254
21549,0.006865127,0.0143676335,0.9787673
21550,0.68206507,0.045890067,0.2720448
21551,0.86263007,0.0044142064,0.13295577
21552,0.97551787,0.0018120696,0.022670018
21553,0.45528212,0.034303755,0.5104141
21554,0.0039282553,0.0017542444,0.9943175
21555,0.8456395,0.030770179,0.123590276
21556,0.9650059,0.002441735,0.032552436
21557,0.9824088,0.002164705,0.015426493
21558,0.87358963,0.005138988,0.121271335
21559,0.9185523,0.028071292,0.05337644
21560,0.9236964,0.007242905,0.06906068
21561,0.9384631,0.0076522105,0.05388472
21562,0.16213794,0.0047110775,0.833151
21563,0.94119674,0.0047288355,0.054074418
21564,0.9041503,0.006108202,0.089741535
21565,0.95861614,0.0047078994,0.036676034
21566,0.05060037,0.0031709443,0.9462287
21567,0.9661365,0.0023010187,0.0315625
21568,0.9878768,0.0030236363,0.009099628
21569,0.9790588,0.0009619546,0.019979231
21570,0.98912257,0.0018627221,0.009014759
21571,0.9850617,0.001989351,0.012948934
21572,0.9443473,0.0035740568,0.052078623
21573,0.053793136,0.0030249895,0.94318193
21574,0.6527335,0.0071340716,0.34013242
21575,0.9864848,0.0049367836,0.0085783815
21576,0.9250741,0.010409212,0.06451672
21577,0.71799314,0.05389156,0.22811534
21578,0.31718227,0.007421985,0.6753958
21579,0.58298486,0.015225351,0.4017898
21580,0.08991048,0.02080132,0.88928825
21581,0.037899554,0.014245276,0.9478551
21582,0.82851154,0.042996716,0.12849176
21583,0.74329543,0.13132586,0.12537871
21584,0.924528,0.0036849466,0.07178702
21585,0.9594779,0.0022229366,0.038299106
21586,0.89608216,0.0090144,0.09490339
21587,0.9474953,0.0055656005,0.04693913
21588,0.57058555,0.044657756,0.3847567
21589,0.042815637,0.003095462,0.95408887
21590,0.018512595,0.0038017652,0.97768563
21591,0.9565581,0.016054003,0.027387897
21592,0.8739511,0.0062368824,0.119812034
21593,0.96603274,0.0055535147,0.028413812
21594,0.7966048,0.11216006,0.09123512
21595,0.02092339,0.003926332,0.9751502
21596,0.62287056,0.18309444,0.194035
21597,0.76956844,0.009714484,0.22071701
21598,0.43917954,0.012669023,0.54815143
21599,0.96200526,0.0073811994,0.030613547
21600,0.9636165,0.0025395986,0.03384389
21601,0.95597035,0.007968463,0.03606119
21602,0.5759644,0.009580945,0.41445464
21603,0.82229966,0.025606008,0.15209429
21604,0.9522398,0.008886209,0.038874026
21605,0.90162855,0.0026159808,0.09575544
21606,0.8997825,0.008307243,0.091910325
21607,0.076530844,0.005062711,0.9184065
21608,0.9615559,0.013524749,0.02491938
21609,0.14104025,0.044949763,0.81400996
21610,0.73360884,0.047808684,0.21858247
21611,0.9708736,0.0030793666,0.026047098
21612,0.54315764,0.025589127,0.43125322
21613,0.597098,0.013874949,0.3890271
21614,0.50691843,0.02357107,0.46951047
21615,0.9289714,0.016046418,0.054982167
21616,0.019786514,0.0014504776,0.97876304
21617,0.0368747,0.011994512,0.95113075
21618,0.2783264,0.0074593117,0.7142143
21619,0.6986163,0.036194693,0.265189
21620,0.74898314,0.027146142,0.22387077
21621,0.9481426,0.0074536903,0.044403743
21622,0.89502954,0.0045096977,0.10046077
21623,0.946997,0.032046333,0.020956734
21624,0.9192987,0.013420105,0.06728124
21625,0.008731675,0.0009080549,0.99036026
21626,0.9783771,0.0024354602,0.019187467
21627,0.62744236,0.007992244,0.36456537
21628,0.28045076,0.09961788,0.61993134
21629,0.9678737,0.0023606878,0.029765647
21630,0.94807005,0.0038589432,0.048070986
21631,0.8828815,0.005615266,0.11150322
21632,0.9632782,0.0019279412,0.03479384
21633,0.9843908,0.0012773273,0.014331846
21634,0.9702342,0.0047114925,0.025054306
21635,0.3555667,0.03169245,0.6127408
21636,0.67116225,0.010947043,0.31789067
21637,0.95397156,0.008017396,0.038011037
21638,0.9911696,0.0031875211,0.0056428676
21639,0.87426686,0.0048565003,0.120876595
21640,0.97734946,0.0037860675,0.018864483
21641,0.7260212,0.0162892,0.25768968
21642,0.8336127,0.01058562,0.15580164
21643,0.8649997,0.0070844986,0.12791584
21644,0.9377352,0.008590276,0.053674534
21645,0.2267962,0.022978071,0.7502258
21646,0.8637203,0.006697714,0.129582
21647,0.9829732,0.0017395299,0.015287242
21648,0.9623168,0.005670767,0.032012466
21649,0.11027667,0.01710256,0.87262076
21650,0.94613,0.0026394352,0.051230535
21651,0.07528737,0.007967196,0.9167455
21652,0.91915697,0.01028566,0.070557415
21653,0.95133173,0.021430172,0.027238134
21654,0.37573484,0.03864002,0.5856251
21655,0.96731937,0.005026546,0.027654046
21656,0.9338538,0.0051480755,0.060998112
21657,0.32174113,0.033130255,0.6451286
21658,0.67466897,0.005729577,0.31960142
21659,0.18769719,0.005046304,0.8072565
21660,0.5979174,0.007642474,0.39444017
21661,0.7580313,0.031749915,0.21021873
21662,0.8817052,0.008335836,0.10995893
21663,0.98315436,0.0024235465,0.014422126
21664,0.85078514,0.007294511,0.1419203
21665,0.8761428,0.008453357,0.11540384
21666,0.74594253,0.0172356,0.23682183
21667,0.51409435,0.14291687,0.34298876
21668,0.9626902,0.01018769,0.027122116
21669,0.24561037,0.00868455,0.74570507
21670,0.94545937,0.011076221,0.043464385
21671,0.7319631,0.012186268,0.2558506
21672,0.4969372,0.008344228,0.4947186
21673,0.016160702,0.0044635218,0.9793758
21674,0.37923488,0.008807667,0.6119575
21675,0.53130406,0.038020156,0.4306758
21676,0.69522357,0.012848258,0.2919282
21677,0.8423516,0.01038205,0.14726636
21678,0.9141294,0.0045067277,0.08136392
21679,0.9750308,0.002002286,0.022966998
21680,0.5873802,0.010189577,0.40243027
21681,0.8892986,0.06905659,0.041644774
21682,0.947477,0.0027489527,0.049773995
21683,0.964643,0.003658164,0.03169888
21684,0.9397374,0.0034105212,0.056852065
21685,0.03151076,0.005886305,0.9626029
21686,0.9686946,0.006348984,0.02495634
21687,0.5160487,0.22249506,0.26145625
21688,0.8617376,0.028044041,0.11021834
21689,0.9132403,0.0034059326,0.08335382
21690,0.96324515,0.003539703,0.033215202
21691,0.9782904,0.0060286582,0.015680943
21692,0.9667387,0.0041777627,0.029083569
21693,0.98092836,0.006599643,0.0124720195
21694,0.17431322,0.0073486324,0.8183381
21695,0.89787555,0.0072108866,0.09491357
21696,0.78791535,0.087989725,0.124094896
21697,0.9308884,0.0032630886,0.06584852
21698,0.23391925,0.010135042,0.75594574
21699,0.2847109,0.02494646,0.6903426
21700,0.07643343,0.002512116,0.9210544
21701,0.15573852,0.038199708,0.8060618
21702,0.9807078,0.003161725,0.016130393
21703,0.20232202,0.03721164,0.7604663
21704,0.7669516,0.009651265,0.2233971
21705,0.5845552,0.14279823,0.27264658
21706,0.92830116,0.004234296,0.06746459
21707,0.76379234,0.08692281,0.14928491
21708,0.011910805,0.0019634767,0.98612577
21709,0.70060617,0.00666787,0.29272592
21710,0.97232914,0.0052052317,0.022465693
21711,0.8158647,0.006473358,0.17766194
21712,0.95051956,0.003522743,0.045957703
21713,0.9637814,0.0039127064,0.03230589
21714,0.97984135,0.001206717,0.018951904
21715,0.7415359,0.013362229,0.24510188
21716,0.4086379,0.04598344,0.5453786
21717,0.96296173,0.0039566043,0.033081673
21718,0.6782972,0.18805405,0.13364877
21719,0.9869682,0.0013527068,0.01167903
21720,0.9411409,0.0039435504,0.05491556
21721,0.93584067,0.0045927004,0.059566602
21722,0.03394234,0.009199106,0.9568586
21723,0.97619003,0.0028378502,0.020972164
21724,0.9407798,0.013523264,0.045696884
21725,0.46917632,0.04763971,0.483184
21726,0.037595857,0.0036082112,0.9587959
21727,0.9694651,0.0024334665,0.028101481
21728,0.5449032,0.0043045497,0.4507922
21729,0.9791951,0.0019551513,0.018849736
21730,0.9723545,0.010200152,0.01744538
21731,0.9169797,0.005332552,0.07768772
21732,0.020275705,0.0042636264,0.9754607
21733,0.89092785,0.012310719,0.096761405
21734,0.11375565,0.024166677,0.86207765
21735,0.9655197,0.0034444956,0.031035813
21736,0.01905766,0.003483866,0.9774584
21737,0.9433869,0.01523436,0.041378673
21738,0.6294373,0.032224637,0.33833808
21739,0.84679526,0.008600339,0.14460438
21740,0.97915727,0.003719642,0.017123096
21741,0.8389498,0.041784666,0.11926548
21742,0.9514278,0.015689773,0.032882392
21743,0.9311078,0.004284646,0.06460753
21744,0.59190357,0.11895643,0.28914005
21745,0.047059324,0.0020614904,0.9508792
21746,0.9090969,0.01038243,0.08052069
21747,0.97929263,0.0038260843,0.01688133
21748,0.9105681,0.006411102,0.083020754
21749,0.9751262,0.00414773,0.020726109
21750,0.09134683,0.046773374,0.8618798
21751,0.9720971,0.007584108,0.020318829
21752,0.9834504,0.0033956957,0.013153872
21753,0.9399008,0.0031791974,0.056920048
21754,0.47560215,0.1321323,0.3922655
21755,0.5274279,0.01003757,0.4625345
21756,0.63441586,0.033928424,0.3316557
21757,0.8981149,0.012844257,0.089040786
21758,0.9893246,0.0028837426,0.007791602
21759,0.11166437,0.0043988,0.8839368
21760,0.025976883,0.0024452242,0.9715778
21761,0.30860916,0.06763403,0.62375677
21762,0.93299174,0.009489879,0.057518404
21763,0.010531178,0.0011798071,0.988289
21764,0.6101028,0.012085591,0.37781167
21765,0.016633032,0.0021133726,0.98125356
21766,0.97967166,0.0048902994,0.015438053
21767,0.029048162,0.002833738,0.96811813
21768,0.5209191,0.017266164,0.46181476
21769,0.863746,0.007487662,0.12876628
21770,0.031340376,0.030739093,0.9379205
21771,0.984535,0.003057344,0.012407705
21772,0.9796321,0.0038546892,0.016513249
21773,0.55805147,0.012612369,0.42933616
21774,0.9587834,0.0033600468,0.03785659
21775,0.77532566,0.103862144,0.1208122
21776,0.4469597,0.0072832205,0.54575706
21777,0.7083277,0.07763579,0.21403654
21778,0.3423635,0.010225103,0.6474114
21779,0.69417214,0.011104724,0.29472312
21780,0.32239044,0.032224808,0.6453848
21781,0.57591856,0.0066172765,0.41746414
21782,0.29827666,0.029482674,0.6722407
21783,0.05515023,0.11590896,0.8289408
21784,0.015472106,0.0026550628,0.98187286
21785,0.1824662,0.011624014,0.8059098
21786,0.98874646,0.0017202889,0.009533219
21787,0.9779171,0.0031314106,0.018951522
21788,0.9790354,0.0037920703,0.017172547
21789,0.9783383,0.00392875,0.01773291
21790,0.84593487,0.037504386,0.11656073
21791,0.72376,0.1664831,0.10975691
21792,0.8147025,0.009377945,0.17591953
21793,0.6134849,0.0132452715,0.3732698
21794,0.8702766,0.014163322,0.11556007
21795,0.4563972,0.014556145,0.52904665
21796,0.7135068,0.006911374,0.27958187
21797,0.9777514,0.013165668,0.009082925
21798,0.6221763,0.029513285,0.34831047
21799,0.97081393,0.0032295608,0.02595649
21800,0.9108314,0.013145161,0.07602344
21801,0.06247174,0.14187333,0.7956549
21802,0.9716731,0.0028025885,0.02552436
21803,0.7523715,0.029523665,0.21810482
21804,0.8299335,0.07181339,0.09825303
21805,0.4849717,0.06722173,0.4478066
21806,0.9304875,0.026380662,0.043131903
21807,0.90434074,0.0042080744,0.091451205
21808,0.8783666,0.020964084,0.100669354
21809,0.9307074,0.0037118427,0.06558078
21810,0.9657429,0.016474223,0.017782899
21811,0.81809783,0.009912719,0.17198952
21812,0.9735435,0.002404883,0.024051553
21813,0.8900893,0.08210665,0.027804084
21814,0.9242199,0.016117949,0.05966216
21815,0.95081097,0.004279963,0.04490905
21816,0.6545418,0.005587218,0.33987102
21817,0.34010455,0.09675619,0.56313926
21818,0.62153345,0.08718601,0.29128054
21819,0.91145295,0.004407166,0.0841399
21820,0.55761224,0.010687231,0.43170047
21821,0.9523492,0.005888338,0.041762438
21822,0.0047955248,0.0007332571,0.9944712
21823,0.06584542,0.060820106,0.87333447
21824,0.35251325,0.28222737,0.36525935
21825,0.7658725,0.077438354,0.15668921
21826,0.9502451,0.0036297077,0.04612523
21827,0.5597007,0.03625804,0.40404126
21828,0.016184036,0.0029069209,0.9809091
21829,0.9549743,0.0034193676,0.04160629
21830,0.9339858,0.00452227,0.061491903
21831,0.32720116,0.05963757,0.61316127
21832,0.085048296,0.009726845,0.9052248
21833,0.93771607,0.033727795,0.028556133
21834,0.29443476,0.00837402,0.6971912
21835,0.91165155,0.006462851,0.08188565
21836,0.024524402,0.002158525,0.973317
21837,0.7653774,0.0059016105,0.228721
21838,0.93942726,0.004138045,0.056434736
21839,0.93396103,0.010062384,0.055976596
21840,0.8015604,0.006393376,0.1920462
21841,0.62617993,0.0074463952,0.36637366
21842,0.46646672,0.011860723,0.52167255
21843,0.9280874,0.008179928,0.06373268
21844,0.97265947,0.0056716977,0.021668825
21845,0.93842053,0.005623426,0.055955976
21846,0.7259821,0.011926839,0.26209107
21847,0.74234873,0.11832802,0.13932326
21848,0.64419836,0.006373976,0.34942764
21849,0.94504416,0.0075437296,0.047412056
21850,0.8877819,0.005070789,0.10714724
21851,0.9916664,0.00074591587,0.007587665
21852,0.9881275,0.001719312,0.01015315
21853,0.7760236,0.004710366,0.21926603
21854,0.16714892,0.009823487,0.8230277
21855,0.92114955,0.006494789,0.07235566
21856,0.97158325,0.0059260936,0.022490706
21857,0.9515103,0.027111428,0.02137824
21858,0.22629347,0.0130731985,0.7606333
21859,0.972584,0.003292516,0.024123518
21860,0.16525587,0.004353234,0.8303909
21861,0.9792103,0.0015368938,0.01925274
21862,0.9366032,0.008948849,0.054447897
21863,0.9606074,0.0028746084,0.036517937
21864,0.044703577,0.003954637,0.95134175
21865,0.84690887,0.0046038544,0.14848725
21866,0.021310173,0.004828953,0.9738609
21867,0.94944763,0.0040933094,0.046459068
21868,0.15101646,0.021309488,0.82767403
21869,0.8962145,0.008277601,0.095507905
21870,0.96724975,0.0022893336,0.030460881
21871,0.9711837,0.0032823728,0.025533907
21872,0.95864755,0.007987183,0.033365287
21873,0.8817573,0.011506673,0.10673605
21874,0.26677397,0.021109039,0.712117
21875,0.06853261,0.0066363662,0.92483103
21876,0.4765215,0.046613023,0.4768655
21877,0.96218526,0.0042646406,0.03355015
21878,0.9582706,0.003594992,0.038134385
21879,0.584997,0.0067888475,0.40821412
21880,0.023380447,0.0064570657,0.9701625
21881,0.9684948,0.005835384,0.025669815
21882,0.07104804,0.009216091,0.91973585
21883,0.041124992,0.0034797136,0.95539534
21884,0.4534228,0.09457157,0.45200557
21885,0.8764034,0.0044757416,0.1191209
21886,0.24609709,0.1638886,0.5900143
21887,0.31586832,0.010458869,0.6736728
21888,0.26450425,0.036421806,0.699074
21889,0.44843844,0.01335592,0.5382056
21890,0.9592119,0.0055122813,0.035275888
21891,0.97987694,0.0015133148,0.01860969
21892,0.80914474,0.01476452,0.17609072
21893,0.014779052,0.004086794,0.9811342
21894,0.97119373,0.0027394674,0.026066776
21895,0.9496354,0.0023088069,0.048055764
21896,0.9357115,0.014938488,0.049350023
21897,0.6249471,0.01733065,0.35772228
21898,0.5955953,0.03900662,0.36539808
21899,0.31331882,0.0072007757,0.6794804
21900,0.92148656,0.01751632,0.060997188
21901,0.9196195,0.012885565,0.06749498
21902,0.9718103,0.0068819653,0.021307759
21903,0.0066756583,0.002903789,0.9904206
21904,0.1046141,0.0070772106,0.8883087
21905,0.017350506,0.0020606632,0.98058885
21906,0.110897936,0.40283036,0.4862717
21907,0.9840434,0.0037657015,0.012190865
21908,0.037955694,0.008676855,0.9533675
21909,0.73019373,0.010756993,0.25904927
21910,0.8986877,0.007932661,0.093379594
21911,0.5763511,0.030276943,0.393372
21912,0.07480559,0.008866067,0.9163284
21913,0.9700291,0.0062525584,0.023718376
21914,0.96850365,0.0018824801,0.029613875
21915,0.9734876,0.008037353,0.018474996
21916,0.9468736,0.0051465775,0.047979783
21917,0.86107475,0.030383512,0.10854173
21918,0.86477035,0.007772148,0.1274575
21919,0.17974673,0.0033097463,0.8169435
21920,0.8760955,0.051671617,0.07223288
21921,0.9741207,0.009320937,0.016558375
21922,0.9929033,0.0013003106,0.0057964325
21923,0.94061184,0.0052078255,0.054180257
21924,0.658111,0.02302641,0.31886262
21925,0.6909275,0.011127839,0.29794464
21926,0.9032029,0.0034304573,0.09336665
21927,0.9227203,0.007731204,0.06954844
21928,0.02460432,0.0025834702,0.9728122
21929,0.43631586,0.010909657,0.5527745
21930,0.9145049,0.043693658,0.041801497
21931,0.45448378,0.04122448,0.5042918
21932,0.86175984,0.01298895,0.12525125
21933,0.96076894,0.014035965,0.025195153
21934,0.7164207,0.0060366564,0.27754262
21935,0.91429657,0.014745327,0.070958145
21936,0.34424347,0.02152772,0.63422877
21937,0.36116633,0.013181957,0.6256517
21938,0.12134989,0.004325353,0.87432474
21939,0.9345846,0.02818336,0.03723208
21940,0.9674461,0.002180278,0.030373648
21941,0.96246487,0.01783846,0.01969665
21942,0.67313033,0.007516472,0.31935316
21943,0.20852715,0.007736188,0.7837367
21944,0.8151413,0.15267366,0.032185055
21945,0.9137318,0.006393913,0.07987428
21946,0.86478114,0.008376025,0.12684281
21947,0.04403923,0.003268645,0.9526921
21948,0.44797495,0.10004649,0.45197856
21949,0.5073877,0.009050677,0.48356166
21950,0.027929226,0.0022467095,0.9698241
21951,0.15000671,0.006798985,0.8431943
21952,0.5853679,0.1255495,0.28908256
21953,0.44480336,0.031070089,0.5241266
21954,0.3994744,0.0065334826,0.59399205
21955,0.16285874,0.0145426355,0.8225986
21956,0.6667009,0.006672288,0.3266268
21957,0.7351178,0.010904087,0.2539781
21958,0.024096271,0.012351157,0.9635526
21959,0.79564863,0.0093342345,0.19501711
21960,0.16225827,0.0069768755,0.83076483
21961,0.9088622,0.013015168,0.07812265
21962,0.89927363,0.004199744,0.09652666
21963,0.47709295,0.037205096,0.485702
21964,0.5308901,0.012007474,0.45710242
21965,0.5111652,0.16173917,0.3270957
21966,0.8995982,0.003873221,0.096528605
21967,0.89749706,0.004088324,0.098414585
21968,0.5877517,0.23446819,0.17778018
21969,0.97077256,0.0027179397,0.026509501
21970,0.7679919,0.021476151,0.21053192
21971,0.92121696,0.003084431,0.07569865
21972,0.96061355,0.004809267,0.03457715
21973,0.93449223,0.006358617,0.059149098
21974,0.1836014,0.0034989761,0.81289965
21975,0.9402735,0.0031871942,0.056539252
21976,0.5391187,0.022862863,0.43801847
21977,0.014256297,0.012235404,0.9735083
21978,0.7631059,0.0048920535,0.23200208
21979,0.9244274,0.00309284,0.07247979
21980,0.9689715,0.002937774,0.028090717
21981,0.49602774,0.030414954,0.4735573
21982,0.05703199,0.0041711573,0.9387969
21983,0.9511138,0.017975984,0.030910142
21984,0.04849271,0.0022751584,0.9492321
21985,0.4387856,0.006603472,0.5546109
21986,0.041853815,0.03868194,0.91946423
21987,0.018129759,0.0021089613,0.97976124
21988,0.9670154,0.0064445864,0.026539978
21989,0.18502422,0.0053471224,0.80962867
21990,0.9210103,0.0031635554,0.07582612
21991,0.93197745,0.01039859,0.057623968
21992,0.8318818,0.008371723,0.15974647
21993,0.9300782,0.037683647,0.032238107
21994,0.4377639,0.0077772527,0.55445886
21995,0.81719863,0.005188801,0.17761259
21996,0.026151907,0.0028539984,0.97099406
21997,0.98148835,0.0021273918,0.01638425
21998,0.9132906,0.028491557,0.058217887
21999,0.8599317,0.0086632995,0.13140501
22000,0.87645656,0.018529316,0.10501412
22001,0.81273925,0.03527787,0.15198289
22002,0.044334766,0.0037985356,0.9518667
22003,0.97800124,0.004395083,0.01760372
22004,0.9669602,0.003303136,0.029736709
22005,0.9490184,0.0024468934,0.048534658
22006,0.94497293,0.003514759,0.051512245
22007,0.1185069,0.0054376433,0.8760555
22008,0.120565236,0.024072623,0.8553622
22009,0.4777772,0.05463811,0.46758467
22010,0.7803269,0.038680613,0.18099245
22011,0.93826216,0.0038896687,0.057848167
22012,0.87302786,0.0064766984,0.12049538
22013,0.93666345,0.0030241054,0.06031244
22014,0.55551195,0.04036661,0.40412143
22015,0.909429,0.0067731715,0.08379784
22016,0.55307174,0.013179797,0.43374845
22017,0.9805366,0.0045861374,0.014877271
22018,0.9702856,0.0019355585,0.027778901
22019,0.9649739,0.006930807,0.028095333
22020,0.04215761,0.0034967305,0.9543457
22021,0.96920747,0.0029959443,0.02779661
22022,0.56272465,0.012387089,0.42488825
22023,0.95106435,0.00518101,0.0437547
22024,0.03491939,0.011555879,0.9535247
22025,0.94699484,0.0021474755,0.050857678
22026,0.9398236,0.010457387,0.049719013
22027,0.28696695,0.0074118506,0.7056212
22028,0.98227155,0.0017890421,0.01593934
22029,0.12889098,0.005856942,0.86525214
22030,0.9604598,0.012211697,0.027328454
22031,0.9667686,0.0014547335,0.031776607
22032,0.9772217,0.0028633582,0.019914873
22033,0.715302,0.017149016,0.26754904
22034,0.9532301,0.02215986,0.024610024
22035,0.041287947,0.0262218,0.9324903
22036,0.1583857,0.1883677,0.65324664
22037,0.818743,0.051544335,0.12971267
22038,0.97035855,0.0022554204,0.027386054
22039,0.93032444,0.013492667,0.056182843
22040,0.8257018,0.01408335,0.16021489
22041,0.8591174,0.010390647,0.13049193
22042,0.9798723,0.0018918628,0.018235909
22043,0.95837635,0.00588805,0.035735603
22044,0.83589315,0.028603509,0.1355034
22045,0.90287024,0.014204243,0.08292554
22046,0.08121021,0.017606681,0.9011831
22047,0.91607434,0.0046025123,0.07932313
22048,0.7506203,0.010101384,0.2392783
22049,0.8808719,0.035311893,0.0838162
22050,0.9516292,0.015533158,0.03283761
22051,0.02189749,0.0024882774,0.9756142
22052,0.8859645,0.042756405,0.07127912
22053,0.94535035,0.0032360884,0.05141358
22054,0.8497118,0.014071528,0.13621666
22055,0.76328504,0.041962884,0.1947521
22056,0.61729836,0.017522324,0.36517936
22057,0.94982314,0.007232281,0.042944636
22058,0.4696474,0.010154427,0.52019817
22059,0.60178727,0.023102239,0.37511054
22060,0.8618573,0.03740126,0.10074146
22061,0.01685734,0.0027489592,0.98039365
22062,0.88538665,0.006618237,0.10799512
22063,0.8359115,0.055077862,0.1090106
22064,0.049144633,0.003967874,0.9468875
22065,0.94272465,0.0028359185,0.054439485
22066,0.9908564,0.0019078784,0.0072357496
22067,0.9476978,0.005056485,0.04724564
22068,0.98559916,0.0025184278,0.011882417
22069,0.9889213,0.0031936667,0.007885015
22070,0.9051921,0.01186512,0.082942754
22071,0.92700815,0.0036865205,0.069305375
22072,0.93688387,0.008208603,0.05490748
22073,0.7076023,0.03957866,0.25281903
22074,0.96715164,0.002111573,0.030736847
22075,0.6389861,0.06942732,0.29158652
22076,0.9498257,0.0043598344,0.045814432
22077,0.7779992,0.015960006,0.20604075
22078,0.9325555,0.0037477422,0.06369674
22079,0.9282886,0.004356082,0.06735536
22080,0.062027752,0.0073222616,0.93065
22081,0.09164671,0.0033343986,0.90501887
22082,0.8612922,0.016711188,0.12199655
22083,0.52959764,0.00856208,0.46184033
22084,0.7929806,0.023777328,0.18324204
22085,0.18627538,0.013894589,0.7998301
22086,0.80376196,0.085791774,0.11044631
22087,0.9579221,0.0019360645,0.04014187
22088,0.6291394,0.006490436,0.36437014
22089,0.9175919,0.006492419,0.07591566
22090,0.006800223,0.0011917538,0.992008
22091,0.40501365,0.113886505,0.48109984
22092,0.27900806,0.049429756,0.6715622
22093,0.7916794,0.0062142857,0.20210634
22094,0.935374,0.010244378,0.054381665
22095,0.89314747,0.0034976187,0.103354916
22096,0.9576825,0.0034273968,0.03889016
22097,0.98375285,0.0019020496,0.014345085
22098,0.68413746,0.057479523,0.25838307
22099,0.8120992,0.0054198317,0.18248096
22100,0.44227463,0.39439893,0.16332644
22101,0.945643,0.00721348,0.04714357
22102,0.9630991,0.011973966,0.024926886
22103,0.47639215,0.033271823,0.49033597
22104,0.08383009,0.025572913,0.890597
22105,0.035228934,0.0035066765,0.9612644
22106,0.9754098,0.008766966,0.015823284
22107,0.5595025,0.049713135,0.39078444
22108,0.6811817,0.13643304,0.18238524
22109,0.9696353,0.0035464535,0.02681821
22110,0.6024179,0.00962639,0.38795567
22111,0.97161,0.0019947942,0.026395164
22112,0.007711445,0.0019105815,0.9903779
22113,0.9691955,0.013713302,0.017091244
22114,0.83059627,0.0033114306,0.1660923
22115,0.9367347,0.004466282,0.058799
22116,0.81777984,0.009020116,0.1732001
22117,0.9788537,0.0034999265,0.01764639
22118,0.9289249,0.012712242,0.058362905
22119,0.51961446,0.017017357,0.4633682
22120,0.9657038,0.0024402705,0.03185597
22121,0.98377913,0.008881193,0.007339614
22122,0.8449846,0.03926121,0.115754195
22123,0.018587729,0.023486823,0.9579255
22124,0.028129928,0.0035914755,0.9682786
22125,0.12407578,0.010915783,0.8650085
22126,0.9781691,0.006858789,0.014972095
22127,0.7217662,0.019232811,0.25900108
22128,0.13344505,0.043564357,0.8229906
22129,0.056712277,0.0069961403,0.9362916
22130,0.49798274,0.0253683,0.47664893
22131,0.06716121,0.0881706,0.84466815
22132,0.19726478,0.030586943,0.77214825
22133,0.5666275,0.019864336,0.41350812
22134,0.939779,0.005777967,0.054443087
22135,0.022215027,0.005519281,0.97226566
22136,0.10162391,0.005570095,0.892806
22137,0.8395905,0.005267782,0.15514168
22138,0.7852791,0.005295185,0.20942576
22139,0.8962907,0.0040646163,0.09964469
22140,0.978031,0.0043116156,0.017657371
22141,0.85195357,0.0042682155,0.14377823
22142,0.89756286,0.0061310437,0.096306145
22143,0.9190198,0.003158001,0.07782221
22144,0.038350314,0.014594052,0.94705564
22145,0.5474221,0.017403733,0.43517417
22146,0.48312536,0.036442764,0.4804319
22147,0.9271111,0.038925882,0.033963013
22148,0.051633403,0.0039088023,0.94445777
22149,0.25928667,0.4092085,0.33150482
22150,0.028437428,0.009852726,0.9617098
22151,0.91634893,0.0062568695,0.077394255
22152,0.42176497,0.005405839,0.5728291
22153,0.6326853,0.020478232,0.34683648
22154,0.9399407,0.019196214,0.040863108
22155,0.77119154,0.032411683,0.19639683
22156,0.9708063,0.010470034,0.018723706
22157,0.958196,0.011168917,0.03063513
22158,0.09738227,0.013067377,0.8895503
22159,0.95299923,0.002513649,0.04448708
22160,0.91162854,0.006554033,0.08181739
22161,0.024451148,0.0040732566,0.97147554
22162,0.7903501,0.05393574,0.15571423
22163,0.34359753,0.34649897,0.30990353
22164,0.7293041,0.02029992,0.250396
22165,0.76831865,0.044556227,0.18712516
22166,0.8884515,0.0022178753,0.109330654
22167,0.97995925,0.0016852891,0.018355455
22168,0.7857276,0.0065264213,0.20774597
22169,0.84256804,0.021949515,0.13548243
22170,0.95074785,0.010606616,0.03864556
22171,0.3299864,0.014571597,0.655442
22172,0.966957,0.0032225058,0.029820563
22173,0.10690259,0.010655654,0.88244176
22174,0.95886636,0.0035151257,0.037618447
22175,0.9680111,0.008242478,0.023746409
22176,0.9830565,0.004736893,0.012206609
22177,0.750852,0.012904783,0.2362432
22178,0.94626606,0.001980953,0.05175301
22179,0.96556526,0.0014454734,0.03298923
22180,0.98211783,0.002902567,0.014979643
22181,0.6459567,0.01411409,0.3399292
22182,0.10741516,0.03868042,0.8539045
22183,0.29342517,0.004467327,0.70210755
22184,0.97649,0.002375026,0.021134902
22185,0.17814885,0.015253008,0.8065982
22186,0.8446709,0.0037368115,0.15159228
22187,0.96468496,0.0049331323,0.030381948
22188,0.022157034,0.0023892666,0.9754537
22189,0.960773,0.0024033508,0.036823634
22190,0.6546533,0.006866638,0.33848003
22191,0.95637715,0.014904865,0.028717909
22192,0.008840311,0.0013074058,0.98985225
22193,0.96493715,0.0032522448,0.031810626
22194,0.9750693,0.001780448,0.02315028
22195,0.9437852,0.014035875,0.042178985
22196,0.23400642,0.084541924,0.6814517
22197,0.9172466,0.0546101,0.028143343
22198,0.1919265,0.024339795,0.7837337
22199,0.028720284,0.0045633926,0.9667163
22200,0.9548807,0.007896219,0.037223026
22201,0.4987739,0.031140698,0.47008535
22202,0.23062426,0.0072212545,0.76215446
22203,0.9704807,0.0029126387,0.026606617
22204,0.9546213,0.0058005718,0.039578144
22205,0.74682343,0.02093187,0.23224476
22206,0.30471963,0.045192864,0.6500875
22207,0.94890183,0.016368851,0.034729283
22208,0.026447637,0.0026060862,0.9709463
22209,0.9728742,0.0031040085,0.024021812
22210,0.45007262,0.053365357,0.4965621
22211,0.052490365,0.0016509169,0.9458587
22212,0.4481435,0.037569884,0.5142866
22213,0.90961444,0.0049202535,0.08546532
22214,0.009402433,0.0012790425,0.98931855
22215,0.9222945,0.005425205,0.072280325
22216,0.81506324,0.018785724,0.16615103
22217,0.6217021,0.0077413144,0.3705566
22218,0.951458,0.019587837,0.028954173
22219,0.627131,0.053173214,0.3196958
22220,0.8771749,0.051557627,0.07126745
22221,0.85533035,0.0069286213,0.137741
22222,0.042698085,0.040875647,0.9164263
22223,0.81009835,0.005659315,0.18424237
22224,0.40446657,0.014163083,0.5813703
22225,0.89879256,0.031498205,0.06970921
22226,0.04673598,0.0075568915,0.9457072
22227,0.8680288,0.0049133417,0.12705785
22228,0.055759583,0.0074471943,0.93679327
22229,0.56452864,0.020798087,0.4146733
22230,0.9512958,0.003848086,0.044856112
22231,0.6755731,0.008617282,0.3158096
22232,0.9716851,0.0016434366,0.02667144
22233,0.9523343,0.006897696,0.040768042
22234,0.920406,0.00965899,0.06993504
22235,0.9768092,0.0054991175,0.017691668
22236,0.98251826,0.0014685391,0.01601327
22237,0.07228503,0.0046778778,0.92303705
22238,0.90030605,0.0037639372,0.09592999
22239,0.71858203,0.0107834805,0.27063453
22240,0.528026,0.011339677,0.46063438
22241,0.95742875,0.005517948,0.037053246
22242,0.31443948,0.08071626,0.6048443
22243,0.6522852,0.0175785,0.3301363
22244,0.19235657,0.05580551,0.7518379
22245,0.9398,0.00431441,0.05588555
22246,0.9830562,0.0012495414,0.015694292
22247,0.07653042,0.0066024563,0.91686714
22248,0.83209157,0.010490777,0.15741767
22249,0.8423085,0.09986214,0.0578293
22250,0.01745306,0.00201745,0.9805295
22251,0.04112541,0.09146723,0.8674073
22252,0.07933923,0.06308198,0.8575788
22253,0.7797113,0.010875181,0.20941354
22254,0.9354128,0.0025492334,0.06203798
22255,0.9467552,0.005248402,0.047996446
22256,0.7878501,0.015754271,0.19639564
22257,0.83106464,0.010536605,0.15839873
22258,0.9932348,0.00096891064,0.0057962504
22259,0.9848793,0.0020739888,0.013046689
22260,0.678948,0.039864007,0.28118798
22261,0.8898584,0.021538142,0.08860346
22262,0.81631523,0.0050967103,0.17858802
22263,0.97962487,0.0047464035,0.01562873
22264,0.1785703,0.02568351,0.79574615
22265,0.981614,0.0026103877,0.015775632
22266,0.9397759,0.002415165,0.057808932
22267,0.7355772,0.088789344,0.1756334
22268,0.06464491,0.005324332,0.93003076
22269,0.97960424,0.002751638,0.01764408
22270,0.5105385,0.033709105,0.45575243
22271,0.053559206,0.0047489214,0.9416919
22272,0.9692132,0.004963055,0.02582378
22273,0.9280975,0.015826497,0.056076035
22274,0.018348515,0.0034724877,0.97817904
22275,0.122010484,0.012362401,0.8656271
22276,0.7565775,0.021607248,0.22181529
22277,0.15594935,0.004067942,0.8399827
22278,0.06027988,0.013233829,0.9264863
22279,0.7478105,0.010083596,0.24210595
22280,0.028035114,0.0022791224,0.96968573
22281,0.94749486,0.005875145,0.046629947
22282,0.39711,0.008636035,0.594254
22283,0.97081,0.0056170793,0.023572916
22284,0.7135858,0.2248845,0.061529692
22285,0.9237209,0.03312647,0.043152645
22286,0.94213,0.0025251964,0.055344783
22287,0.94235927,0.0051851165,0.052455645
22288,0.97847784,0.001101698,0.020420473
22289,0.9138168,0.0083066,0.07787658
22290,0.9185353,0.0046729953,0.07679174
22291,0.09027072,0.7675379,0.14219138
22292,0.393614,0.0075842994,0.5988017
22293,0.9691974,0.007013986,0.023788596
22294,0.91607875,0.0069429358,0.076978356
22295,0.6257147,0.03382128,0.34046397
22296,0.297275,0.114375755,0.5883493
22297,0.7459847,0.008370674,0.24564464
22298,0.9689928,0.0034389375,0.02756821
22299,0.7047993,0.0076553407,0.28754535
22300,0.08615626,0.0030826062,0.9107611
22301,0.8405224,0.056043856,0.10343375
22302,0.9373828,0.0027484174,0.059868727
22303,0.8923573,0.0059156744,0.10172707
22304,0.96997035,0.004921673,0.025108
22305,0.5709831,0.0062383343,0.42277855
22306,0.02948877,0.0038458626,0.9666654
22307,0.24166298,0.0031476265,0.7551894
22308,0.014767844,0.005554648,0.9796775
22309,0.50363445,0.0053018853,0.49106368
22310,0.5082258,0.14914803,0.34262615
22311,0.97637856,0.006784125,0.0168373
22312,0.9521943,0.0029747346,0.04483093
22313,0.7758329,0.09859734,0.12556976
22314,0.92733955,0.0056611816,0.066999234
22315,0.90914845,0.004551522,0.08630004
22316,0.93317574,0.003238794,0.06358549
22317,0.8820862,0.04930946,0.06860435
22318,0.18611151,0.010251994,0.80363655
22319,0.94068325,0.0052617416,0.054054942
22320,0.010919916,0.0039246725,0.9851554
22321,0.9758472,0.0054420256,0.018710801
22322,0.93470407,0.005243514,0.060052395
22323,0.13452417,0.00511403,0.8603619
22324,0.91938406,0.022604974,0.058010984
22325,0.93452835,0.0039982246,0.061473366
22326,0.9769796,0.002570439,0.020449936
22327,0.95373243,0.00778129,0.038486235
22328,0.95674825,0.004086521,0.039165203
22329,0.9751281,0.0024530876,0.022418793
22330,0.8427194,0.007838559,0.1494421
22331,0.81308603,0.011332763,0.17558116
22332,0.95540994,0.014677117,0.02991302
22333,0.31855989,0.009498817,0.6719413
22334,0.6238924,0.004522264,0.3715853
22335,0.95789236,0.014958755,0.027148927
22336,0.119622156,0.0036150087,0.8767628
22337,0.90529054,0.006291529,0.08841791
22338,0.42104837,0.0070230006,0.5719287
22339,0.86169326,0.0073509067,0.13095582
22340,0.032887634,0.0039160727,0.96319634
22341,0.04506317,0.003247935,0.9516888
22342,0.5335076,0.008437569,0.45805484
22343,0.936714,0.002784821,0.06050118
22344,0.8319293,0.011441199,0.15662946
22345,0.97543347,0.004346679,0.02021983
22346,0.92826897,0.009398301,0.062332768
22347,0.9315104,0.0074503487,0.06103922
22348,0.2659248,0.0077878395,0.72628736
22349,0.87360036,0.0060060197,0.12039356
22350,0.9069031,0.012688652,0.08040825
22351,0.8714766,0.04451268,0.0840107
22352,0.94624835,0.008482697,0.045268998
22353,0.833687,0.015071465,0.15124156
22354,0.9849348,0.0015925812,0.0134726465
22355,0.82919294,0.07094306,0.09986408
22356,0.76690024,0.0071638627,0.22593588
22357,0.054871585,0.0056750914,0.9394533
22358,0.96678734,0.0073448783,0.025867784
22359,0.9699052,0.004335707,0.025759174
22360,0.96339947,0.016005203,0.020595381
22361,0.889237,0.00957792,0.10118509
22362,0.93363523,0.0029223077,0.06344243
22363,0.8195352,0.04473102,0.1357338
22364,0.07218189,0.0065236078,0.92129457
22365,0.01854923,0.0039315694,0.97751915
22366,0.85329187,0.0037938587,0.14291434
22367,0.14047797,0.009243506,0.8502785
22368,0.96029234,0.019672731,0.020034868
22369,0.022698075,0.0092637,0.96803826
22370,0.942268,0.01003928,0.047692675
22371,0.80222917,0.034266457,0.16350435
22372,0.91078496,0.00888619,0.08032888
22373,0.89311904,0.007109091,0.0997719
22374,0.9574724,0.0051816,0.03734604
22375,0.5772706,0.0111792525,0.4115501
22376,0.40561754,0.0145678045,0.5798147
22377,0.9249403,0.039459918,0.035599787
22378,0.8840894,0.009054253,0.10685632
22379,0.973961,0.0025770431,0.02346194
22380,0.43152902,0.008789216,0.5596818
22381,0.97451913,0.0028748354,0.022605993
22382,0.9657254,0.015001117,0.019273434
22383,0.92113656,0.0046799984,0.0741835
22384,0.90792805,0.005718743,0.0863532
22385,0.5755806,0.00549675,0.41892263
22386,0.7838838,0.08895567,0.12716055
22387,0.72053397,0.026899068,0.25256696
22388,0.92839986,0.002964329,0.06863581
22389,0.9713767,0.0036282602,0.024995048
22390,0.95059574,0.005525566,0.043878704
22391,0.52167356,0.007733241,0.4705932
22392,0.9424962,0.0037211925,0.053782623
22393,0.024833307,0.013730528,0.9614361
22394,0.9572578,0.0024869936,0.04025521
22395,0.9830844,0.0052148513,0.011700788
22396,0.5846985,0.10212303,0.3131785
22397,0.9202839,0.0038658956,0.07585022
22398,0.97312915,0.00637292,0.020497927
22399,0.87036544,0.016516022,0.11311858
22400,0.5686914,0.009504045,0.42180455
22401,0.8303475,0.005546041,0.16410649
22402,0.85345656,0.0019474196,0.1445961
22403,0.04250195,0.0028161062,0.95468193
22404,0.98179674,0.0021511114,0.016052112
22405,0.6316,0.0065526385,0.36184734
22406,0.9721543,0.0043858998,0.023459816
22407,0.087497085,0.006785785,0.90571713
22408,0.7007642,0.012848316,0.28638756
22409,0.9769957,0.0017729639,0.02123136
22410,0.9179318,0.0064039016,0.07566432
22411,0.9389117,0.0024249917,0.05866332
22412,0.18300088,0.035959937,0.78103924
22413,0.94420105,0.0051067783,0.05069217
22414,0.033295434,0.00390792,0.9627966
22415,0.85512304,0.06658549,0.07829145
22416,0.8428887,0.0046981066,0.15241317
22417,0.9615451,0.004346859,0.03410808
22418,0.004685901,0.00089959893,0.99441445
22419,0.6162551,0.0065393504,0.37720552
22420,0.6412291,0.005431005,0.35333988
22421,0.4822985,0.013109871,0.50459164
22422,0.92313725,0.026665732,0.050196994
22423,0.84027624,0.00578542,0.15393832
22424,0.92468,0.010824789,0.064495265
22425,0.8463061,0.012358503,0.14133541
22426,0.9639968,0.004639767,0.03136334
22427,0.9293591,0.02623356,0.044407293
22428,0.8920456,0.0051296703,0.1028247
22429,0.97570354,0.0034800163,0.020816525
22430,0.018035457,0.0085257385,0.9734388
22431,0.7389013,0.017805075,0.24329358
22432,0.912069,0.004953851,0.08297718
22433,0.71922296,0.012720943,0.26805606
22434,0.45978907,0.014833171,0.5253778
22435,0.90944177,0.0252925,0.0652657
22436,0.98382115,0.0012692778,0.014909586
22437,0.8417355,0.018426407,0.13983807
22438,0.92695653,0.006531838,0.066511616
22439,0.8689036,0.005089021,0.12600745
22440,0.010467206,0.0021104226,0.98742235
22441,0.925791,0.005331429,0.068877526
22442,0.9637037,0.01755608,0.018740248
22443,0.48118222,0.024819212,0.49399853
22444,0.6201255,0.011183862,0.36869064
22445,0.13558072,0.00831567,0.8561036
22446,0.8999929,0.0047133593,0.09529371
22447,0.17053315,0.0091679925,0.82029885
22448,0.9910711,0.0030295104,0.0058994475
22449,0.9189814,0.0034012883,0.077617325
22450,0.97064924,0.005199151,0.024151642
22451,0.24804993,0.009944821,0.7420053
22452,0.6623982,0.014785769,0.32281598
22453,0.8748838,0.022289662,0.1028266
22454,0.97053134,0.0036107167,0.025857951
22455,0.15392768,0.00818137,0.8378909
22456,0.035206247,0.033398464,0.9313953
22457,0.98514646,0.0022570416,0.012596429
22458,0.18980695,0.00959027,0.8006028
22459,0.9705734,0.009878331,0.019548226
22460,0.5438231,0.012682383,0.44349453
22461,0.5920185,0.007881815,0.40009966
22462,0.941563,0.02538859,0.033048384
22463,0.69284016,0.021638075,0.2855218
22464,0.99074286,0.0017523192,0.007504869
22465,0.5425046,0.04287486,0.4146205
22466,0.49215397,0.009401669,0.4984444
22467,0.35302854,0.06596604,0.58100545
22468,0.90797997,0.038530327,0.053489737
22469,0.8860857,0.0030677647,0.11084651
22470,0.2685687,0.007891568,0.72353977
22471,0.090087235,0.040529203,0.8693836
22472,0.022133928,0.0019355947,0.97593045
22473,0.017747026,0.01066879,0.97158414
22474,0.94109255,0.017696893,0.04121056
22475,0.9204856,0.004354481,0.07515988
22476,0.9801845,0.0044947043,0.015320757
22477,0.97016555,0.0053241146,0.024510339
22478,0.9330105,0.0041605,0.06282896
22479,0.5467471,0.08214023,0.37111267
22480,0.6028013,0.008046493,0.3891522
22481,0.1221939,0.012415671,0.86539036
22482,0.98060143,0.002177477,0.017221065
22483,0.16967948,0.00805299,0.82226753
22484,0.7492099,0.007280695,0.24350944
22485,0.9386568,0.001864822,0.059478316
22486,0.9359808,0.020930303,0.043088857
22487,0.008954419,0.0015335386,0.989512
22488,0.8929209,0.023190409,0.08388867
22489,0.96393937,0.010224703,0.025835916
22490,0.8248128,0.010951082,0.16423604
22491,0.8793277,0.0036101544,0.11706214
22492,0.6136819,0.05416819,0.3321499
22493,0.07157633,0.0032181046,0.9252056
22494,0.6321125,0.006104813,0.3617827
22495,0.43612885,0.14001292,0.42385826
22496,0.94300693,0.0031883733,0.053804703
22497,0.9705366,0.006050748,0.023412611
22498,0.8623341,0.007599946,0.13006602
22499,0.957528,0.0021749935,0.04029698
22500,0.90695107,0.061524265,0.031524647
22501,0.9623062,0.002174306,0.035519525
22502,0.9398624,0.017410891,0.0427268
22503,0.9397885,0.0036934693,0.05651803
22504,0.8336866,0.006020301,0.1602931
22505,0.14064988,0.018395437,0.8409547
22506,0.12513569,0.015252702,0.8596116
22507,0.86196536,0.009503799,0.12853085
22508,0.8033987,0.025796795,0.17080447
22509,0.019447068,0.0016795298,0.9788734
22510,0.77510005,0.0067665735,0.21813336
22511,0.9693248,0.0075315484,0.023143591
22512,0.9649115,0.00771938,0.027369138
22513,0.9494079,0.0055053174,0.04508687
22514,0.98218936,0.006163791,0.011646852
22515,0.031557344,0.039726917,0.9287157
22516,0.7135497,0.011620501,0.27482983
22517,0.96589893,0.016137088,0.017964046
22518,0.890788,0.0047125737,0.10449939
22519,0.84066224,0.010488179,0.14884955
22520,0.9564644,0.0056084166,0.037927117
22521,0.9848392,0.0021806518,0.012980143
22522,0.9051877,0.04544328,0.049369007
22523,0.7596286,0.10457811,0.13579334
22524,0.07144885,0.004633785,0.92391735
22525,0.92529726,0.006927288,0.06777547
22526,0.8283008,0.012533111,0.15916613
22527,0.86238617,0.020436423,0.11717735
22528,0.93255705,0.008290048,0.059152916
22529,0.9726625,0.008293674,0.01904388
22530,0.96005994,0.0030541671,0.036885902
22531,0.77556545,0.025801405,0.19863315
22532,0.3988222,0.03495221,0.56622565
22533,0.33292967,0.0195926,0.64747775
22534,0.8307139,0.022048503,0.14723758
22535,0.008050136,0.0030240857,0.98892576
22536,0.9010089,0.005528559,0.0934626
22537,0.9344809,0.005901537,0.059617613
22538,0.892864,0.00461015,0.10252585
22539,0.61221033,0.013180658,0.37460893
22540,0.73098934,0.037231848,0.23177879
22541,0.049951028,0.013006725,0.93704224
22542,0.045473736,0.007318812,0.9472074
22543,0.9304579,0.009930061,0.059612043
22544,0.94418013,0.005883301,0.049936585
22545,0.9206345,0.0059630917,0.07340246
22546,0.030916432,0.0021356298,0.966948
22547,0.96161777,0.0045879907,0.033794288
22548,0.9479358,0.0026855515,0.049378626
22549,0.05035028,0.017371189,0.9322786
22550,0.9139575,0.012914692,0.073127784
22551,0.046190377,0.0066697593,0.9471398
22552,0.8715113,0.0045099133,0.12397878
22553,0.95493656,0.003621084,0.041442357
22554,0.98199683,0.0043752445,0.013627956
22555,0.93138534,0.004971298,0.06364339
22556,0.104081854,0.0040111095,0.89190704
22557,0.42705008,0.19483298,0.37811697
22558,0.96860754,0.0027488903,0.028643541
22559,0.5699078,0.09150877,0.33858344
22560,0.017508797,0.006185955,0.97630525
22561,0.26570126,0.46569097,0.26860774
22562,0.8955747,0.004565353,0.09986001
22563,0.7307731,0.0054604067,0.2637665
22564,0.9676693,0.0035150975,0.02881562
22565,0.7938877,0.012403088,0.1937092
22566,0.81321406,0.005207198,0.18157871
22567,0.9249347,0.010171749,0.06489363
22568,0.6264358,0.009941914,0.36362228
22569,0.01833983,0.0023203783,0.9793397
22570,0.41137314,0.012880112,0.5757468
22571,0.9712452,0.0025512255,0.026203558
22572,0.5872869,0.021679472,0.39103365
22573,0.15128462,0.007215796,0.84149957
22574,0.76253945,0.003951911,0.23350862
22575,0.96514076,0.003543241,0.031316012
22576,0.96179646,0.005005863,0.03319771
22577,0.64211977,0.047811758,0.3100685
22578,0.98349047,0.0017195722,0.014789997
22579,0.9794754,0.0012570062,0.01926759
22580,0.96302694,0.006442385,0.03053071
22581,0.9643905,0.0041532144,0.031456303
22582,0.95643467,0.0032749965,0.040290352
22583,0.96034634,0.006948871,0.03270483
22584,0.54856217,0.30814987,0.14328799
22585,0.8166597,0.0040204045,0.1793199
22586,0.008019964,0.0014623497,0.9905177
22587,0.8758479,0.041918866,0.0822333
22588,0.83083993,0.011979571,0.1571805
22589,0.8248014,0.0056068012,0.16959181
22590,0.52052504,0.012741652,0.4667333
22591,0.7977654,0.005085254,0.19714935
22592,0.94368464,0.0026494458,0.05366589
22593,0.9740776,0.0018717757,0.024050636
22594,0.03460974,0.001812732,0.9635775
22595,0.64400125,0.008033158,0.34796563
22596,0.96486527,0.0055155256,0.029619224
22597,0.94833297,0.003712441,0.047954604
22598,0.025960505,0.013164879,0.96087456
22599,0.9706886,0.0049289167,0.024382548
22600,0.80401474,0.014463626,0.18152165
22601,0.4449314,0.0071032164,0.5479654
22602,0.9654952,0.0020844385,0.032420345
22603,0.020898923,0.0016992957,0.97740173
22604,0.7906389,0.03151583,0.17784525
22605,0.66965973,0.025740469,0.3045998
22606,0.96514267,0.006449016,0.028408263
22607,0.90036297,0.0028477346,0.09678932
22608,0.6701508,0.04817405,0.28167516
22609,0.16646522,0.00627162,0.8272632
22610,0.46985942,0.01635421,0.5137864
22611,0.9834381,0.0027794435,0.01378241
22612,0.86828077,0.02500714,0.10671208
22613,0.92695796,0.0028037482,0.07023825
22614,0.97385436,0.008685396,0.017460288
22615,0.56591195,0.32795683,0.10613126
22616,0.97037137,0.0017766742,0.027851986
22617,0.9609449,0.0077696587,0.03128539
22618,0.8428936,0.0086493,0.14845704
22619,0.8888056,0.0048491815,0.10634519
22620,0.97226894,0.0040731262,0.023657942
22621,0.96264344,0.006258848,0.031097632
22622,0.930056,0.0063879453,0.06355615
22623,0.033365704,0.032813367,0.93382096
22624,0.9226108,0.007220112,0.07016915
22625,0.9738253,0.003003662,0.023171013
22626,0.9385384,0.033985447,0.027476175
22627,0.39851102,0.008539329,0.5929496
22628,0.8963472,0.0049319905,0.0987208
22629,0.98313415,0.0020331738,0.014832641
22630,0.86462045,0.008393929,0.12698564
22631,0.96676964,0.004580208,0.028650159
22632,0.0799341,0.004338356,0.9157275
22633,0.85971427,0.04143965,0.09884606
22634,0.98019,0.0038395592,0.01597048
22635,0.90340626,0.0037912652,0.092802405
22636,0.91792345,0.008177688,0.07389888
22637,0.9246582,0.0065712775,0.06877058
22638,0.08213853,0.005523926,0.91233754
22639,0.8754161,0.008197345,0.116386615
22640,0.97377366,0.008023958,0.01820243
22641,0.91722524,0.011935454,0.07083935
22642,0.9631083,0.008391292,0.028500415
22643,0.9226982,0.007386571,0.06991527
22644,0.97630936,0.006872608,0.016818022
22645,0.9362781,0.0064446116,0.05727728
22646,0.8626542,0.010054689,0.12729117
22647,0.9782154,0.0023921898,0.019392382
22648,0.014694683,0.0020355303,0.9832698
22649,0.9242748,0.007315514,0.068409674
22650,0.9095134,0.03760727,0.05287928
22651,0.92386293,0.0036187877,0.07251829
22652,0.89235955,0.0067602955,0.100880146
22653,0.9388531,0.011273082,0.049873833
22654,0.9083757,0.016317528,0.075306736
22655,0.9799535,0.006176052,0.0138704525
22656,0.978412,0.0042197714,0.017368289
22657,0.054674238,0.004621202,0.9407046
22658,0.8459046,0.00581766,0.14827777
22659,0.96101063,0.004231664,0.0347577
22660,0.9846474,0.0025948174,0.012757841
22661,0.29195872,0.024069149,0.6839722
22662,0.9633442,0.0043653795,0.03229042
22663,0.46061736,0.36543965,0.17394295
22664,0.94091237,0.004716387,0.054371215
22665,0.94775134,0.021315103,0.03093348
22666,0.9827344,0.0052889,0.011976666
22667,0.6141092,0.009541122,0.37634963
22668,0.9491855,0.004596891,0.046217624
22669,0.70485294,0.0048949774,0.2902521
22670,0.9758483,0.0069089537,0.017242758
22671,0.89320916,0.00541177,0.10137903
22672,0.9650307,0.008076813,0.026892379
22673,0.9574354,0.0027552242,0.039809313
22674,0.8608536,0.042248603,0.09689772
22675,0.013932438,0.0027232056,0.9833444
22676,0.14328471,0.010225525,0.8464898
22677,0.9812207,0.0019689377,0.016810352
22678,0.1393546,0.0400511,0.8205943
22679,0.12221791,0.024968829,0.85281324
22680,0.268843,0.0033690399,0.7277879
22681,0.12039669,0.003974028,0.87562925
22682,0.91199225,0.0041192872,0.08388846
22683,0.90088433,0.029993087,0.069122516
22684,0.53133285,0.033713914,0.43495324
22685,0.9919878,0.0010418686,0.0069703795
22686,0.9787052,0.0016469315,0.019647786
22687,0.017554408,0.004809724,0.9776358
22688,0.97690237,0.0032408366,0.019856801
22689,0.9232675,0.0030270102,0.073705554
22690,0.9409691,0.0027653282,0.056265544
22691,0.9590578,0.0076620416,0.033280227
22692,0.5972022,0.013215506,0.38958228
22693,0.96520144,0.0028651517,0.031933457
22694,0.0828961,0.055176675,0.86192715
22695,0.6539944,0.012643497,0.3333621
22696,0.8626457,0.005880822,0.13147347
22697,0.55664974,0.014315586,0.42903468
22698,0.95896447,0.0027137212,0.038321756
22699,0.1813912,0.05395325,0.7646556
22700,0.900251,0.035894938,0.06385413
22701,0.09872817,0.49787268,0.40339914
22702,0.9128133,0.0116255395,0.075561225
22703,0.7884914,0.005903157,0.20560543
22704,0.9675426,0.017923834,0.014533568
22705,0.69838774,0.09087479,0.2107375
22706,0.94582725,0.004058776,0.05011396
22707,0.9692889,0.009126709,0.021584384
22708,0.572993,0.020437738,0.4065693
22709,0.9302074,0.010835926,0.05895678
22710,0.9734634,0.0029070855,0.023629487
22711,0.9293206,0.0041164756,0.06656289
22712,0.96048224,0.0048395665,0.034678154
22713,0.9803454,0.0016541246,0.0180005
22714,0.9501288,0.025148092,0.02472317
22715,0.9432499,0.003961809,0.05278825
22716,0.5156559,0.006055225,0.47828892
22717,0.98477423,0.0008999066,0.01432594
22718,0.82583004,0.004475401,0.16969462
22719,0.4274225,0.020824382,0.5517531
22720,0.032228798,0.01135365,0.9564175
22721,0.41878042,0.010350892,0.57086873
22722,0.029132338,0.014682839,0.95618486
22723,0.20181128,0.22206809,0.5761206
22724,0.94867635,0.010585964,0.040737644
22725,0.10418889,0.012806597,0.8830045
22726,0.41796002,0.10283063,0.4792093
22727,0.5272626,0.0070276773,0.46570972
22728,0.0052000955,0.00082630286,0.99397355
22729,0.332929,0.0749265,0.59214455
22730,0.8949772,0.043127865,0.061894897
22731,0.947215,0.0032021275,0.04958284
22732,0.98595935,0.0042764144,0.009764261
22733,0.9611268,0.007997795,0.030875415
22734,0.9110038,0.0033311646,0.08566504
22735,0.017070448,0.004285114,0.9786444
22736,0.75152355,0.1924097,0.056066763
22737,0.14112873,0.021564161,0.8373071
22738,0.48901948,0.034600828,0.4763797
22739,0.3687616,0.02052581,0.6107126
22740,0.8002614,0.009267595,0.19047096
22741,0.18861449,0.0054216315,0.80596393
22742,0.966545,0.0035311896,0.029923802
22743,0.89283156,0.0036450806,0.10352339
22744,0.42740497,0.011119603,0.5614754
22745,0.8745383,0.00767947,0.11778222
22746,0.014653345,0.006539696,0.97880703
22747,0.9607448,0.002548277,0.036706947
22748,0.4462846,0.04152178,0.5121936
22749,0.11887586,0.0055780616,0.8755461
22750,0.56463075,0.007583133,0.42778614
22751,0.9747467,0.0073234155,0.017929839
22752,0.89594734,0.023793517,0.08025914
22753,0.024822164,0.013015131,0.96216273
22754,0.7775793,0.008678412,0.21374224
22755,0.72590196,0.008230289,0.26586774
22756,0.014190618,0.0070828456,0.9787265
22757,0.9264639,0.0033409363,0.07019514
22758,0.811813,0.10346058,0.08472645
22759,0.24472867,0.12225131,0.63302004
22760,0.82915986,0.0121356845,0.15870447
22761,0.40332994,0.21981141,0.37685865
22762,0.98720515,0.0027405461,0.010054296
22763,0.9648099,0.0017882335,0.033401895
22764,0.94438636,0.007561787,0.048051924
22765,0.6247071,0.05384269,0.3214502
22766,0.9724864,0.0011251036,0.026388496
22767,0.9571825,0.0029065646,0.039910894
22768,0.8271453,0.03602508,0.13682963
22769,0.94601315,0.04116181,0.012824983
22770,0.90556353,0.004880538,0.08955592
22771,0.28975242,0.012067361,0.6981802
22772,0.9631247,0.010083463,0.026791897
22773,0.033503722,0.016873244,0.94962305
22774,0.95484746,0.008060402,0.037092123
22775,0.7177239,0.046777446,0.23549864
22776,0.6948496,0.0071309744,0.2980194
22777,0.28960758,0.010352609,0.7000398
22778,0.96569264,0.0017073469,0.032600038
22779,0.024177263,0.0029497982,0.972873
22780,0.9696134,0.0023444223,0.028042246
22781,0.9201836,0.0047886935,0.07502772
22782,0.8884088,0.0060790163,0.10551222
22783,0.95341676,0.0020621726,0.044521
22784,0.9274553,0.015182207,0.057362445
22785,0.98603094,0.0015538568,0.012415192
22786,0.78179914,0.0059422133,0.21225867
22787,0.5151117,0.012269907,0.4726184
22788,0.92929393,0.00331569,0.06739036
22789,0.95601314,0.0023547655,0.04163205
22790,0.6265239,0.07121005,0.3022661
22791,0.9536907,0.004676234,0.041633025
22792,0.01682355,0.010680675,0.97249585
22793,0.88713956,0.0055592596,0.107301235
22794,0.88847905,0.0030839301,0.108436964
22795,0.92965704,0.009909501,0.060433477
22796,0.94433725,0.01617931,0.039483465
22797,0.19613835,0.010144365,0.79371727
22798,0.97897834,0.0029475526,0.018074064
22799,0.337502,0.022735635,0.63976234
22800,0.9746509,0.0058624265,0.019486614
22801,0.85747224,0.05029803,0.092229754
22802,0.8574354,0.009825549,0.13273902
22803,0.9714788,0.002786147,0.025735034
22804,0.2221759,0.009754989,0.7680691
22805,0.103505634,0.0045998404,0.8918945
22806,0.7970334,0.023112303,0.17985424
22807,0.22070561,0.02134835,0.757946
22808,0.330922,0.39680898,0.272269
22809,0.9567011,0.0022713458,0.041027505
22810,0.04496021,0.0050417935,0.949998
22811,0.9627485,0.0037617944,0.033489633
22812,0.7074813,0.0051324167,0.28738624
22813,0.9257954,0.0055460595,0.068658575
22814,0.9800787,0.0013567761,0.018564574
22815,0.018512042,0.0056122295,0.9758757
22816,0.5973359,0.011976253,0.39068788
22817,0.9835549,0.0017544073,0.014690698
22818,0.99097717,0.0017254498,0.007297355
22819,0.039318856,0.008318599,0.9523625
22820,0.04163458,0.034397207,0.92396826
22821,0.014629784,0.0015684842,0.9838018
22822,0.39346513,0.36307895,0.24345595
22823,0.7673804,0.01972127,0.21289831
22824,0.9654232,0.005166518,0.02941025
22825,0.756745,0.0716782,0.17157686
22826,0.94455254,0.003520485,0.051926922
22827,0.8023677,0.016781544,0.1808508
22828,0.95364255,0.017654695,0.028702753
22829,0.90113413,0.004989601,0.093876325
22830,0.95843506,0.001719148,0.03984574
22831,0.97261244,0.01524519,0.012142411
22832,0.011429368,0.006862167,0.9817085
22833,0.14838184,0.28219828,0.5694199
22834,0.044105835,0.004220923,0.95167327
22835,0.96744007,0.0018970054,0.030662986
22836,0.9166453,0.003545081,0.07980966
22837,0.96519184,0.0026083912,0.032199703
22838,0.9085157,0.0060047386,0.08547956
22839,0.019649442,0.002503078,0.97784746
22840,0.11100361,0.016485237,0.8725111
22841,0.84793967,0.0106709525,0.1413894
22842,0.3605699,0.14824675,0.4911834
22843,0.37571257,0.010587157,0.6137003
22844,0.8943835,0.009285865,0.09633059
22845,0.9521343,0.013853987,0.034011703
22846,0.98967314,0.0014604153,0.008866407
22847,0.06481712,0.005496179,0.9296867
22848,0.9868264,0.003002688,0.010170899
22849,0.30390197,0.0063481918,0.68974984
22850,0.6683007,0.0034327873,0.32826653
22851,0.84246445,0.024517218,0.13301837
22852,0.8995881,0.005978509,0.09443338
22853,0.9719158,0.007378202,0.020706052
22854,0.95402575,0.021428209,0.024546007
22855,0.89142483,0.0037869874,0.10478821
22856,0.6137779,0.010912485,0.37530962
22857,0.9647411,0.0017312746,0.033527628
22858,0.43688402,0.30478415,0.25833184
22859,0.13764602,0.015057735,0.84729624
22860,0.87536657,0.0051178434,0.11951555
22861,0.66526234,0.0062172636,0.3285204
22862,0.8061845,0.009059615,0.18475592
22863,0.014829375,0.001895799,0.9832749
22864,0.9535586,0.0031832745,0.043258123
22865,0.9867649,0.0019453709,0.011289738
22866,0.9702037,0.011675216,0.018121123
22867,0.9595916,0.010877917,0.02953043
22868,0.97806084,0.0022024666,0.019736707
22869,0.9642609,0.0024632951,0.03327585
22870,0.7594594,0.0052994364,0.23524116
22871,0.83180386,0.0074862484,0.16070993
22872,0.92729294,0.006631261,0.066075854
22873,0.9610317,0.007498889,0.03146948
22874,0.9693452,0.0029660137,0.027688762
22875,0.60761523,0.009336257,0.38304853
22876,0.97138536,0.0029010843,0.025713509
22877,0.4446882,0.037827436,0.51748437
22878,0.8975582,0.012001931,0.09043982
22879,0.9601019,0.009275882,0.030622229
22880,0.38864332,0.006396246,0.60496044
22881,0.56234187,0.015949635,0.42170852
22882,0.25331154,0.01800438,0.72868407
22883,0.20533134,0.06913857,0.7255301
22884,0.020151526,0.04904169,0.9308068
22885,0.20808317,0.20720766,0.58470917
22886,0.9765304,0.0024754603,0.020994136
22887,0.79944414,0.007117377,0.19343849
22888,0.9618206,0.0027359466,0.035443433
22889,0.9747907,0.0041805026,0.021028863
22890,0.93478256,0.0051008924,0.060116492
22891,0.91408676,0.01913905,0.06677416
22892,0.06510551,0.15381193,0.7810826
22893,0.26230264,0.21216598,0.5255314
22894,0.02957354,0.012073931,0.9583525
22895,0.019397894,0.020257816,0.96034425
22896,0.8805816,0.035167564,0.08425086
22897,0.97311723,0.0020528492,0.024829958
22898,0.015662346,0.001714566,0.9826231
22899,0.89185935,0.03149958,0.07664106
22900,0.6482859,0.12824942,0.22346464
22901,0.97514194,0.002491631,0.022366384
22902,0.15092489,0.015236728,0.83383834
22903,0.27175957,0.0115656825,0.7166747
22904,0.96277905,0.0027226468,0.03449829
22905,0.99165326,0.002969625,0.0053771418
22906,0.98425215,0.0015574051,0.014190461
22907,0.92485106,0.0046576685,0.07049126
22908,0.9416967,0.006513512,0.05178976
22909,0.84457046,0.0055815643,0.14984801
22910,0.012905764,0.0035195893,0.9835746
22911,0.9650142,0.0038390756,0.031146724
22912,0.03286203,0.0016881065,0.9654498
22913,0.009251471,0.0036882516,0.9870603
22914,0.96259964,0.018539088,0.018861322
22915,0.9829875,0.002498321,0.0145141315
22916,0.55432945,0.012479199,0.43319136
22917,0.93871766,0.010572358,0.050709993
22918,0.9152068,0.034271635,0.050521508
22919,0.7251283,0.013488561,0.26138318
22920,0.96616167,0.014224638,0.01961365
22921,0.8155854,0.0052680573,0.17914654
22922,0.6100915,0.0073541086,0.38255438
22923,0.9289214,0.0069470494,0.06413154
22924,0.17420635,0.22483087,0.60096276
22925,0.8167209,0.007072381,0.17620672
22926,0.79990596,0.0041219434,0.19597211
22927,0.90720403,0.032341972,0.06045401
22928,0.14931525,0.01745753,0.83322716
22929,0.84786487,0.11141867,0.040716447
22930,0.770573,0.025340583,0.20408641
22931,0.08089464,0.00886044,0.91024494
22932,0.1712517,0.18548067,0.6432677
22933,0.9518991,0.005677207,0.04242369
22934,0.038718935,0.00396495,0.9573161
22935,0.9375713,0.006341018,0.056087635
22936,0.9285438,0.004130854,0.06732531
22937,0.9499238,0.0030284205,0.04704776
22938,0.03666793,0.004367667,0.95896435
22939,0.76944894,0.026301999,0.20424905
22940,0.929998,0.0066485764,0.0633534
22941,0.9673789,0.0045752977,0.028045751
22942,0.9194299,0.005034162,0.07553595
22943,0.85921615,0.004170841,0.13661297
22944,0.9506294,0.008437682,0.04093284
22945,0.8294044,0.0066401977,0.16395535
22946,0.9818985,0.001080468,0.017021036
22947,0.69731206,0.08931434,0.21337359
22948,0.9352345,0.0022185585,0.062546976
22949,0.0062975273,0.0007796948,0.9929228
22950,0.9579047,0.002496252,0.039599087
22951,0.79654205,0.025149697,0.17830826
22952,0.08911856,0.045499407,0.865382
22953,0.8780004,0.015882188,0.1061174
22954,0.97090685,0.004557719,0.02453543
22955,0.8729727,0.009439895,0.11758736
22956,0.20986576,0.0062124096,0.78392184
22957,0.940242,0.0039669243,0.055791073
22958,0.0036782492,0.0008730436,0.99544865
22959,0.86830944,0.0046489113,0.12704171
22960,0.20489642,0.011126337,0.7839772
22961,0.8594742,0.0105155995,0.13001028
22962,0.64069027,0.005875924,0.35343382
22963,0.9144478,0.0041886396,0.08136358
22964,0.70208454,0.006445925,0.29146954
22965,0.44269073,0.007325046,0.5499842
22966,0.78007483,0.009761132,0.21016406
22967,0.7036575,0.028011343,0.26833117
22968,0.30319762,0.015369769,0.68143255
22969,0.04190558,0.011920245,0.94617414
22970,0.9757504,0.008155238,0.016094424
22971,0.27023602,0.0068760915,0.7228879
22972,0.92940634,0.012715574,0.057878047
22973,0.910714,0.0048574694,0.08442854
22974,0.55413014,0.0077013513,0.4381685
22975,0.007041062,0.0012042461,0.99175465
22976,0.9683413,0.016716883,0.014941792
22977,0.8170457,0.0073895627,0.17556475
22978,0.32183564,0.017528888,0.6606354
22979,0.01819413,0.0014289622,0.98037696
22980,0.5783203,0.048511814,0.37316784
22981,0.8345803,0.004965486,0.16045421
22982,0.1717908,0.0056617376,0.82254744
22983,0.9801327,0.0024463085,0.017420925
22984,0.9668765,0.010258357,0.02286518
22985,0.2238792,0.008382408,0.76773846
22986,0.030915065,0.020412844,0.94867206
22987,0.96232086,0.002514104,0.035165012
22988,0.9906956,0.0018242118,0.00748017
22989,0.7177885,0.15521641,0.12699501
22990,0.007851039,0.0019275474,0.9902214
22991,0.9594969,0.006423369,0.034079704
22992,0.020912394,0.003765006,0.97532254
22993,0.9650222,0.0043716743,0.030606084
22994,0.9716815,0.00920583,0.019112688
22995,0.88951087,0.011959897,0.098529264
22996,0.9003424,0.010914358,0.088743284
22997,0.96893823,0.0012389675,0.029822763
22998,0.49621588,0.013283962,0.49050015
22999,0.44128272,0.008344742,0.55037254
23000,0.98315006,0.001330738,0.01551919
23001,0.9269974,0.006347005,0.06665558
23002,0.88260776,0.038190365,0.0792019
23003,0.9707753,0.0013538937,0.027870836
23004,0.7286717,0.0076654167,0.26366287
23005,0.121391855,0.004228028,0.8743801
23006,0.8744579,0.0060065826,0.11953549
23007,0.013714717,0.0018133846,0.98447186
23008,0.078027986,0.016411398,0.9055606
23009,0.9669872,0.003595691,0.02941713
23010,0.2746401,0.06475657,0.66060334
23011,0.09086885,0.018021831,0.8911093
23012,0.9158199,0.0055715144,0.07860865
23013,0.9390456,0.01861032,0.042344026
23014,0.95411533,0.0025359704,0.04334871
23015,0.4497088,0.05099624,0.4992949
23016,0.8273061,0.009809223,0.16288471
23017,0.7474432,0.0071489965,0.24540783
23018,0.61497086,0.0072244713,0.3778046
23019,0.02111159,0.0038889279,0.9749995
23020,0.41887847,0.010255172,0.57086635
23021,0.9529998,0.0034417543,0.0435585
23022,0.022624373,0.002551415,0.9748242
23023,0.8522247,0.0064783273,0.14129695
23024,0.8163093,0.04375051,0.13994025
23025,0.25039017,0.07551234,0.6740975
23026,0.9857611,0.0016849336,0.012554011
23027,0.019638054,0.0023562452,0.9780057
23028,0.42924544,0.05945844,0.51129615
23029,0.25649735,0.010694989,0.7328077
23030,0.88904935,0.024364889,0.086585835
23031,0.9441238,0.025203869,0.030672373
23032,0.95024854,0.004349692,0.045401737
23033,0.85090995,0.11331424,0.035775866
23034,0.39599025,0.5057055,0.09830426
23035,0.12912302,0.06835953,0.8025174
23036,0.78439605,0.009148907,0.20645504
23037,0.9668765,0.005954288,0.027169196
23038,0.59483176,0.00922186,0.39594638
23039,0.94060767,0.0014270275,0.05796531
23040,0.5147898,0.044593893,0.4406163
23041,0.971991,0.0053299633,0.022678984
23042,0.45255294,0.009781953,0.53766507
23043,0.02586006,0.0027274622,0.9714125
23044,0.21633938,0.28487188,0.49878874
23045,0.973639,0.01134133,0.015019619
23046,0.010813897,0.001732464,0.9874536
23047,0.9638196,0.0015986909,0.034581725
23048,0.97556794,0.010255043,0.014177011
23049,0.93653387,0.0024138244,0.061052248
23050,0.78323734,0.03229819,0.18446451
23051,0.98907965,0.0018882703,0.00903206
23052,0.9284092,0.011693748,0.059897054
23053,0.68718725,0.011951286,0.30086148
23054,0.97866493,0.0028171735,0.018517863
23055,0.54335725,0.056386847,0.40025592
23056,0.9795573,0.0022745617,0.0181682
23057,0.15827163,0.008799736,0.8329286
23058,0.93401843,0.012688658,0.053292878
23059,0.67545736,0.009586346,0.3149563
23060,0.010129611,0.0022962606,0.98757416
23061,0.9394504,0.0046907715,0.055858806
23062,0.10932934,0.062490202,0.8281805
23063,0.977232,0.009510355,0.013257648
23064,0.05127316,0.016406199,0.93232065
23065,0.91432357,0.013821273,0.07185512
23066,0.9091382,0.008158839,0.08270295
23067,0.0176859,0.0052834875,0.97703063
23068,0.9703535,0.0034822228,0.026164288
23069,0.9667959,0.00480159,0.028402468
23070,0.63655007,0.016369337,0.34708062
23071,0.9816071,0.0011132153,0.01727972
23072,0.025946854,0.004904111,0.96914905
23073,0.96902287,0.002913841,0.02806332
23074,0.97580975,0.0027242242,0.021465985
23075,0.74633384,0.0042930543,0.24937314
23076,0.041718617,0.015103195,0.9431782
23077,0.65931684,0.010654456,0.33002868
23078,0.5622926,0.014554326,0.42315307
23079,0.04215335,0.016494071,0.94135255
23080,0.026233794,0.0031164566,0.9706498
23081,0.9130921,0.0074056443,0.07950226
23082,0.9718408,0.0030909565,0.02506823
23083,0.95350045,0.007966478,0.03853309
23084,0.9757327,0.0010562693,0.023211004
23085,0.7971275,0.040693123,0.16217934
23086,0.9691214,0.0028484073,0.028030276
23087,0.9002759,0.055068027,0.04465606
23088,0.94216293,0.0020897465,0.05574734
23089,0.08547723,0.005749057,0.90877366
23090,0.7853288,0.0051900474,0.2094812
23091,0.9355305,0.0081088515,0.05636066
23092,0.6899513,0.019685732,0.29036295
23093,0.9435245,0.004316998,0.052158546
23094,0.8944512,0.019807879,0.08574089
23095,0.75422436,0.019337729,0.22643793
23096,0.9204999,0.0044764676,0.075023554
23097,0.9847452,0.0029240726,0.012330692
23098,0.97496593,0.0017867165,0.023247354
23099,0.7966436,0.0049635596,0.19839282
23100,0.94932437,0.01526698,0.03540868
23101,0.80114293,0.023912868,0.17494425
23102,0.96144336,0.008264363,0.030292233
23103,0.92046154,0.028289448,0.051248968
23104,0.12736338,0.07584854,0.7967881
23105,0.9135332,0.022393141,0.06407363
23106,0.144196,0.04963895,0.8061651
23107,0.43989524,0.08433256,0.47577214
23108,0.9160074,0.036142107,0.047850475
23109,0.90883464,0.00780366,0.08336174
23110,0.619455,0.16485886,0.21568616
23111,0.5752352,0.008551865,0.41621292
23112,0.967226,0.013422514,0.019351508
23113,0.9682832,0.0032060314,0.0285108
23114,0.97268325,0.0053872117,0.02192955
23115,0.85023594,0.0030332275,0.14673083
23116,0.7873726,0.006298689,0.20632869
23117,0.88132507,0.0044775372,0.11419742
23118,0.004453059,0.0009941246,0.9945528
23119,0.14344126,0.013044288,0.84351444
23120,0.98223454,0.0034082395,0.014357196
23121,0.66123277,0.20391615,0.13485104
23122,0.8177721,0.0075107813,0.17471717
23123,0.005558483,0.0012011693,0.99324036
23124,0.54729015,0.024229988,0.4284799
23125,0.58811146,0.032056693,0.37983188
23126,0.9326591,0.012727153,0.054613817
23127,0.763897,0.01483315,0.22126983
23128,0.9686517,0.0033189706,0.028029365
23129,0.95999926,0.014104334,0.025896434
23130,0.170123,0.0071834656,0.8226935
23131,0.77358454,0.0055969646,0.2208185
23132,0.3686257,0.011483166,0.6198911
23133,0.06318944,0.010628882,0.9261817
23134,0.97959876,0.0024627214,0.017938444
23135,0.17352884,0.01581843,0.81065273
23136,0.9756992,0.0054387986,0.018862035
23137,0.34532663,0.011978347,0.642695
23138,0.4706937,0.16938,0.3599263
23139,0.11820748,0.00946649,0.872326
23140,0.6096949,0.00548056,0.38482454
23141,0.97392863,0.0026263178,0.023445034
23142,0.8758398,0.03528267,0.08887754
23143,0.96234,0.0070921998,0.030567769
23144,0.9883775,0.002169208,0.00945327
23145,0.04192849,0.0058701257,0.9522014
23146,0.89348775,0.0038152763,0.102696955
23147,0.75712585,0.05774083,0.1851333
23148,0.9800938,0.0047065658,0.015199654
23149,0.37562242,0.018869625,0.60550797
23150,0.8696864,0.0047889007,0.12552467
23151,0.9533571,0.0047808825,0.04186205
23152,0.6096903,0.055889353,0.33442032
23153,0.26908726,0.17764114,0.5532716
23154,0.38796413,0.014286631,0.59774923
23155,0.043303777,0.02278301,0.9339132
23156,0.96669644,0.0035465416,0.029757062
23157,0.9861979,0.0014138485,0.012388227
23158,0.9038246,0.0059703444,0.09020505
23159,0.55564415,0.03599762,0.40835822
23160,0.8816426,0.008215489,0.11014194
23161,0.92885596,0.006740495,0.06440348
23162,0.43249273,0.023065897,0.5444414
23163,0.8181071,0.019237677,0.16265523
23164,0.8130388,0.04655737,0.14040378
23165,0.91270494,0.0038252217,0.08346982
23166,0.9132883,0.012259787,0.07445189
23167,0.6475349,0.040215615,0.31224948
23168,0.36286134,0.19119292,0.4459458
23169,0.096571386,0.041777704,0.8616509
23170,0.32409292,0.008518032,0.66738904
23171,0.9628902,0.004340663,0.032769162
23172,0.047460303,0.013775288,0.9387644
23173,0.4822791,0.04243447,0.47528642
23174,0.97759694,0.0025578863,0.019845186
23175,0.98949134,0.0012851146,0.009223539
23176,0.7436859,0.060784705,0.19552945
23177,0.8538687,0.03811652,0.108014695
23178,0.2517747,0.108810306,0.63941497
23179,0.93683404,0.007262042,0.055903945
23180,0.13703823,0.015103546,0.8478582
23181,0.018619599,0.0019703328,0.97941005
23182,0.3462377,0.020772558,0.63298976
23183,0.34868997,0.11908336,0.5322267
23184,0.9018072,0.0075361235,0.09065666
23185,0.91730875,0.0057812515,0.07691002
23186,0.9769035,0.0024607282,0.020635793
23187,0.9753699,0.0049727303,0.019657362
23188,0.07860641,0.009417787,0.9119758
23189,0.37170956,0.013923731,0.6143667
23190,0.90865034,0.0037163014,0.08763341
23191,0.16798997,0.0036194928,0.82839054
23192,0.8573641,0.037875332,0.10476062
23193,0.633019,0.31875262,0.04822837
23194,0.96998703,0.007607379,0.022405623
23195,0.0033420275,0.0017936177,0.9948644
23196,0.97878426,0.002588546,0.018627224
23197,0.72923756,0.011716366,0.25904605
23198,0.9457364,0.004876409,0.049387164
23199,0.9510464,0.0020652288,0.046888378
23200,0.974942,0.0054953834,0.019562595
23201,0.9795218,0.0049729086,0.015505285
23202,0.6639814,0.048058655,0.28795996
23203,0.107530765,0.0064838217,0.8859854
23204,0.099477865,0.012273753,0.8882484
23205,0.96220535,0.0046649748,0.0331297
23206,0.97224563,0.0060862117,0.021668231
23207,0.12320061,0.0046941293,0.8721053
23208,0.4939935,0.15158544,0.35442102
23209,0.5479077,0.008748278,0.443344
23210,0.7344907,0.008448052,0.25706127
23211,0.9734847,0.0051823654,0.021333013
23212,0.97347665,0.0033754609,0.023147933
23213,0.7137546,0.0070062717,0.2792391
23214,0.98479027,0.0041717216,0.011038008
23215,0.9379063,0.021379786,0.040713858
23216,0.90633625,0.010280454,0.08338325
23217,0.7358813,0.012815419,0.2513032
23218,0.9884221,0.0008194767,0.0107584465
23219,0.95968485,0.0032417004,0.0370735
23220,0.7584013,0.026802903,0.21479583
23221,0.018992996,0.0026223422,0.9783846
23222,0.98354995,0.0022015162,0.01424857
23223,0.41308093,0.33638802,0.250531
23224,0.22003853,0.007703982,0.77225745
23225,0.90474564,0.00808586,0.08716848
23226,0.9661628,0.0022071658,0.031629983
23227,0.98509085,0.0021491228,0.012760033
23228,0.9806296,0.0049345326,0.014435837
23229,0.9543016,0.007354514,0.03834382
23230,0.60010016,0.019438008,0.3804618
23231,0.5978546,0.12699193,0.27515346
23232,0.9486904,0.0041349474,0.04717462
23233,0.76491827,0.0031477306,0.23193397
23234,0.14518654,0.007542078,0.8472714
23235,0.97859794,0.0035111257,0.017890926
23236,0.953165,0.010199733,0.036635302
23237,0.49186885,0.0053487504,0.5027824
23238,0.9793311,0.0015790805,0.019089874
23239,0.9757937,0.003861719,0.020344488
23240,0.04091636,0.016321048,0.94276255
23241,0.9160008,0.00621915,0.077780075
23242,0.5583778,0.05167058,0.38995165
23243,0.053236462,0.006707395,0.94005615
23244,0.8652421,0.004503342,0.13025449
23245,0.8771264,0.022630362,0.1002432
23246,0.28789195,0.01948258,0.6926254
23247,0.9386147,0.0025887042,0.058796555
23248,0.34328872,0.03785913,0.61885214
23249,0.10419171,0.009573205,0.8862351
23250,0.019894686,0.0032453877,0.9768599
23251,0.92358685,0.004769649,0.071643434
23252,0.95844686,0.0038125946,0.037740484
23253,0.86209315,0.0068301903,0.13107662
23254,0.92227817,0.0066765244,0.071045265
23255,0.54844,0.106755234,0.3448048
23256,0.07669947,0.006575689,0.91672486
23257,0.89906645,0.018090624,0.082842916
23258,0.962536,0.0025303033,0.0349337
23259,0.9569229,0.007970122,0.035107028
23260,0.97655064,0.001485372,0.021964056
23261,0.06389201,0.26394558,0.6721624
23262,0.8476541,0.026248321,0.12609753
23263,0.9785039,0.005053255,0.016442826
23264,0.85963315,0.033867307,0.10649954
23265,0.08773235,0.013550304,0.89871734
23266,0.7076669,0.021788398,0.27054477
23267,0.96933794,0.00410357,0.026558472
23268,0.6510419,0.19827671,0.15068136
23269,0.91929317,0.022203984,0.058502883
23270,0.8896679,0.00439871,0.10593335
23271,0.93235075,0.0066765617,0.060972635
23272,0.0125171095,0.003560069,0.9839228
23273,0.16077922,0.009380765,0.82984
23274,0.9197669,0.01003962,0.070193484
23275,0.9863409,0.0032653587,0.010393839
23276,0.93540883,0.0032696663,0.061321463
23277,0.56023085,0.004819742,0.4349494
23278,0.969384,0.0025258618,0.0280901
23279,0.9635432,0.008184178,0.02827264
23280,0.8149909,0.0048248195,0.18018433
23281,0.40499976,0.030679943,0.56432027
23282,0.9617971,0.0065496787,0.031653233
23283,0.9858628,0.0015077199,0.01262948
23284,0.9670805,0.006047943,0.026871512
23285,0.9726083,0.0057573803,0.021634284
23286,0.40362194,0.051485017,0.5448931
23287,0.1161982,0.0071291197,0.8766727
23288,0.95495814,0.0036317883,0.04141005
23289,0.9106653,0.0066455244,0.08268916
23290,0.7088267,0.032836713,0.25833657
23291,0.9276598,0.00474333,0.06759689
23292,0.93095857,0.0021210806,0.066920355
23293,0.010835914,0.002131488,0.98703253
23294,0.9193373,0.0035635526,0.07709912
23295,0.86515236,0.00465828,0.13018934
23296,0.15411311,0.010709091,0.83517784
23297,0.93554276,0.02845608,0.036001183
23298,0.552692,0.009776516,0.43753147
23299,0.9777362,0.0013559784,0.02090777
23300,0.6970874,0.015664892,0.28724766
23301,0.87287825,0.023238335,0.103883386
23302,0.9752745,0.010067676,0.014657829
23303,0.77008116,0.005919284,0.22399954
23304,0.51262546,0.023909276,0.46346524
23305,0.6915556,0.026736958,0.2817074
23306,0.8567725,0.007929878,0.13529763
23307,0.9356273,0.00252182,0.06185092
23308,0.97012454,0.0053517097,0.024523772
23309,0.7398402,0.010867274,0.24929254
23310,0.8287493,0.011698847,0.15955189
23311,0.96553683,0.0024204266,0.032042775
23312,0.97152656,0.0116953775,0.016778126
23313,0.20829614,0.054669295,0.7370346
23314,0.76212054,0.08391716,0.15396231
23315,0.9026611,0.0049673044,0.09237166
23316,0.83911306,0.0810714,0.07981561
23317,0.15926056,0.0074730455,0.83326644
23318,0.8283794,0.004403708,0.16721691
23319,0.8617042,0.0127139,0.12558201
23320,0.8537297,0.007120136,0.13915019
23321,0.23198004,0.0072958264,0.7607242
23322,0.41481283,0.07989975,0.5052874
23323,0.19447963,0.0062267133,0.7992937
23324,0.9004155,0.030104721,0.069479845
23325,0.78853035,0.017204009,0.19426562
23326,0.62258995,0.080990866,0.29641923
23327,0.7854148,0.009457206,0.20512798
23328,0.048522484,0.0024585263,0.949019
23329,0.0061404384,0.0006441774,0.99321544
23330,0.9890665,0.0014280012,0.00950557
23331,0.66124886,0.006577632,0.33217347
23332,0.8682576,0.0032935466,0.1284489
23333,0.5040198,0.010553822,0.48542634
23334,0.2968984,0.62738127,0.07572032
23335,0.86384237,0.0066778697,0.12947974
23336,0.51524836,0.10677378,0.37797782
23337,0.79601324,0.01179317,0.19219363
23338,0.9815118,0.0035058241,0.014982454
23339,0.045376997,0.011361734,0.94326127
23340,0.9829268,0.0025855175,0.014487707
23341,0.07155607,0.009032498,0.9194114
23342,0.029807916,0.011193274,0.9589988
23343,0.8240937,0.007385064,0.16852124
23344,0.87044996,0.014800469,0.11474953
23345,0.9838579,0.0048049856,0.01133702
23346,0.90823406,0.006180401,0.08558553
23347,0.36323938,0.5394224,0.09733823
23348,0.9788094,0.0029420005,0.018248595
23349,0.96261936,0.002632669,0.03474796
23350,0.9801777,0.002216906,0.017605312
23351,0.9759135,0.003931695,0.020154849
23352,0.9069091,0.0067962287,0.0862947
23353,0.78222984,0.011056939,0.20671315
23354,0.83431643,0.06363301,0.102050595
23355,0.9142124,0.03189582,0.05389184
23356,0.7812808,0.04014751,0.1785717
23357,0.98645186,0.0018581799,0.011689941
23358,0.9664276,0.005591845,0.027980527
23359,0.373923,0.06477919,0.5612978
23360,0.941207,0.01085013,0.047942877
23361,0.900081,0.033909112,0.06600995
23362,0.9774654,0.0023360578,0.02019852
23363,0.9730391,0.0012390958,0.025721822
23364,0.8643592,0.004146948,0.13149387
23365,0.061008237,0.032517176,0.90647453
23366,0.95025426,0.0019312896,0.04781442
23367,0.9319547,0.025457567,0.042587724
23368,0.5966205,0.023521379,0.37985817
23369,0.9462956,0.011984472,0.041719873
23370,0.9807974,0.004235392,0.01496723
23371,0.7108674,0.09498451,0.19414811
23372,0.92601144,0.0044826283,0.069505885
23373,0.9251598,0.003077715,0.071762525
23374,0.95219886,0.002691297,0.04510989
23375,0.8821985,0.0036137584,0.11418767
23376,0.9398629,0.0066916607,0.053445496
23377,0.9870502,0.0012874432,0.011662369
23378,0.6055743,0.086459324,0.30796632
23379,0.40147817,0.0047277478,0.5937941
23380,0.88804126,0.0099169435,0.102041796
23381,0.027291156,0.0025513982,0.97015744
23382,0.52129066,0.023569692,0.45513964
23383,0.23436847,0.013314462,0.7523171
23384,0.038699236,0.002856789,0.95844394
23385,0.32307556,0.04433,0.6325944
23386,0.9487682,0.006105295,0.045126542
23387,0.3307052,0.010253299,0.6590415
23388,0.8839145,0.006798002,0.1092876
23389,0.92540073,0.019452931,0.055146344
23390,0.026338812,0.0030949234,0.9705663
23391,0.9434159,0.0047560437,0.051828057
23392,0.20776762,0.007706933,0.78452545
23393,0.10116308,0.006749127,0.8920878
23394,0.9749792,0.0023812274,0.022639604
23395,0.12932378,0.005382143,0.86529404
23396,0.97449255,0.008468193,0.017039292
23397,0.9692945,0.0027509672,0.027954588
23398,0.06646108,0.02190409,0.91163486
23399,0.9450166,0.0042327,0.05075069
23400,0.04100736,0.04716936,0.9118233
23401,0.43476585,0.039777596,0.52545655
23402,0.03293236,0.0038478647,0.9632198
23403,0.9429357,0.0046177176,0.052446578
23404,0.7370226,0.004893737,0.25808367
23405,0.97414875,0.00503835,0.020812957
23406,0.8232231,0.033317007,0.14345986
23407,0.04892335,0.008137335,0.94293934
23408,0.9842036,0.0048697125,0.010926769
23409,0.90776813,0.043433458,0.048798412
23410,0.058802497,0.008519897,0.9326776
23411,0.9845425,0.0013907052,0.014066813
23412,0.53308195,0.008474488,0.45844358
23413,0.9619277,0.0021647615,0.03590756
23414,0.0273895,0.0034200735,0.9691905
23415,0.022955062,0.0108241625,0.9662208
23416,0.14922553,0.01060013,0.8401743
23417,0.5822038,0.006748206,0.41104802
23418,0.61622566,0.0053996514,0.3783747
23419,0.9641287,0.00357255,0.032298706
23420,0.074357316,0.006384531,0.9192581
23421,0.7722814,0.0063964017,0.22132215
23422,0.5523706,0.012497315,0.43513212
23423,0.9467806,0.0054585575,0.04776086
23424,0.20588611,0.014017479,0.7800965
23425,0.9510928,0.005903245,0.043003928
23426,0.859545,0.053675406,0.08677963
23427,0.97220606,0.005141111,0.022652833
23428,0.7924611,0.15922907,0.04830982
23429,0.766021,0.010333751,0.22364528
23430,0.37002304,0.09187685,0.53810006
23431,0.8982132,0.0050929524,0.09669382
23432,0.9556509,0.003614229,0.04073485
23433,0.0080158105,0.0017558177,0.9902284
23434,0.97909695,0.0036439442,0.017259076
23435,0.21096148,0.0073960945,0.7816424
23436,0.9715566,0.0034474623,0.024995994
23437,0.8762635,0.003177756,0.1205587
23438,0.007274651,0.0010726606,0.99165267
23439,0.29179037,0.012854373,0.69535524
23440,0.8801619,0.0049163564,0.114921786
23441,0.4606794,0.18560226,0.3537183
23442,0.42105585,0.0074738692,0.57147026
23443,0.97108996,0.0033779067,0.025532167
23444,0.18744467,0.008088475,0.80446684
23445,0.19760089,0.14179644,0.6606026
23446,0.58853483,0.021042356,0.3904228
23447,0.10740457,0.032059543,0.8605359
23448,0.80418986,0.010765498,0.18504462
23449,0.99126595,0.0014776426,0.0072564385
23450,0.9207779,0.034470424,0.044751663
23451,0.5568858,0.19848844,0.2446258
23452,0.8825055,0.00853661,0.10895796
23453,0.6968388,0.017984994,0.28517622
23454,0.9713396,0.001773942,0.026886506
23455,0.6238575,0.012496499,0.363646
23456,0.9519365,0.0048170947,0.043246385
23457,0.08731529,0.0029816169,0.90970314
23458,0.94937617,0.0051307394,0.045493107
23459,0.68623346,0.018186672,0.29557985
23460,0.9668179,0.004180291,0.029001812
23461,0.7737315,0.19646731,0.02980116
23462,0.6015988,0.1044459,0.29395527
23463,0.16659418,0.03268593,0.80071986
23464,0.9697462,0.0040954086,0.026158437
23465,0.73716486,0.006812948,0.25602216
23466,0.77125627,0.0071224244,0.22162136
23467,0.7711782,0.06283398,0.16598785
23468,0.42521223,0.013595168,0.56119263
23469,0.8930985,0.0046834545,0.10221801
23470,0.14275376,0.012170867,0.8450754
23471,0.9534181,0.004629897,0.041951984
23472,0.83568746,0.0072838245,0.15702876
23473,0.009914207,0.0009868132,0.989099
23474,0.51151156,0.014280623,0.4742078
23475,0.46484992,0.0076709916,0.5274791
23476,0.9746878,0.0020801022,0.023232024
23477,0.9727816,0.008709415,0.018508932
23478,0.9754228,0.0040358226,0.020541342
23479,0.5549699,0.04738225,0.39764783
23480,0.8080757,0.010546593,0.1813777
23481,0.3615347,0.038838364,0.5996269
23482,0.9744275,0.0022128555,0.023359545
23483,0.030215029,0.004425186,0.9653598
23484,0.97100765,0.0018863215,0.02710606
23485,0.9726313,0.0074338615,0.019934868
23486,0.94433254,0.036219995,0.0194475
23487,0.3747322,0.023952147,0.6013156
23488,0.7203013,0.0074907625,0.27220798
23489,0.62310666,0.0078399815,0.3690534
23490,0.9229336,0.014173629,0.062892735
23491,0.5347149,0.009059926,0.4562252
23492,0.68068177,0.0056294133,0.3136888
23493,0.9176096,0.0064031067,0.075987294
23494,0.2901307,0.05369176,0.6561776
23495,0.8585615,0.004131135,0.13730738
23496,0.97229576,0.011117523,0.016586695
23497,0.07764429,0.0052722413,0.91708344
23498,0.9512785,0.0032211102,0.045500368
23499,0.24067898,0.0050807977,0.7542403
23500,0.08397877,0.022799546,0.8932216
23501,0.8429246,0.00863179,0.14844358
23502,0.9716513,0.010363242,0.01798541
23503,0.98544323,0.0011115243,0.01344527
23504,0.10414008,0.011687439,0.8841725
23505,0.9805331,0.0023924294,0.01707449
23506,0.87714237,0.0076257135,0.1152319
23507,0.546784,0.08892572,0.3642903
23508,0.5851732,0.093121395,0.32170543
23509,0.24082525,0.03539115,0.72378355
23510,0.40967384,0.04616549,0.54416066
23511,0.44262645,0.012674645,0.5446989
23512,0.97532165,0.0058409483,0.018837422
23513,0.87698466,0.0227344,0.10028095
23514,0.47811863,0.009387797,0.51249355
23515,0.9615062,0.0024786007,0.036015205
23516,0.35079572,0.008724073,0.6404802
23517,0.10246778,0.012395697,0.88513654
23518,0.98312473,0.0033405235,0.013534806
23519,0.97430384,0.003307894,0.022388218
23520,0.97139174,0.009968231,0.018640006
23521,0.9798988,0.004006139,0.016095085
23522,0.24816598,0.0073716855,0.7444624
23523,0.7780385,0.010457452,0.21150403
23524,0.9678303,0.0028254974,0.029344177
23525,0.98519146,0.002111702,0.012696834
23526,0.019254485,0.022424938,0.95832056
23527,0.4070393,0.007351277,0.5856094
23528,0.9724344,0.0017383004,0.0258273
23529,0.7293516,0.0071957847,0.2634526
23530,0.84579,0.0054732473,0.14873675
23531,0.60032314,0.0037769796,0.3958999
23532,0.28297338,0.0054759327,0.7115507
23533,0.80439264,0.155725,0.039882366
23534,0.6850333,0.02948823,0.28547844
23535,0.17791687,0.0060755056,0.8160076
23536,0.08726204,0.014357476,0.89838046
23537,0.72740895,0.03217011,0.24042091
23538,0.975635,0.0053431047,0.019021899
23539,0.9780975,0.0052082823,0.016694238
23540,0.46875903,0.12794612,0.4032949
23541,0.9511259,0.0038257078,0.045048427
23542,0.8745166,0.052118447,0.07336498
23543,0.9720292,0.0023269982,0.025643779
23544,0.95911884,0.0023188188,0.038562335
23545,0.94698626,0.0031128356,0.049900934
23546,0.98388404,0.0044311276,0.011684825
23547,0.9574986,0.00952712,0.03297429
23548,0.8898251,0.030370317,0.079804584
23549,0.98477805,0.003532873,0.011689064
23550,0.94476765,0.008556853,0.046675473
23551,0.814221,0.010168061,0.17561093
23552,0.96807843,0.0033535035,0.028568067
23553,0.9751764,0.010332302,0.0144912265
23554,0.96138376,0.0027743462,0.035841856
23555,0.8994411,0.0053482265,0.09521068
23556,0.9337672,0.017192796,0.049040023
23557,0.24787477,0.016828932,0.7352963
23558,0.98690367,0.0031658155,0.009930554
23559,0.9830776,0.0029528728,0.013969538
23560,0.9646043,0.011971185,0.02342453
23561,0.9417263,0.006834544,0.051439095
23562,0.94762856,0.003861902,0.04850958
23563,0.8373954,0.06145528,0.10114925
23564,0.96181047,0.004344532,0.03384504
23565,0.94979817,0.0046068383,0.045595028
23566,0.98380935,0.0049849898,0.011205611
23567,0.9628628,0.00861833,0.028518887
23568,0.8996819,0.006087349,0.0942307
23569,0.8630347,0.0037688955,0.13319637
23570,0.2757744,0.010561424,0.7136642
23571,0.8921878,0.023895014,0.08391719
23572,0.9032695,0.012535041,0.084195435
23573,0.14416358,0.08981182,0.7660246
23574,0.09023959,0.013931694,0.8958287
23575,0.032270603,0.0037464874,0.9639829
23576,0.97535646,0.0020416796,0.0226019
23577,0.6220814,0.028645355,0.3492732
23578,0.023816282,0.0028312637,0.97335243
23579,0.9737308,0.0030604315,0.023208724
23580,0.34516618,0.013360697,0.6414731
23581,0.9811085,0.0014659482,0.017425543
23582,0.9759439,0.0035109262,0.02054512
23583,0.89279634,0.0070554027,0.10014827
23584,0.4048367,0.012139785,0.5830235
23585,0.054508004,0.012702664,0.9327893
23586,0.1263997,0.030705657,0.8428946
23587,0.9029337,0.061649065,0.035417236
23588,0.009755701,0.0020875083,0.98815674
23589,0.9772126,0.0059145526,0.016872814
23590,0.9265781,0.007385848,0.06603603
23591,0.77590173,0.0074435575,0.21665469
23592,0.37855542,0.5186875,0.10275709
23593,0.049342588,0.018012164,0.93264526
23594,0.31801572,0.49993718,0.18204711
23595,0.9658983,0.002339849,0.03176187
23596,0.98360044,0.004013053,0.012386504
23597,0.31441247,0.016401349,0.66918623
23598,0.9863231,0.004307784,0.009369072
23599,0.122089356,0.0051103444,0.87280035
23600,0.7763378,0.012550648,0.21111156
23601,0.19054179,0.004780408,0.8046778
23602,0.028381318,0.0017724668,0.9698462
23603,0.1456491,0.036746457,0.8176045
23604,0.9334287,0.0034510193,0.06312028
23605,0.1645923,0.008058668,0.82734907
23606,0.9363941,0.022893738,0.040712155
23607,0.025634486,0.0027176298,0.97164786
23608,0.82677823,0.00495086,0.16827086
23609,0.018505411,0.0022315527,0.979263
23610,0.6450874,0.006461529,0.34845102
23611,0.8638943,0.043893334,0.09221239
23612,0.974195,0.0021311871,0.023673864
23613,0.34679267,0.051575687,0.60163164
23614,0.0510608,0.0069105877,0.9420286
23615,0.9852486,0.002834976,0.011916348
23616,0.9062451,0.0053182854,0.08843659
23617,0.9810914,0.0048727132,0.014035925
23618,0.95801246,0.0033568742,0.038630642
23619,0.15758725,0.0049757846,0.837437
23620,0.2517168,0.007893071,0.7403902
23621,0.9813706,0.002249029,0.01638034
23622,0.97663707,0.0015047408,0.021858165
23623,0.9753449,0.002097348,0.0225578
23624,0.7319451,0.008062595,0.2599923
23625,0.08645312,0.012850646,0.9006962
23626,0.94102895,0.018129675,0.040841326
23627,0.9550452,0.006271097,0.038683653
23628,0.90524805,0.005881599,0.08887033
23629,0.8755598,0.008817109,0.115623064
23630,0.9810791,0.0037815743,0.0151392855
23631,0.9610682,0.012427542,0.026504226
23632,0.9248074,0.004341733,0.070850834
23633,0.19101937,0.004947851,0.8040328
23634,0.74402636,0.008373463,0.24760018
23635,0.8656223,0.0075874166,0.12679027
23636,0.006988891,0.008377197,0.98463386
23637,0.9101669,0.00680847,0.08302459
23638,0.96889484,0.0018465326,0.029258639
23639,0.4430515,0.011491109,0.54545736
23640,0.9880084,0.00071772136,0.0112739
23641,0.95782375,0.0061662775,0.03600996
23642,0.8762669,0.07183522,0.05189792
23643,0.021210259,0.012303662,0.96648604
23644,0.86967105,0.004164359,0.12616459
23645,0.74730337,0.011588211,0.2411084
23646,0.9576787,0.004257307,0.038064037
23647,0.09026819,0.0070096995,0.9027222
23648,0.7848532,0.007215183,0.20793158
23649,0.94412065,0.0032199929,0.052659433
23650,0.579987,0.036131933,0.3838811
23651,0.94183207,0.040240515,0.01792745
23652,0.51969117,0.010619361,0.4696895
23653,0.2378411,0.004197608,0.75796133
23654,0.93361205,0.03156825,0.034819726
23655,0.80394405,0.15556696,0.040489007
23656,0.9820232,0.0019956671,0.015981141
23657,0.10178578,0.010283112,0.88793105
23658,0.97091967,0.0053892597,0.023691135
23659,0.89814484,0.049252022,0.05260317
23660,0.969105,0.00437167,0.026523251
23661,0.8898283,0.039781258,0.070390485
23662,0.04264285,0.01065978,0.9466974
23663,0.06854084,0.0068639154,0.9245953
23664,0.9434379,0.0032307198,0.053331457
23665,0.9422333,0.031669054,0.026097594
23666,0.593178,0.006533292,0.4002887
23667,0.03030055,0.0033857743,0.9663137
23668,0.79217666,0.0849879,0.12283543
23669,0.5518951,0.0240619,0.42404297
23670,0.96500725,0.0025468974,0.032445934
23671,0.81560487,0.02947705,0.15491807
23672,0.6777508,0.015572262,0.30667692
23673,0.020399678,0.0013490663,0.9782512
23674,0.81937325,0.005442157,0.17518462
23675,0.029596211,0.0042794137,0.9661244
23676,0.66369003,0.0067788726,0.32953104
23677,0.9255581,0.0026374604,0.071804404
23678,0.97768766,0.0025170255,0.019795367
23679,0.91153276,0.004644912,0.08382237
23680,0.865832,0.00772697,0.12644106
23681,0.019435843,0.002415087,0.978149
23682,0.960949,0.0024177972,0.03663322
23683,0.47355255,0.051045693,0.4754018
23684,0.9797069,0.0025815726,0.017711587
23685,0.9099818,0.009478353,0.0805398
23686,0.96643865,0.0019815485,0.031579882
23687,0.0070355525,0.0024218168,0.9905426
23688,0.77509713,0.024210146,0.20069268
23689,0.8086647,0.0443211,0.14701417
23690,0.038975447,0.0154445395,0.94558
23691,0.75845003,0.0058566565,0.23569337
23692,0.920337,0.038202982,0.04146002
23693,0.7731805,0.023881728,0.20293774
23694,0.9743368,0.0065938807,0.019069357
23695,0.7654559,0.08037814,0.154166
23696,0.04400183,0.0028035096,0.9531947
23697,0.97311294,0.011733673,0.015153384
23698,0.020006832,0.0064288313,0.9735643
23699,0.14128312,0.009555818,0.849161
23700,0.052057996,0.006339917,0.9416021
23701,0.9245354,0.006512317,0.06895229
23702,0.95270395,0.0024076495,0.04488838
23703,0.61776924,0.0113222925,0.37090847
23704,0.03194811,0.0066564386,0.96139544
23705,0.907126,0.009223633,0.08365035
23706,0.03397904,0.004249812,0.96177113
23707,0.96648526,0.0028232527,0.030691478
23708,0.8967973,0.004322738,0.09888
23709,0.949851,0.004756022,0.045393012
23710,0.08411894,0.012041604,0.90383947
23711,0.9859304,0.002464739,0.011604895
23712,0.90312344,0.0071558934,0.08972063
23713,0.92200613,0.020045819,0.05794802
23714,0.34950265,0.025710737,0.6247866
23715,0.93541455,0.032732572,0.03185284
23716,0.9321681,0.003917428,0.06391444
23717,0.57683194,0.005930377,0.41723767
23718,0.061286915,0.011378376,0.9273347
23719,0.09057684,0.008562268,0.9008609
23720,0.017232766,0.017635753,0.96513146
23721,0.95618457,0.0019989363,0.041816533
23722,0.6726045,0.0074347826,0.31996065
23723,0.7740102,0.010869151,0.2151206
23724,0.92754996,0.014165207,0.058284793
23725,0.28766808,0.019191578,0.6931404
23726,0.01689063,0.0044618724,0.9786475
23727,0.78495026,0.023028908,0.1920208
23728,0.096410505,0.0063792635,0.89721024
23729,0.7730365,0.020581402,0.20638205
23730,0.88236797,0.0052426453,0.11238934
23731,0.9886165,0.0036057313,0.0077777808
23732,0.8722626,0.0105137965,0.11722363
23733,0.86160547,0.014952295,0.12344229
23734,0.9624746,0.017757958,0.01976749
23735,0.944727,0.0053096567,0.049963366
23736,0.9486991,0.0027505879,0.048550315
23737,0.51739186,0.007327635,0.47528046
23738,0.013818077,0.003607166,0.98257476
23739,0.9526738,0.0018442849,0.04548193
23740,0.66071445,0.014308349,0.32497716
23741,0.019494798,0.001072035,0.9794332
23742,0.0037246544,0.0008924979,0.99538285
23743,0.24270646,0.005886151,0.75140744
23744,0.960874,0.008224793,0.030901175
23745,0.067508586,0.009393628,0.9230978
23746,0.97350085,0.00605604,0.020443162
23747,0.7736694,0.06369028,0.16264027
23748,0.14267872,0.009662443,0.8476588
23749,0.10762034,0.04537435,0.84700525
23750,0.40614295,0.013095508,0.5807615
23751,0.93641365,0.012427732,0.05115864
23752,0.74604696,0.0069197463,0.2470333
23753,0.71578074,0.012074014,0.27214524
23754,0.927572,0.013371788,0.059056148
23755,0.9645639,0.0075821197,0.027853917
23756,0.38675994,0.026814612,0.5864254
23757,0.070379674,0.01137798,0.9182423
23758,0.70875096,0.03873548,0.25251356
23759,0.9108795,0.055399872,0.033720605
23760,0.011105041,0.0067330212,0.98216194
23761,0.98942906,0.0011933886,0.009377566
23762,0.9158246,0.004253938,0.07992151
23763,0.6094944,0.03969424,0.35081142
23764,0.6466608,0.042065836,0.3112734
23765,0.9733872,0.006671719,0.019941138
23766,0.9290998,0.013481199,0.057419013
23767,0.72265846,0.1327912,0.14455031
23768,0.39982972,0.29322076,0.30694953
23769,0.9445314,0.006373216,0.04909538
23770,0.9118288,0.012369664,0.07580154
23771,0.018925484,0.0052730525,0.97580147
23772,0.954074,0.0042990563,0.041626986
23773,0.37809297,0.009268192,0.6126389
23774,0.92937034,0.018675447,0.05195422
23775,0.9221432,0.006228641,0.07162813
23776,0.9231477,0.013966192,0.06288607
23777,0.9386426,0.040364634,0.020992741
23778,0.030216428,0.02172219,0.94806135
23779,0.40462908,0.13944896,0.45592195
23780,0.8392642,0.0073990496,0.15333669
23781,0.036854845,0.017006451,0.94613874
23782,0.97561395,0.0039745113,0.020411538
23783,0.3398733,0.10813725,0.55198944
23784,0.8267109,0.013464931,0.1598242
23785,0.95653856,0.012347249,0.031114232
23786,0.96320677,0.0023291914,0.034464117
23787,0.9661393,0.011539097,0.022321636
23788,0.96435213,0.0028134347,0.03283447
23789,0.87979907,0.0040046563,0.11619626
23790,0.9375751,0.008261802,0.05416317
23791,0.8952231,0.0059643295,0.09881266
23792,0.9709706,0.0030580678,0.025971388
23793,0.9473187,0.0026976275,0.04998373
23794,0.91539687,0.027430115,0.05717306
23795,0.086663894,0.06561968,0.8477164
23796,0.008400953,0.0011544016,0.9904447
23797,0.9843982,0.0011928342,0.014409014
23798,0.98055744,0.0014088973,0.018033696
23799,0.93167126,0.003806981,0.06452172
23800,0.7307979,0.0058910367,0.26331112
23801,0.07703805,0.013114392,0.90984756
23802,0.93548125,0.026774298,0.03774444
23803,0.42759478,0.011270132,0.5611351
23804,0.91953,0.004290472,0.07617954
23805,0.8762821,0.05923863,0.064479336
23806,0.9406009,0.015068304,0.044330824
23807,0.7668604,0.09612344,0.13701613
23808,0.90346396,0.0034282336,0.09310773
23809,0.7636199,0.011121305,0.22525883
23810,0.50126624,0.06041171,0.43832207
23811,0.9728127,0.0018047937,0.025382517
23812,0.9804304,0.008282767,0.011286746
23813,0.062192522,0.010327601,0.9274799
23814,0.9767115,0.0098443525,0.01344411
23815,0.96399695,0.0044584353,0.031544626
23816,0.86509407,0.02554597,0.10935991
23817,0.38712448,0.0067985076,0.606077
23818,0.66135913,0.0057641347,0.33287668
23819,0.81442624,0.008974983,0.17659876
23820,0.9430548,0.010596337,0.0463489
23821,0.004456192,0.0020433818,0.9935004
23822,0.26147643,0.033958234,0.70456535
23823,0.9445932,0.0028067504,0.05260004
23824,0.5643488,0.0048873234,0.43076384
23825,0.8995711,0.008881086,0.09154779
23826,0.9304664,0.006524491,0.06300911
23827,0.92965347,0.0044497848,0.06589681
23828,0.072047725,0.008781631,0.9191707
23829,0.63495654,0.009415846,0.3556276
23830,0.5940452,0.1464306,0.25952417
23831,0.7957413,0.042392492,0.16186616
23832,0.96740294,0.005684869,0.026912259
23833,0.9502941,0.008587222,0.041118685
23834,0.9412163,0.009077556,0.04970621
23835,0.7506919,0.005251155,0.24405691
23836,0.650455,0.039696272,0.30984876
23837,0.023102252,0.0015340622,0.97536373
23838,0.6764158,0.007999027,0.3155852
23839,0.21615033,0.059098624,0.72475106
23840,0.14543463,0.015453333,0.83911204
23841,0.97277224,0.0039043683,0.023323348
23842,0.9517883,0.0030522808,0.045159467
23843,0.002900947,0.0018350852,0.99526393
23844,0.44544417,0.054567583,0.49998826
23845,0.9544205,0.013610053,0.03196949
23846,0.98948485,0.0020599114,0.008455279
23847,0.40902737,0.0061752773,0.5847973
23848,0.9485226,0.0030590883,0.0484183
23849,0.11864647,0.009520214,0.8718334
23850,0.7845677,0.06277541,0.15265687
23851,0.93011916,0.0028251547,0.06705569
23852,0.9529735,0.0073324237,0.039694108
23853,0.86682445,0.0065663946,0.12660913
23854,0.09045014,0.014647927,0.894902
23855,0.08543039,0.013442045,0.9011275
23856,0.93389934,0.015260165,0.05084054
23857,0.9586666,0.0027631444,0.038570262
23858,0.12004509,0.47673208,0.40322283
23859,0.97686505,0.0024952784,0.020639645
23860,0.96759707,0.003294272,0.029108629
23861,0.48037818,0.009207836,0.510414
23862,0.0365705,0.0070768613,0.95635265
23863,0.9679022,0.0041895155,0.027908305
23864,0.7105635,0.10304059,0.18639594
23865,0.7783801,0.00936776,0.21225211
23866,0.9306854,0.005733682,0.06358089
23867,0.8921723,0.04634042,0.061487332
23868,0.96512836,0.0037640007,0.031107623
23869,0.6923549,0.018230494,0.2894146
23870,0.5480726,0.17216529,0.27976218
23871,0.04505391,0.004320171,0.9506259
23872,0.73569995,0.016567534,0.24773255
23873,0.2772774,0.091376804,0.63134575
23874,0.9423562,0.013098351,0.044545434
23875,0.9544823,0.006671938,0.038845766
23876,0.93276703,0.018193096,0.04903985
23877,0.9759361,0.0077656102,0.016298277
23878,0.78751016,0.050552115,0.1619377
23879,0.083671786,0.10912345,0.8072047
23880,0.96187663,0.0018423937,0.036281012
23881,0.9399583,0.008390009,0.05165169
23882,0.6767693,0.10427387,0.21895678
23883,0.7208269,0.006447004,0.2727261
23884,0.24825464,0.026487976,0.72525734
23885,0.97217214,0.013869341,0.013958517
23886,0.9103452,0.007321588,0.08233318
23887,0.025742799,0.0024244308,0.9718328
23888,0.80765676,0.018050764,0.17429249
23889,0.97993004,0.004761649,0.015308326
23890,0.8856045,0.0069421027,0.10745338
23891,0.10797981,0.0056321886,0.88638806
23892,0.3547676,0.010561711,0.6346707
23893,0.76337904,0.008951895,0.22766908
23894,0.79774004,0.009052414,0.19320753
23895,0.02268126,0.0013908675,0.97592795
23896,0.867205,0.025000442,0.107794516
23897,0.9541207,0.007074158,0.03880517
23898,0.8848681,0.030083777,0.08504817
23899,0.949771,0.0028708659,0.04735822
23900,0.95830566,0.0018510381,0.03984334
23901,0.15591848,0.028367309,0.8157142
23902,0.8123926,0.011405514,0.1762019
23903,0.41233525,0.01858042,0.56908435
23904,0.9639471,0.003125362,0.03292749
23905,0.77831215,0.0057513565,0.21593647
23906,0.9651129,0.017301368,0.017585676
23907,0.9168845,0.016131949,0.066983595
23908,0.9921631,0.0008159886,0.007020898
23909,0.9707784,0.0011598286,0.028061774
23910,0.6488221,0.015573101,0.33560473
23911,0.01553459,0.0029589913,0.98150647
23912,0.9810246,0.0027659591,0.016209444
23913,0.96517843,0.003091354,0.031730205
23914,0.8722529,0.003466506,0.12428064
23915,0.8593519,0.004159763,0.13648838
23916,0.64626545,0.0070654266,0.34666917
23917,0.03891027,0.006487497,0.95460224
23918,0.31718683,0.05372761,0.62908554
23919,0.7281303,0.13543658,0.13643312
23920,0.9422511,0.004029279,0.053719666
23921,0.78187066,0.052584916,0.16554447
23922,0.9054518,0.0033870386,0.09116113
23923,0.9741106,0.0017875477,0.024101898
23924,0.9665168,0.0020719552,0.03141129
23925,0.86409104,0.0061775977,0.1297314
23926,0.520812,0.015887083,0.4633009
23927,0.98594415,0.0033930184,0.010662885
23928,0.9433556,0.004752102,0.051892266
23929,0.8493796,0.014773269,0.13584717
23930,0.96634454,0.0069801407,0.026675265
23931,0.87793404,0.014536644,0.10752926
23932,0.07118056,0.0030553737,0.925764
23933,0.89846057,0.026514988,0.07502445
23934,0.7433809,0.19529873,0.061320413
23935,0.9239365,0.036913376,0.039150167
23936,0.95965433,0.0038643668,0.03648134
23937,0.9873719,0.003976527,0.008651623
23938,0.777413,0.011859582,0.21072745
23939,0.39831865,0.008237858,0.5934435
23940,0.89559686,0.006622223,0.097780935
23941,0.10338622,0.004355054,0.89225876
23942,0.9597317,0.003251505,0.037016835
23943,0.9578827,0.004818797,0.03729851
23944,0.97175276,0.003488819,0.024758464
23945,0.9154925,0.006702042,0.07780548
23946,0.9785751,0.0018578176,0.019567039
23947,0.45362094,0.032868005,0.51351106
23948,0.02852607,0.008214364,0.96325964
23949,0.39811698,0.3773608,0.22452226
23950,0.83666044,0.0067078075,0.15663172
23951,0.9509865,0.008659507,0.040354047
23952,0.78078544,0.007853478,0.2113611
23953,0.71917063,0.01205528,0.2687741
23954,0.90467304,0.009374055,0.0859529
23955,0.088086195,0.0055518746,0.90636194
23956,0.97919035,0.0016781184,0.0191316
23957,0.034349337,0.020411193,0.9452395
23958,0.98921263,0.001451942,0.00933542
23959,0.9084059,0.01958327,0.07201079
23960,0.8550714,0.0078038964,0.13712464
23961,0.025105001,0.038786795,0.93610823
23962,0.8099098,0.0217145,0.16837569
23963,0.8695155,0.0032361753,0.12724832
23964,0.8779564,0.0051695076,0.116874166
23965,0.895431,0.004769023,0.099799946
23966,0.89934134,0.0050326516,0.095625974
23967,0.9327923,0.015812548,0.051395103
23968,0.9661058,0.007834552,0.026059631
23969,0.9546213,0.0058005718,0.039578144
23970,0.56538635,0.040740557,0.39387313
23971,0.7813307,0.06981629,0.14885297
23972,0.8415731,0.0064208894,0.15200602
23973,0.069160014,0.01425154,0.9165884
23974,0.7118674,0.030719837,0.25741276
23975,0.9595466,0.004338789,0.036114633
23976,0.6262441,0.07918152,0.2945744
23977,0.96629477,0.0027536904,0.030951554
23978,0.3283503,0.015225808,0.6564239
23979,0.79165167,0.004081055,0.2042673
23980,0.97325575,0.005293877,0.021450443
23981,0.87312603,0.008597279,0.118276715
23982,0.97688496,0.004281122,0.018833905
23983,0.14790207,0.014097601,0.83800036
23984,0.975245,0.004420425,0.020334555
23985,0.9476244,0.0025046908,0.04987089
23986,0.64325607,0.0743902,0.28235373
23987,0.59651047,0.0139880795,0.38950145
23988,0.40602076,0.015320626,0.5786586
23989,0.89901024,0.0058588344,0.0951309
23990,0.019428186,0.0014539942,0.9791179
23991,0.9487839,0.0034092302,0.04780694
23992,0.93453014,0.04613981,0.019330066
23993,0.9098155,0.008144355,0.08204019
23994,0.9291689,0.0033253606,0.067505814
23995,0.97561646,0.002360143,0.022023356
23996,0.98573303,0.00458603,0.009680889
23997,0.68585587,0.024953308,0.28919077
23998,0.98411685,0.0017753389,0.014107804
23999,0.11790506,0.034642193,0.84745276
24000,0.97475094,0.0043098005,0.020939289
24001,0.98302424,0.001429706,0.015545984
24002,0.01991549,0.0025181058,0.9775664
24003,0.033784088,0.0025182997,0.9636976
24004,0.7824782,0.007029571,0.2104922
24005,0.8634439,0.030709492,0.105846554
24006,0.9270991,0.0070125884,0.065888256
24007,0.4792253,0.0279226,0.49285206
24008,0.1582271,0.009688284,0.83208466
24009,0.9574628,0.023805872,0.01873135
24010,0.949253,0.0032448198,0.047502115
24011,0.1413265,0.03301161,0.82566196
24012,0.94205827,0.0033698024,0.05457188
24013,0.5503557,0.0083959075,0.44124845
24014,0.2714102,0.009476459,0.7191134
24015,0.38974446,0.2446512,0.3656043
24016,0.46718886,0.15705547,0.3757557
24017,0.98124117,0.0023999438,0.01635887
24018,0.78851855,0.010177277,0.2013042
24019,0.81858397,0.0057213493,0.17569463
24020,0.8428783,0.015068413,0.1420533
24021,0.90328205,0.005393949,0.09132398
24022,0.67227334,0.015184135,0.3125425
24023,0.96024674,0.015328718,0.024424497
24024,0.98539364,0.0024059976,0.012200278
24025,0.06019702,0.0033819573,0.936421
24026,0.24694258,0.009246178,0.74381125
24027,0.8828452,0.014670775,0.10248401
24028,0.8437674,0.07177907,0.08445355
24029,0.97275484,0.003906425,0.023338662
24030,0.92035735,0.013944083,0.06569858
24031,0.6566144,0.017119164,0.32626638
24032,0.24141647,0.10018978,0.65839374
24033,0.5330057,0.0085704755,0.45842382
24034,0.9343769,0.005385068,0.060238022
24035,0.82040155,0.15087758,0.028720882
24036,0.8798742,0.07848645,0.041639388
24037,0.9120042,0.011330338,0.07666549
24038,0.22079198,0.010892204,0.7683158
24039,0.9351913,0.010997483,0.053811256
24040,0.8730221,0.09003,0.03694794
24041,0.33857957,0.021021238,0.64039916
24042,0.68522877,0.03906336,0.2757079
24043,0.95147717,0.0030451708,0.045477662
24044,0.8291847,0.011811611,0.15900369
24045,0.9126229,0.0130009875,0.07437616
24046,0.5701711,0.061768916,0.36806
24047,0.8766402,0.06625989,0.057099886
24048,0.97251725,0.01032193,0.017160833
24049,0.6871639,0.02037349,0.29246262
24050,0.2866407,0.009852387,0.7035069
24051,0.93184257,0.0031526892,0.06500472
24052,0.93403774,0.025316322,0.040645923
24053,0.85228497,0.0070424103,0.14067264
24054,0.873067,0.002577436,0.1243555
24055,0.7169728,0.01564649,0.26738068
24056,0.15099855,0.064061366,0.78494006
24057,0.86722565,0.05775214,0.07502214
24058,0.33633304,0.0069131292,0.6567538
24059,0.98037124,0.0036573822,0.015971452
24060,0.31476492,0.005612456,0.6796226
24061,0.8854854,0.008966762,0.10554784
24062,0.015095573,0.004544056,0.9803603
24063,0.9842971,0.003963393,0.0117395185
24064,0.94072926,0.0112911835,0.047979496
24065,0.9721665,0.0036009564,0.024232512
24066,0.29607683,0.011682902,0.6922403
24067,0.6360872,0.01743494,0.3464779
24068,0.08794801,0.008208308,0.90384364
24069,0.36144844,0.005341793,0.63320976
24070,0.96041614,0.0045448537,0.035038974
24071,0.49250564,0.11456865,0.3929257
24072,0.09229023,0.0029648656,0.904745
24073,0.95306486,0.027400967,0.019534227
24074,0.96963656,0.0034794474,0.026883984
24075,0.05061901,0.039323006,0.910058
24076,0.95167565,0.0019594226,0.04636486
24077,0.96207476,0.0033778795,0.034547318
24078,0.9751306,0.009307845,0.01556149
24079,0.8416725,0.12637445,0.031953078
24080,0.6130767,0.017668996,0.36925435
24081,0.65635866,0.014894883,0.32874647
24082,0.9526698,0.0056946976,0.041635554
24083,0.02038031,0.0063816225,0.9732381
24084,0.7196168,0.007875961,0.2725073
24085,0.93219775,0.003563139,0.064239085
24086,0.9888553,0.004469762,0.006674945
24087,0.970009,0.0033105642,0.026680361
24088,0.8470687,0.0072481646,0.14568311
24089,0.75560653,0.0077037876,0.23668966
24090,0.93253124,0.0044798222,0.062988915
24091,0.98525476,0.0037834807,0.01096176
24092,0.8410975,0.00883145,0.1500711
24093,0.85269874,0.0039338167,0.14336741
24094,0.54949814,0.055664152,0.39483774
24095,0.7108444,0.006878723,0.28227684
24096,0.39940625,0.059478566,0.54111516
24097,0.9023048,0.0072266413,0.09046855
24098,0.96284366,0.008590161,0.028566133
24099,0.9551087,0.004173488,0.040717755
24100,0.15753096,0.01144168,0.8310274
24101,0.73593086,0.015597875,0.24847126
24102,0.9042768,0.039610483,0.056112707
24103,0.48010007,0.008195957,0.51170397
24104,0.9265825,0.018625313,0.05479221
24105,0.8859037,0.007492698,0.10660357
24106,0.83262455,0.08214475,0.085230745
24107,0.84093624,0.037730552,0.12133321
24108,0.7329544,0.0036823533,0.26336327
24109,0.21189125,0.009773613,0.77833515
24110,0.976193,0.0018399017,0.021967148
24111,0.80576706,0.013021963,0.18121101
24112,0.58068895,0.013184374,0.40612665
24113,0.046521682,0.004271812,0.94920653
24114,0.5699324,0.017123753,0.41294387
24115,0.6984972,0.004252787,0.29725003
24116,0.98043525,0.00202633,0.017538358
24117,0.89880913,0.0072635883,0.09392725
24118,0.8544486,0.004147457,0.14140394
24119,0.96656615,0.015471716,0.01796215
24120,0.72529393,0.018782906,0.25592318
24121,0.15427247,0.018469894,0.8272576
24122,0.9827833,0.0017398716,0.015476753
24123,0.83345354,0.0048490237,0.16169746
24124,0.27746743,0.08584711,0.6366855
24125,0.9559564,0.0034103573,0.040633317
24126,0.9226043,0.006488633,0.07090709
24127,0.5646804,0.0077193696,0.4276002
24128,0.51442426,0.04528622,0.4402895
24129,0.14050406,0.009704977,0.849791
24130,0.17774066,0.009090536,0.8131688
24131,0.9561837,0.00964106,0.034175243
24132,0.014302561,0.0025794657,0.98311794
24133,0.9175856,0.032122657,0.05029177
24134,0.86813426,0.0046834205,0.12718226
24135,0.893633,0.0035762808,0.102790676
24136,0.9751602,0.0028453085,0.021994432
24137,0.9795207,0.0021539489,0.018325344
24138,0.95955527,0.0024284157,0.03801624
24139,0.025780225,0.009387121,0.9648326
24140,0.90660346,0.06378454,0.029612001
24141,0.98021656,0.0016569801,0.018126521
24142,0.89522,0.009469873,0.09531012
24143,0.80771446,0.01129015,0.18099542
24144,0.07123275,0.009576718,0.9191905
24145,0.24724069,0.019635132,0.73312414
24146,0.8917982,0.058147676,0.050054073
24147,0.917852,0.0030484535,0.0790996
24148,0.29751995,0.24152844,0.46095163
24149,0.023618946,0.0024775171,0.97390354
24150,0.8602072,0.004141875,0.13565093
24151,0.961826,0.00894139,0.029232591
24152,0.95139503,0.002165557,0.04643942
24153,0.9745987,0.0014950138,0.023906242
24154,0.5937236,0.16139814,0.24487823
24155,0.20884891,0.027591702,0.7635594
24156,0.096000455,0.16247076,0.74152875
24157,0.9702795,0.002043142,0.027677353
24158,0.97854483,0.003286604,0.018168544
24159,0.952292,0.0053908913,0.042317115
24160,0.9038278,0.0048772427,0.09129497
24161,0.3780206,0.023587529,0.59839183
24162,0.88501924,0.011531268,0.10344952
24163,0.9863712,0.0013482589,0.012280524
24164,0.7950099,0.005363615,0.19962649
24165,0.4187347,0.17033997,0.41092533
24166,0.93974316,0.01436696,0.04588985
24167,0.84753394,0.004915253,0.14755076
24168,0.9675964,0.0028511826,0.02955243
24169,0.97354615,0.0024281896,0.024025671
24170,0.64077616,0.007850376,0.35137352
24171,0.91950405,0.004372372,0.07612353
24172,0.21325101,0.0052023437,0.78154665
24173,0.14017029,0.054327082,0.8055026
24174,0.7720941,0.006725819,0.22118013
24175,0.504338,0.010472939,0.48518905
24176,0.9899665,0.0016765288,0.008356946
24177,0.79318243,0.041742444,0.16507508
24178,0.9506833,0.002382394,0.046934247
24179,0.7259749,0.02193622,0.25208887
24180,0.61091536,0.0070833564,0.38200128
24181,0.9818556,0.0059158094,0.012228611
24182,0.9842577,0.0014639859,0.014278344
24183,0.90905434,0.016181452,0.07476425
24184,0.6477115,0.013347424,0.3389411
24185,0.9875409,0.0010786516,0.0113804685
24186,0.61363834,0.0064030783,0.37995857
24187,0.9569577,0.0044319355,0.038610347
24188,0.91540617,0.016822923,0.06777096
24189,0.68369955,0.007134824,0.30916563
24190,0.9464307,0.023000246,0.030569013
24191,0.6181165,0.012311579,0.36957192
24192,0.9114763,0.0026983328,0.08582543
24193,0.9695469,0.0028552753,0.027597781
24194,0.3144665,0.011611209,0.6739223
24195,0.025282295,0.0028850427,0.9718327
24196,0.98888284,0.0011604999,0.009956716
24197,0.020584853,0.0015001189,0.97791505
24198,0.98365396,0.0023091312,0.014036905
24199,0.012307053,0.0023080877,0.9853849
24200,0.4808577,0.01470373,0.5044386
24201,0.27474493,0.007820965,0.71743417
24202,0.7315415,0.044855084,0.22360334
24203,0.11495895,0.046154108,0.838887
24204,0.6711454,0.031691886,0.2971627
24205,0.47031888,0.01141488,0.51826626
24206,0.3083817,0.31407988,0.37753844
24207,0.74547005,0.019094935,0.23543502
24208,0.3199807,0.008893699,0.6711256
24209,0.96317565,0.0028205244,0.034003805
24210,0.78504944,0.023525476,0.19142514
24211,0.9649253,0.0028670856,0.03220765
24212,0.14647126,0.022836128,0.8306926
24213,0.64012647,0.0884015,0.271472
24214,0.9628404,0.002472774,0.03468683
24215,0.54743254,0.009411564,0.44315588
24216,0.0051371143,0.0014952407,0.9933676
24217,0.0028678891,0.00062752835,0.99650455
24218,0.93728614,0.002653502,0.060060326
24219,0.97298074,0.0034839076,0.023535397
24220,0.8493687,0.0035327286,0.14709859
24221,0.77102834,0.04582991,0.18314171
24222,0.9770308,0.001613312,0.021355879
24223,0.8993714,0.029564083,0.07106446
24224,0.9773985,0.0016857141,0.020915784
24225,0.5159007,0.053683292,0.43041605
24226,0.044025756,0.006156964,0.9498173
24227,0.7630193,0.017565757,0.21941486
24228,0.96553284,0.0023122244,0.032155003
24229,0.92099947,0.04142346,0.037577026
24230,0.6549877,0.005287537,0.33972478
24231,0.9843152,0.0048169713,0.010867839
24232,0.65805006,0.019539895,0.32241005
24233,0.45750552,0.0072477735,0.53524673
24234,0.93289006,0.0094528785,0.057657063
24235,0.9351894,0.014354285,0.05045624
24236,0.96867865,0.0030318617,0.028289452
24237,0.8899919,0.01799081,0.09201731
24238,0.14599799,0.008882633,0.8451194
24239,0.8157055,0.009854395,0.17444015
24240,0.714012,0.0048703323,0.28111765
24241,0.95944095,0.0062582707,0.03430077
24242,0.13302703,0.0076745152,0.85929847
24243,0.5610682,0.17113695,0.2677949
24244,0.026316447,0.0069763074,0.9667072
24245,0.8596637,0.005202893,0.13513343
24246,0.92864364,0.030351248,0.041005086
24247,0.8943768,0.0044535683,0.101169646
24248,0.8656339,0.018222943,0.11614318
24249,0.69578636,0.0047347974,0.29947886
24250,0.7644509,0.006379063,0.22917002
24251,0.5736737,0.0090385955,0.41728768
24252,0.985967,0.001002311,0.013030723
24253,0.4769464,0.4572729,0.06578072
24254,0.97137433,0.010353921,0.018271785
24255,0.9804654,0.0014844134,0.01805018
24256,0.89862466,0.01560697,0.08576844
24257,0.48811725,0.015877122,0.49600562
24258,0.9400166,0.007083569,0.05289983
24259,0.10418831,0.025947211,0.8698645
24260,0.9843985,0.0014504197,0.014151112
24261,0.93211657,0.0027931712,0.065090306
24262,0.9831702,0.0025621038,0.014267656
24263,0.92415935,0.013330502,0.06251015
24264,0.70379347,0.008319646,0.2878869
24265,0.26015064,0.025931975,0.7139174
24266,0.88265336,0.0056673465,0.11167924
24267,0.2945383,0.053089622,0.65237206
24268,0.8634997,0.013697676,0.12280256
24269,0.007926175,0.0015706779,0.9905032
24270,0.9790006,0.0011500345,0.019849341
24271,0.9315282,0.0037791114,0.06469267
24272,0.041645397,0.010627741,0.94772685
24273,0.33450106,0.0093436865,0.6561553
24274,0.01023595,0.008227825,0.9815362
24275,0.42400998,0.032577083,0.5434129
24276,0.96115685,0.0067883646,0.032054797
24277,0.48558107,0.0043177223,0.5101012
24278,0.9701812,0.006675147,0.023143569
24279,0.8648847,0.02110096,0.11401437
24280,0.37125129,0.007951966,0.6207967
24281,0.21512735,0.047900993,0.7369717
24282,0.9582101,0.0035530236,0.03823691
24283,0.7042362,0.098542236,0.1972216
24284,0.85011476,0.013059517,0.13682573
24285,0.9765291,0.0033811405,0.020089751
24286,0.8889864,0.029628696,0.081384875
24287,0.049139354,0.008312242,0.9425484
24288,0.9368417,0.00919097,0.053967275
24289,0.5658973,0.014875816,0.41922694
24290,0.47794124,0.092044815,0.43001392
24291,0.77495134,0.0405454,0.1845033
24292,0.80279267,0.12303971,0.07416758
24293,0.9517298,0.0042227316,0.04404756
24294,0.9381744,0.0056950036,0.05613056
24295,0.18417814,0.030228011,0.78559387
24296,0.61100364,0.08880358,0.30019274
24297,0.99072415,0.001122941,0.008152914
24298,0.058973487,0.018354468,0.9226721
24299,0.8262385,0.004530445,0.16923101
24300,0.99029666,0.0013394323,0.008363955
24301,0.5884385,0.005700992,0.40586045
24302,0.5090329,0.023468206,0.4674989
24303,0.9566778,0.014298631,0.029023575
24304,0.43047464,0.009785799,0.55973953
24305,0.7739344,0.040850762,0.18521477
24306,0.9617137,0.003608941,0.034677368
24307,0.9481997,0.0031400567,0.04866021
24308,0.28907382,0.4824497,0.22847642
24309,0.078155644,0.0030489627,0.91879535
24310,0.98314106,0.0011669433,0.015691988
24311,0.9835306,0.0010625386,0.015406911
24312,0.8843989,0.0051441696,0.11045701
24313,0.8492813,0.020608427,0.13011025
24314,0.90767473,0.0045743193,0.08775097
24315,0.9729427,0.0046818973,0.02237542
24316,0.82466924,0.006447215,0.1688835
24317,0.94737655,0.003777092,0.048846427
24318,0.6410541,0.010988174,0.3479578
24319,0.81884223,0.009730221,0.17142755
24320,0.8697902,0.0024692728,0.12774058
24321,0.25808027,0.019223308,0.72269636
24322,0.9522209,0.020180183,0.027598966
24323,0.80746603,0.048165075,0.14436887
24324,0.7626229,0.091177694,0.14619942
24325,0.80855954,0.007749774,0.18369065
24326,0.9665981,0.0041292696,0.029272696
24327,0.9329773,0.0036553442,0.06336735
24328,0.9013018,0.019799104,0.07889906
24329,0.042361088,0.010963367,0.9466755
24330,0.9575864,0.0064432533,0.035970386
24331,0.91115284,0.0048915967,0.08395552
24332,0.20915073,0.04226312,0.7485861
24333,0.8491381,0.07769256,0.073169336
24334,0.9025338,0.02137706,0.07608914
24335,0.10028594,0.012620424,0.8870936
24336,0.70735997,0.007610139,0.28502986
24337,0.03097158,0.003993822,0.96503466
24338,0.9845375,0.00149908,0.013963431
24339,0.9165313,0.037612136,0.04585649
24340,0.94333804,0.004474985,0.052187
24341,0.67271507,0.13016874,0.19711621
24342,0.8870223,0.010388356,0.1025893
24343,0.864065,0.0048048627,0.13113014
24344,0.64687204,0.005601513,0.34752646
24345,0.9535655,0.0030480165,0.04338656
24346,0.71182853,0.011506563,0.27666494
24347,0.9063425,0.004500906,0.089156605
24348,0.47146183,0.005916602,0.5226216
24349,0.96198946,0.003945193,0.034065288
24350,0.012045852,0.0013362993,0.98661786
24351,0.9422509,0.011824848,0.04592428
24352,0.08122009,0.002604318,0.91617554
24353,0.91150033,0.021913415,0.06658623
24354,0.96218413,0.0068578366,0.030957999
24355,0.98544574,0.0018594438,0.01269482
24356,0.9240518,0.010203919,0.06574425
24357,0.00361808,0.0023506794,0.99403125
24358,0.9829838,0.0019022174,0.015113929
24359,0.27261278,0.050472476,0.67691475
24360,0.14732064,0.005885846,0.8467935
24361,0.85932034,0.013870573,0.12680906
24362,0.98660266,0.0030662054,0.010331148
24363,0.743947,0.0034883658,0.25256464
24364,0.5070616,0.004151909,0.4887865
24365,0.87896967,0.014909958,0.106120385
24366,0.84755826,0.0049389754,0.1475028
24367,0.10135738,0.7833993,0.11524333
24368,0.9209895,0.014800123,0.064210355
24369,0.2275237,0.008614127,0.7638622
24370,0.06384344,0.00260566,0.93355083
24371,0.937218,0.011100672,0.051681317
24372,0.31938878,0.05742174,0.62318945
24373,0.9639524,0.0033298295,0.03271776
24374,0.65295887,0.016720032,0.3303211
24375,0.744216,0.08133632,0.17444763
24376,0.16874246,0.010238321,0.82101923
24377,0.021968352,0.005963685,0.97206795
24378,0.89308393,0.016021231,0.09089483
24379,0.8958142,0.018963534,0.08522233
24380,0.35515177,0.013341412,0.63150686
24381,0.838312,0.0076018577,0.1540862
24382,0.8317555,0.0027883153,0.16545618
24383,0.017908191,0.0040336316,0.97805816
24384,0.97066575,0.005493487,0.023840811
24385,0.8175324,0.021223132,0.16124438
24386,0.062100425,0.005930698,0.93196887
24387,0.94570506,0.007965613,0.046329387
24388,0.9541736,0.003306832,0.042519566
24389,0.9230431,0.0035178894,0.073439054
24390,0.97628164,0.0100815,0.013636945
24391,0.2069836,0.02203339,0.770983
24392,0.8102464,0.012836763,0.17691685
24393,0.9168063,0.0036855228,0.079508215
24394,0.48078287,0.34272462,0.17649251
24395,0.91804796,0.0033629637,0.07858906
24396,0.92317134,0.011044468,0.06578416
24397,0.23638405,0.008898706,0.75471723
24398,0.8977537,0.049965646,0.05228067
24399,0.042160865,0.003160202,0.9546789
24400,0.059309103,0.022111468,0.91857946
24401,0.9011509,0.064720765,0.034128316
24402,0.9634049,0.0024487246,0.03414645
24403,0.8975205,0.012552421,0.08992713
24404,0.45807594,0.082608365,0.4593157
24405,0.82782596,0.0067228577,0.16545118
24406,0.42806688,0.075498745,0.49643442
24407,0.92776734,0.0052056084,0.067026995
24408,0.74128604,0.01527499,0.24343894
24409,0.024200123,0.0031709177,0.972629
24410,0.03630295,0.004320163,0.9593769
24411,0.93819994,0.021671433,0.04012859
24412,0.5070291,0.012174925,0.48079598
24413,0.7119281,0.23721966,0.050852187
24414,0.7087802,0.01884415,0.2723756
24415,0.183675,0.01323363,0.80309135
24416,0.12512861,0.42159346,0.45327795
24417,0.9857107,0.0049349377,0.00935437
24418,0.06256481,0.013531755,0.9239034
24419,0.9587868,0.010085017,0.031128157
24420,0.8161951,0.005625304,0.17817962
24421,0.110458516,0.0048260395,0.88471544
24422,0.8413729,0.0845621,0.074065015
24423,0.6902478,0.0120339785,0.29771826
24424,0.8916874,0.004154858,0.10415778
24425,0.9361903,0.0024780587,0.061331652
24426,0.021372827,0.003904129,0.97472304
24427,0.9522046,0.009276867,0.038518522
24428,0.72351843,0.20980652,0.066675015
24429,0.87585115,0.004671201,0.11947762
24430,0.7820225,0.17102267,0.04695485
24431,0.31766868,0.020174995,0.6621563
24432,0.9751595,0.0032874553,0.021553019
24433,0.9743318,0.0035782184,0.022089949
24434,0.40084487,0.02152106,0.5776341
24435,0.97443175,0.0028443248,0.022723928
24436,0.08032782,0.005945438,0.91372675
24437,0.9427391,0.0045351903,0.052725602
24438,0.68099165,0.00930235,0.309706
24439,0.31629252,0.52643085,0.15727662
24440,0.6411124,0.18806058,0.170827
24441,0.029665472,0.0065163006,0.9638182
24442,0.9425936,0.0098787295,0.04752769
24443,0.9461828,0.015218765,0.038598385
24444,0.9648519,0.007149106,0.027999014
24445,0.9804969,0.0040346566,0.015468397
24446,0.9064672,0.0060554715,0.08747736
24447,0.96346205,0.0036830127,0.032854915
24448,0.83084244,0.01493209,0.15422545
24449,0.9474204,0.0029380547,0.049641572
24450,0.9679909,0.003302569,0.028706515
24451,0.8549103,0.0049518817,0.14013782
24452,0.9326966,0.004609077,0.062694274
24453,0.028118493,0.0019486506,0.96993285
24454,0.0067165885,0.0016511843,0.9916323
24455,0.46595916,0.01986035,0.5141805
24456,0.47469172,0.005546327,0.519762
24457,0.10792578,0.0050794706,0.8869947
24458,0.11961965,0.018832186,0.8615482
24459,0.24538237,0.030781478,0.7238361
24460,0.9487445,0.0025587643,0.048696805
24461,0.52296865,0.13617313,0.34085822
24462,0.97511804,0.0024758566,0.022406058
24463,0.9491479,0.0026933432,0.04815872
24464,0.6467248,0.0064676334,0.34680757
24465,0.7913526,0.019652523,0.18899487
24466,0.93571717,0.0031646253,0.061118223
24467,0.0806318,0.091207005,0.8281612
24468,0.0413746,0.0018320568,0.9567933
24469,0.6436898,0.014269562,0.34204066
24470,0.90717524,0.020668972,0.07215574
24471,0.19226478,0.01756648,0.7901687
24472,0.9165027,0.008351492,0.07514577
24473,0.961404,0.0040125814,0.03458339
24474,0.5090685,0.009662591,0.48126894
24475,0.93058133,0.0027200938,0.066698626
24476,0.37533206,0.007562833,0.61710507
24477,0.745906,0.024904937,0.22918908
24478,0.35120848,0.04087932,0.60791224
24479,0.89468634,0.0073039304,0.09800975
24480,0.9459931,0.03878068,0.015226229
24481,0.86942625,0.0036948218,0.12687893
24482,0.96531737,0.011507081,0.023175582
24483,0.9070757,0.046607893,0.04631641
24484,0.97262156,0.012708207,0.0146703
24485,0.9406077,0.0076177274,0.051774528
24486,0.8518954,0.0055898987,0.14251466
24487,0.83575624,0.019752633,0.14449117
24488,0.69861114,0.0066891606,0.2946997
24489,0.5722083,0.02723552,0.40055624
24490,0.95158046,0.00425094,0.04416859
24491,0.9716797,0.008382335,0.01993799
24492,0.80003846,0.015936388,0.1840252
24493,0.96945107,0.002268028,0.028280856
24494,0.9455056,0.004209009,0.050285365
24495,0.545739,0.012347343,0.4419137
24496,0.92722464,0.006652248,0.06612305
24497,0.34809017,0.06657509,0.5853347
24498,0.9589691,0.010162586,0.030868284
24499,0.8344694,0.01922494,0.14630571
24500,0.7298975,0.014322837,0.25577968
24501,0.20821625,0.00510991,0.7866739
24502,0.952408,0.019415021,0.028176984
24503,0.9896578,0.0009985289,0.009343647
24504,0.9838313,0.0069555943,0.009213146
24505,0.8206452,0.008534857,0.17081998
24506,0.11467315,0.0039913915,0.88133544
24507,0.5476136,0.14025722,0.3121292
24508,0.35810068,0.00835563,0.6335437
24509,0.5205943,0.011477331,0.46792838
24510,0.95367587,0.0033775854,0.042946536
24511,0.75417954,0.0054205516,0.24039988
24512,0.982054,0.0021915156,0.015754463
24513,0.9616832,0.020434733,0.017882071
24514,0.9767592,0.0057583135,0.017482532
24515,0.89790285,0.015471765,0.08662534
24516,0.8841729,0.022460595,0.09336647
24517,0.014234516,0.0017861278,0.98397934
24518,0.7679673,0.19394879,0.03808389
24519,0.22699887,0.0050080414,0.7679931
24520,0.7823076,0.12354775,0.0941446
24521,0.90406525,0.033510443,0.062424358
24522,0.91920763,0.003441625,0.07735069
24523,0.9662869,0.016134042,0.017579056
24524,0.49995935,0.03233071,0.46771
24525,0.97799885,0.0026664708,0.019334704
24526,0.9574759,0.0031469,0.039377205
24527,0.9780634,0.0047856392,0.017150933
24528,0.79853153,0.0071685445,0.19429994
24529,0.9376782,0.004626951,0.057694845
24530,0.019356593,0.0027167762,0.9779267
24531,0.9386165,0.00528084,0.05610267
24532,0.28985044,0.07496598,0.6351836
24533,0.96831715,0.002093208,0.029589584
24534,0.010884988,0.0026493124,0.98646563
24535,0.9330472,0.004690595,0.062262252
24536,0.97084224,0.0020526783,0.027105028
24537,0.81891507,0.0070116753,0.17407325
24538,0.96343166,0.009715774,0.026852556
24539,0.93237543,0.0041986955,0.06342587
24540,0.79440904,0.0265252,0.1790658
24541,0.9629884,0.0067080026,0.03030358
24542,0.96837413,0.0047492213,0.026876666
24543,0.9365155,0.008382569,0.055101983
24544,0.96699566,0.0021681848,0.03083614
24545,0.9460697,0.005762617,0.04816767
24546,0.9572805,0.0044038636,0.038315654
24547,0.96725446,0.00245142,0.030294115
24548,0.78562635,0.006675108,0.2076985
24549,0.47207472,0.055129305,0.47279596
24550,0.041962624,0.014414711,0.94362265
24551,0.87214774,0.008854293,0.11899803
24552,0.88628054,0.005904126,0.10781533
24553,0.76153207,0.0050455066,0.23342244
24554,0.97705317,0.008972785,0.013974046
24555,0.5066813,0.3069353,0.18638337
24556,0.9564513,0.0058698407,0.037678793
24557,0.9363286,0.0033321218,0.06033929
24558,0.27977917,0.22289291,0.49732786
24559,0.7333242,0.023459028,0.24321672
24560,0.4999212,0.14177369,0.35830513
24561,0.78246194,0.02114049,0.19639759
24562,0.13218056,0.025285998,0.84253347
24563,0.8393014,0.10457347,0.05612514
24564,0.8570387,0.022389237,0.12057206
24565,0.7580669,0.0069669555,0.23496619
24566,0.41480705,0.015034461,0.5701585
24567,0.8232286,0.09718267,0.07958869
24568,0.98272324,0.002296249,0.014980567
24569,0.7961573,0.006477758,0.19736496
24570,0.945369,0.0028977562,0.051733285
24571,0.9031491,0.0068391548,0.0900117
24572,0.9514263,0.023567062,0.025006609
24573,0.051454257,0.0032640717,0.9452816
24574,0.6902609,0.009183843,0.30055532
24575,0.04670076,0.0033850628,0.9499141
24576,0.75340533,0.0041052783,0.24248941
24577,0.9615643,0.0026348995,0.035800822
24578,0.96866614,0.0059036487,0.025430245
24579,0.3392617,0.022721248,0.638017
24580,0.9747045,0.013028895,0.012266572
24581,0.94621795,0.032150734,0.02163128
24582,0.91340953,0.03885593,0.047734533
24583,0.106456034,0.0074795033,0.88606447
24584,0.56582826,0.10149049,0.3326812
24585,0.96500623,0.0019515693,0.03304219
24586,0.36732534,0.007325394,0.6253492
24587,0.7829386,0.007893551,0.20916778
24588,0.107287854,0.04378631,0.8489258
24589,0.92767555,0.02359813,0.04872639
24590,0.979684,0.0034447208,0.016871262
24591,0.73022765,0.01854968,0.25122267
24592,0.12775669,0.01027943,0.8619639
24593,0.9084603,0.016410543,0.07512912
24594,0.08442983,0.005429937,0.9101403
24595,0.9503615,0.00412041,0.045518048
24596,0.97279674,0.0063451794,0.020858156
24597,0.84695953,0.033252314,0.1197882
24598,0.9615459,0.0043510455,0.034103125
24599,0.9850167,0.0064468896,0.008536393
24600,0.94161564,0.0085275415,0.04985679
24601,0.9642128,0.0031865467,0.03260069
24602,0.91982055,0.0061679604,0.074011475
24603,0.73021215,0.0065643177,0.26322353
24604,0.9108735,0.021715732,0.06741083
24605,0.78435105,0.009413473,0.20623548
24606,0.013672174,0.002907159,0.98342067
24607,0.29766667,0.04716633,0.655167
24608,0.82797533,0.06272128,0.10930343
24609,0.9802522,0.0031085634,0.016639305
24610,0.34334812,0.016022695,0.6406292
24611,0.06646675,0.008746243,0.92478704
24612,0.7602658,0.006338833,0.23339534
24613,0.14931224,0.01703412,0.8336536
24614,0.803657,0.003817758,0.19252527
24615,0.037254862,0.0058818217,0.9568633
24616,0.9728503,0.001728752,0.025420997
24617,0.22320864,0.0057263393,0.771065
24618,0.91100806,0.002872295,0.08611961
24619,0.8770903,0.007922826,0.11498695
24620,0.03895838,0.04854919,0.91249245
24621,0.98538905,0.0008263711,0.013784586
24622,0.8888405,0.062156253,0.04900327
24623,0.9339696,0.0057310048,0.060299408
24624,0.98125494,0.0017446926,0.017000416
24625,0.6897418,0.02493483,0.28532335
24626,0.9501135,0.015654506,0.034232035
24627,0.80308807,0.0062090093,0.1907029
24628,0.9758724,0.0075546266,0.016572926
24629,0.3506156,0.012619514,0.63676494
24630,0.9433949,0.0037374168,0.052867737
24631,0.66026396,0.011568437,0.32816762
24632,0.974778,0.005282093,0.019939903
24633,0.23970705,0.02794764,0.73234534
24634,0.77472186,0.004755714,0.22052242
24635,0.19324286,0.00986765,0.7968895
24636,0.8669216,0.013193584,0.119884886
24637,0.030099845,0.002530581,0.96736956
24638,0.9463298,0.0025510958,0.05111909
24639,0.10590111,0.06534308,0.8287558
24640,0.8813916,0.010553634,0.10805476
24641,0.9662968,0.005456901,0.028246325
24642,0.8840492,0.08937388,0.026576921
24643,0.38119966,0.117362715,0.5014376
24644,0.9876271,0.0043669166,0.008005961
24645,0.81083363,0.07138075,0.117785685
24646,0.7931445,0.009851836,0.19700368
24647,0.9882449,0.0013081477,0.010447013
24648,0.90779966,0.006204509,0.085995845
24649,0.97128916,0.0049257874,0.023785083
24650,0.15722275,0.006128233,0.83664906
24651,0.8028596,0.00787963,0.18926072
24652,0.9070927,0.0056767603,0.087230526
24653,0.98358226,0.0016702153,0.014747557
24654,0.033081714,0.0028432552,0.9640751
24655,0.92759836,0.015121471,0.057280157
24656,0.8739373,0.007615452,0.11844722
24657,0.007018527,0.0021503468,0.9908311
24658,0.6757877,0.008562727,0.3156496
24659,0.01016585,0.0032858748,0.98654824
24660,0.98059124,0.002151958,0.017256767
24661,0.47621843,0.009549973,0.5142316
24662,0.94732904,0.0035441676,0.04912683
24663,0.9393858,0.0022667572,0.05834747
24664,0.0055269264,0.005633635,0.98883945
24665,0.9696316,0.008489916,0.021878434
24666,0.112544,0.02314844,0.8643076
24667,0.95221204,0.0066241715,0.04116382
24668,0.96422553,0.0026461938,0.033128273
24669,0.8616222,0.05865809,0.07971975
24670,0.93922234,0.015864257,0.04491344
24671,0.08985629,0.008288588,0.9018551
24672,0.91869766,0.017033057,0.064269304
24673,0.97660214,0.00418036,0.019217506
24674,0.3677516,0.519619,0.11262945
24675,0.8161705,0.0058183456,0.17801113
24676,0.9533933,0.026276162,0.020330561
24677,0.025608342,0.0028106002,0.9715811
24678,0.96991843,0.002399938,0.02768168
24679,0.9753201,0.0017020778,0.02297779
24680,0.4402046,0.0355715,0.5242239
24681,0.0056640524,0.0029255967,0.99141043
24682,0.50153124,0.013537735,0.484931
24683,0.91714346,0.004165674,0.078690864
24684,0.9547919,0.0035772307,0.041630834
24685,0.74968207,0.026917692,0.22340024
24686,0.805203,0.004680353,0.19011663
24687,0.2580808,0.008023371,0.7338958
24688,0.031993873,0.035216823,0.9327893
24689,0.5753849,0.030510245,0.3941048
24690,0.88965505,0.0135375345,0.09680747
24691,0.8196803,0.027056053,0.15326366
24692,0.1714609,0.012242682,0.8162964
24693,0.87566745,0.006408634,0.11792392
24694,0.8120758,0.037528727,0.15039553
24695,0.9910704,0.001149888,0.007779723
24696,0.937563,0.0049348623,0.057502117
24697,0.9605708,0.008154249,0.031275
24698,0.90138465,0.01417768,0.084437646
24699,0.9309712,0.0020551293,0.066973664
24700,0.4398445,0.019519532,0.54063594
24701,0.9005941,0.0054736505,0.093932204
24702,0.7847762,0.018928133,0.1962956
24703,0.12185209,0.0071047833,0.87104315
24704,0.9633611,0.0016591302,0.034979854
24705,0.95365936,0.004123202,0.042217482
24706,0.9892231,0.001132852,0.009644057
24707,0.9512139,0.0024046851,0.046381358
24708,0.9568251,0.016913466,0.026261473
24709,0.84414107,0.007414307,0.1484446
24710,0.9237311,0.008204864,0.068064
24711,0.9787886,0.010175345,0.011036004
24712,0.96850204,0.006193443,0.025304474
24713,0.94865245,0.0083267195,0.043020822
24714,0.00667147,0.0027015626,0.99062693
24715,0.98204345,0.005361317,0.012595264
24716,0.06163548,0.010546514,0.92781806
24717,0.77814543,0.012373534,0.20948097
24718,0.63564795,0.011834402,0.35251766
24719,0.9559262,0.008545169,0.035528593
24720,0.42562014,0.011585464,0.5627944
24721,0.58678484,0.009393872,0.40382126
24722,0.97010416,0.0019802912,0.027915586
24723,0.70491844,0.055440128,0.23964138
24724,0.93707716,0.021358475,0.041564308
24725,0.9085745,0.018566998,0.072858475
24726,0.9713842,0.0011501118,0.027465697
24727,0.5031926,0.0452247,0.45158267
24728,0.9364611,0.023449995,0.04008887
24729,0.9895286,0.0011168031,0.009354637
24730,0.09978072,0.0042016353,0.8960177
24731,0.9453497,0.0051767207,0.04947357
24732,0.9853415,0.0021031573,0.0125553645
24733,0.8632001,0.019065425,0.1177345
24734,0.631433,0.058905907,0.30966106
24735,0.9830707,0.0032602844,0.0136690345
24736,0.5398357,0.012429809,0.4477345
24737,0.98625016,0.0022793065,0.011470487
24738,0.82559246,0.005738417,0.16866916
24739,0.98757744,0.0014349993,0.010987553
24740,0.9631591,0.007429444,0.029411435
24741,0.1620589,0.0050593773,0.8328817
24742,0.9795797,0.0014314076,0.018988967
24743,0.92890906,0.008892113,0.06219882
24744,0.9553252,0.0020813164,0.04259358
24745,0.66764635,0.029256959,0.30309665
24746,0.95982563,0.014627896,0.025546454
24747,0.44786176,0.018217813,0.53392047
24748,0.11855846,0.018961446,0.8624801
24749,0.84777397,0.049734186,0.10249186
24750,0.11625876,0.008414158,0.8753271
24751,0.31469136,0.1336611,0.55164754
24752,0.953065,0.009053623,0.037881445
24753,0.96868694,0.010963326,0.020349745
24754,0.97591704,0.0015444526,0.022538507
24755,0.9638037,0.004677258,0.03151908
24756,0.98112774,0.005341087,0.013531198
24757,0.5689145,0.08751218,0.34357333
24758,0.32847264,0.21979491,0.45173243
24759,0.96981806,0.003743545,0.026438454
24760,0.33988723,0.013653922,0.6464588
24761,0.10046891,0.0067772646,0.89275384
24762,0.7670917,0.016619522,0.21628875
24763,0.54063123,0.059017982,0.40035078
24764,0.8659788,0.008001825,0.12601943
24765,0.96774065,0.0024888096,0.029770553
24766,0.6465647,0.0064982236,0.3469371
24767,0.9118556,0.00885923,0.07928519
24768,0.4390225,0.027787002,0.5331905
24769,0.6283636,0.17559038,0.19604601
24770,0.9757395,0.00097282697,0.023287667
24771,0.014941456,0.0042987466,0.9807598
24772,0.9511672,0.0032925704,0.045540255
24773,0.077157475,0.010499234,0.9123433
24774,0.64340603,0.16744113,0.1891529
24775,0.043351073,0.00913506,0.9475138
24776,0.9395733,0.007727377,0.052699316
24777,0.018177884,0.012698067,0.9691241
24778,0.32564202,0.015703976,0.65865403
24779,0.91265506,0.005208882,0.08213608
24780,0.81727326,0.020089999,0.16263673
24781,0.9876682,0.0026268444,0.009704941
24782,0.025913991,0.03875853,0.9353275
24783,0.43688726,0.055011757,0.508101
24784,0.9754533,0.0051869904,0.01935971
24785,0.14006731,0.003849908,0.8560828
24786,0.96617013,0.0019606971,0.03186913
24787,0.84361863,0.055966828,0.10041455
24788,0.08238268,0.035121895,0.88249546
24789,0.95331275,0.01115892,0.035528276
24790,0.9310895,0.0038164358,0.0650941
24791,0.96015704,0.0032946337,0.0365483
24792,0.7381259,0.009466749,0.25240734
24793,0.9827389,0.0018903057,0.015370774
24794,0.161649,0.0077661043,0.8305848
24795,0.97439915,0.003485511,0.0221153
24796,0.21972913,0.6083826,0.17188825
24797,0.5800349,0.118961446,0.3010036
24798,0.7062388,0.0061425953,0.28761855
24799,0.8890531,0.06364861,0.04729827
24800,0.16693732,0.030766947,0.80229574
24801,0.7919275,0.011338181,0.19673432
24802,0.13086905,0.017559705,0.85157126
24803,0.94317585,0.016606892,0.04021721
24804,0.7057746,0.00422633,0.28999907
24805,0.13795002,0.005528059,0.85652196
24806,0.98833036,0.0010143787,0.010655268
24807,0.18868731,0.023502013,0.7878107
24808,0.77384424,0.0072158487,0.21893992
24809,0.93112797,0.0026415854,0.06623042
24810,0.9669882,0.003955238,0.029056575
24811,0.6780955,0.0032225186,0.318682
24812,0.91074926,0.0032807535,0.08597001
24813,0.96479964,0.011760342,0.02343997
24814,0.02984135,0.0019238101,0.9682349
24815,0.44433898,0.0134032285,0.5422578
24816,0.17279789,0.007482871,0.8197192
24817,0.72087896,0.015295929,0.26382515
24818,0.7913647,0.10617672,0.102458514
24819,0.9544916,0.011649338,0.033859033
24820,0.97170275,0.0072971694,0.021000031
24821,0.989675,0.0019232208,0.00840181
24822,0.005778243,0.0015652126,0.9926565
24823,0.95972294,0.009339633,0.030937452
24824,0.88668305,0.004010128,0.10930675
24825,0.016335433,0.0023057302,0.9813588
24826,0.9127966,0.04642857,0.040774796
24827,0.027290605,0.05986262,0.91284674
24828,0.90495294,0.0041117296,0.09093532
24829,0.08878004,0.014287474,0.89693254
24830,0.4710309,0.0098197255,0.5191494
24831,0.9149832,0.03549934,0.049517468
24832,0.010808607,0.0017242233,0.9874672
24833,0.94274867,0.002588396,0.054662913
24834,0.9675941,0.004698282,0.0277077
24835,0.96995586,0.009642873,0.020401286
24836,0.77465886,0.004516649,0.22082452
24837,0.009073126,0.00067565974,0.9902512
24838,0.97924805,0.0035376493,0.01721434
24839,0.8747992,0.014304994,0.11089581
24840,0.87767494,0.048370484,0.07395464
24841,0.9468795,0.0031636313,0.049956843
24842,0.70807135,0.013196811,0.27873185
24843,0.7944926,0.012278508,0.1932289
24844,0.77703464,0.0036333436,0.21933201
24845,0.12019901,0.0034847213,0.87631625
24846,0.8713507,0.0040602456,0.124589115
24847,0.1392209,0.0065340674,0.85424507
24848,0.97428405,0.0017487234,0.02396727
24849,0.2838365,0.006917445,0.70924604
24850,0.96983194,0.0056336084,0.024534488
24851,0.94151324,0.006662656,0.05182406
24852,0.15856527,0.0059174653,0.8355173
24853,0.9498712,0.024210582,0.025918253
24854,0.9241558,0.006222692,0.06962154
24855,0.8345356,0.011770258,0.15369415
24856,0.79429716,0.004384658,0.20131814
24857,0.94385344,0.005180553,0.050965995
24858,0.8165287,0.09687408,0.08659725
24859,0.09994392,0.007886817,0.89216924
24860,0.5625951,0.036997296,0.40040758
24861,0.9626777,0.005145471,0.032176815
24862,0.9085825,0.0042198664,0.08719757
24863,0.90719384,0.0018691531,0.090936996
24864,0.708974,0.012868921,0.2781571
24865,0.8588872,0.062146775,0.07896599
24866,0.9352154,0.0026702662,0.062114336
24867,0.98185146,0.0033941278,0.014754356
24868,0.986075,0.0028317417,0.011093248
24869,0.06580229,0.1337296,0.8004681
24870,0.9027304,0.010498224,0.08677136
24871,0.8665199,0.027634732,0.10584531
24872,0.3771104,0.049853295,0.5730363
24873,0.9755465,0.0024762498,0.021977318
24874,0.006796452,0.0016842256,0.9915193
24875,0.07937177,0.0049044867,0.91572374
24876,0.20684053,0.009916414,0.783243
24877,0.44395792,0.026085122,0.529957
24878,0.9669448,0.0066621937,0.02639302
24879,0.96093667,0.0026448928,0.036418505
24880,0.97582394,0.00245694,0.021719113
24881,0.9531228,0.0020474652,0.044829767
24882,0.92244834,0.010155485,0.06739613
24883,0.89834833,0.031102736,0.070548944
24884,0.047194608,0.0073582423,0.9454471
24885,0.98609364,0.0011880597,0.0127183115
24886,0.95029235,0.008884725,0.040822927
24887,0.98372746,0.0029923737,0.013280124
24888,0.03732646,0.017660264,0.9450133
24889,0.44339994,0.020253317,0.53634673
24890,0.25686175,0.005298117,0.7378401
24891,0.9375928,0.0021400284,0.060267225
24892,0.95620525,0.002789716,0.04100502
24893,0.97450155,0.0036926826,0.02180569
24894,0.49236965,0.28282,0.22481042
24895,0.9081443,0.051077444,0.040778227
24896,0.0040428606,0.0028422244,0.9931149
24897,0.91097426,0.0061930204,0.08283275
24898,0.24277173,0.030329503,0.7268988
24899,0.5671089,0.023834907,0.4090562
24900,0.3953822,0.010680547,0.5939372
24901,0.025688045,0.014777572,0.95953435
24902,0.98682725,0.0017324196,0.011440308
24903,0.06015506,0.0022875108,0.93755746
24904,0.5119875,0.012693621,0.4753189
24905,0.77138543,0.03016479,0.19844978
24906,0.68555325,0.01867554,0.29577124
24907,0.93877035,0.0050062113,0.056223392
24908,0.96676207,0.0051267426,0.028111173
24909,0.94252807,0.008291929,0.04917997
24910,0.9727585,0.0019353683,0.025306113
24911,0.7275129,0.04310147,0.22938566
24912,0.17397778,0.01165298,0.8143692
24913,0.94211614,0.04236138,0.015522502
24914,0.9673815,0.003570165,0.029048357
24915,0.43025428,0.0119497245,0.557796
24916,0.9576238,0.0072252424,0.035151016
24917,0.95666087,0.01067509,0.032664094
24918,0.9391007,0.0028477793,0.05805148
24919,0.009063913,0.0019956399,0.9889404
24920,0.9791541,0.0010076661,0.019838268
24921,0.95042545,0.00988997,0.039684575
24922,0.88362646,0.007011839,0.109361686
24923,0.952221,0.0048060995,0.042972937
24924,0.958555,0.002648286,0.038796715
24925,0.9546402,0.0032135563,0.042146206
24926,0.6295948,0.011564901,0.3588403
24927,0.019874038,0.0031175169,0.9770084
24928,0.90190446,0.016460251,0.08163525
24929,0.9593005,0.004109121,0.03659041
24930,0.12709978,0.0028615384,0.87003875
24931,0.94951844,0.0016647911,0.048816774
24932,0.9588717,0.010244135,0.030884098
24933,0.98450744,0.0042897435,0.011202745
24934,0.057025768,0.0028952176,0.94007903
24935,0.34779695,0.027544878,0.62465817
24936,0.01688193,0.028254056,0.95486397
24937,0.5315157,0.012257124,0.45622718
24938,0.9178221,0.022889988,0.05928791
24939,0.7019112,0.0047444026,0.29334438
24940,0.9533988,0.0028255924,0.04377561
24941,0.9586593,0.0024117623,0.03892891
24942,0.464347,0.33404303,0.20160995
24943,0.9741632,0.0028076696,0.023029104
24944,0.9743386,0.0015444675,0.024116898
24945,0.59123933,0.010201232,0.3985594
24946,0.043030143,0.018841296,0.9381286
24947,0.90593475,0.007926383,0.08613881
24948,0.9616012,0.002036237,0.036362506
24949,0.47438908,0.1526422,0.3729687
24950,0.42868817,0.01583286,0.555479
24951,0.92898124,0.010361884,0.060656805
24952,0.8976191,0.006028399,0.096352465
24953,0.71502376,0.008402174,0.27657405
24954,0.7146351,0.006344307,0.27902067
24955,0.67489654,0.02375221,0.3013513
24956,0.9154829,0.0058346614,0.07868243
24957,0.9722826,0.0040254258,0.023691978
24958,0.05434862,0.009185561,0.9364658
24959,0.7520537,0.015857551,0.23208876
24960,0.9699392,0.011079303,0.018981578
24961,0.34617713,0.0049661985,0.6488567
24962,0.53011394,0.0061615664,0.46372446
24963,0.9648597,0.007477968,0.027662324
24964,0.9654003,0.011334072,0.023265723
24965,0.95303714,0.0037597937,0.04320309
24966,0.0060964045,0.0009303134,0.9929733
24967,0.9696148,0.010037566,0.02034758
24968,0.94461477,0.0029696974,0.052415513
24969,0.9649072,0.0016827629,0.03340998
24970,0.056726262,0.09781627,0.8454575
24971,0.98122025,0.0025806422,0.016199138
24972,0.40277717,0.0034262552,0.59379655
24973,0.90852547,0.0049232193,0.08655135
24974,0.8979454,0.0077345003,0.094320066
24975,0.6508312,0.0075190174,0.34164977
24976,0.9395114,0.007755631,0.05273298
24977,0.9046836,0.009480144,0.08583632
24978,0.83228624,0.009385646,0.1583281
24979,0.09274098,0.044276398,0.86298263
24980,0.409194,0.10453198,0.48627406
24981,0.8979096,0.0036084885,0.098481975
24982,0.93249846,0.039000493,0.028501052
24983,0.81491137,0.0056710406,0.17941764
24984,0.12107387,0.0187747,0.86015147
24985,0.05332992,0.005224747,0.9414453
24986,0.9740292,0.0027912522,0.023179611
24987,0.88798726,0.006979849,0.10503291
24988,0.9691724,0.014351188,0.016476369
24989,0.9554686,0.0068054567,0.03772594
24990,0.9616541,0.0034282194,0.034917604
24991,0.98223144,0.0038409713,0.013927557
24992,0.3838502,0.14113198,0.47501785
24993,0.016349899,0.003107015,0.9805431
24994,0.1490403,0.0045131026,0.8464466
24995,0.96595865,0.0103362175,0.02370519
24996,0.9367146,0.0074341623,0.055851188
24997,0.9282212,0.017618183,0.054160632
24998,0.92017937,0.003894553,0.07592608
24999,0.93163425,0.003143703,0.065222085
